-- MySQL Administrator dump 1.4
--
-- ------------------------------------------------------
-- Server version	5.6.20


/*!40101 SET @OLD_CHARACTER_SET_CLIENT=@@CHARACTER_SET_CLIENT */;
/*!40101 SET @OLD_CHARACTER_SET_RESULTS=@@CHARACTER_SET_RESULTS */;
/*!40101 SET @OLD_COLLATION_CONNECTION=@@COLLATION_CONNECTION */;
/*!40101 SET NAMES utf8 */;

/*!40014 SET @OLD_UNIQUE_CHECKS=@@UNIQUE_CHECKS, UNIQUE_CHECKS=0 */;
/*!40014 SET @OLD_FOREIGN_KEY_CHECKS=@@FOREIGN_KEY_CHECKS, FOREIGN_KEY_CHECKS=0 */;
/*!40101 SET @OLD_SQL_MODE=@@SQL_MODE, SQL_MODE='NO_AUTO_VALUE_ON_ZERO' */;


--
-- Create schema miana
--

CREATE DATABASE IF NOT EXISTS miana;
USE miana;
CREATE TABLE `bin-path` (
  `id` int(10) unsigned NOT NULL AUTO_INCREMENT,
  `path` longtext NOT NULL,
  PRIMARY KEY (`id`)
) ENGINE=MyISAM AUTO_INCREMENT=7 DEFAULT CHARSET=latin1;
INSERT INTO `bin-path` VALUES  (1,'bin/'),
 (2,'bin/html/'),
 (3,'usr/bootstrap-form-builder/bin/'),
 (4,'bin/node_type/'),
 (5,'bin/user/'),
 (6,'bin/router/');
CREATE TABLE `booting` (
  `id` int(10) unsigned NOT NULL AUTO_INCREMENT,
  `command` varchar(250) NOT NULL,
  `parameters` longtext NOT NULL,
  `priority` int(10) unsigned NOT NULL,
  `ref` varchar(250) NOT NULL,
  PRIMARY KEY (`id`)
) ENGINE=MyISAM AUTO_INCREMENT=3 DEFAULT CHARSET=latin1;
INSERT INTO `booting` VALUES  (2,'commandHelpWikiExport','',0,'550dab23ad6116.34746021');
CREATE TABLE `node_algo` (
  `id` int(10) unsigned NOT NULL AUTO_INCREMENT,
  `group_owner` int(10) unsigned DEFAULT '0',
  `user_owner` int(10) unsigned DEFAULT '0',
  `access` int(11) DEFAULT '3904',
  `modifier` int(10) unsigned DEFAULT '0',
  `modified` datetime DEFAULT NULL,
  `creator` int(10) unsigned DEFAULT '0',
  `created` datetime DEFAULT NULL,
  `title` varchar(250) DEFAULT '',
  PRIMARY KEY (`id`)
) ENGINE=MyISAM AUTO_INCREMENT=5 DEFAULT CHARSET=latin1;
INSERT INTO `node_algo` VALUES  (1,0,0,3904,0,'2015-04-17 19:41:34',0,'2015-03-26 20:33:13','Hola'),
 (2,21,0,3904,0,NULL,0,NULL,'Grupo'),
 (3,0,23,3904,0,NULL,0,NULL,'Propietario'),
 (4,0,0,15,0,NULL,0,NULL,'Todos');
CREATE TABLE `node_formats` (
  `id` int(10) unsigned NOT NULL AUTO_INCREMENT,
  `command` varchar(250) NOT NULL,
  `type` varchar(250) NOT NULL,
  `read` varchar(1) NOT NULL DEFAULT '0',
  `write` varchar(1) NOT NULL DEFAULT '0',
  `default` varchar(1) NOT NULL DEFAULT '0',
  PRIMARY KEY (`id`)
) ENGINE=MyISAM AUTO_INCREMENT=9 DEFAULT CHARSET=latin1;
INSERT INTO `node_formats` VALUES  (1,'formatFieldLongtext','longtext','1','1','1'),
 (2,'formatFieldBool','bool','1','1','1'),
 (3,'formatFieldDouble','double','1','1','1'),
 (4,'formatFieldInteger','integer','1','1','1'),
 (5,'formatFieldString','string','1','1','1'),
 (6,'formatFieldDate','datetime','1','1','1'),
 (7,'formatFieldPassword','password','1','1','1'),
 (8,'formatFieldHtmltext','htmltext','1','1','1');
CREATE TABLE `node_group` (
  `id` int(10) unsigned NOT NULL AUTO_INCREMENT,
  `group_owner` int(10) unsigned DEFAULT '0',
  `user_owner` int(10) unsigned DEFAULT '0',
  `access` int(11) DEFAULT '3904',
  `modifier` int(10) unsigned DEFAULT '0',
  `modified` datetime DEFAULT NULL,
  `creator` int(10) unsigned DEFAULT '0',
  `created` datetime DEFAULT NULL,
  `title` varchar(250) DEFAULT '',
  PRIMARY KEY (`id`)
) ENGINE=MyISAM AUTO_INCREMENT=2815 DEFAULT CHARSET=latin1;
INSERT INTO `node_group` VALUES  (219,0,0,3904,0,NULL,0,NULL,'sudoers'),
 (21,0,0,3904,2,'2015-04-02 23:44:27',2,'2015-04-02 23:44:27','PSF'),
 (1713,0,0,3904,0,'2015-04-18 12:02:01',0,'2015-04-18 12:02:01','testlogin2');
CREATE TABLE `node_notes` (
  `id` int(10) unsigned NOT NULL AUTO_INCREMENT,
  `note` longtext,
  `modifier` int(10) unsigned DEFAULT '0',
  `modified` datetime DEFAULT NULL,
  `creator` int(10) unsigned DEFAULT '0',
  `created` datetime DEFAULT NULL,
  `access` int(11) DEFAULT '3904',
  `group_owner` int(10) unsigned DEFAULT '0',
  `user_owner` int(10) unsigned DEFAULT '0',
  `title` varchar(250) DEFAULT '',
  PRIMARY KEY (`id`)
) ENGINE=MyISAM AUTO_INCREMENT=5 DEFAULT CHARSET=latin1;
INSERT INTO `node_notes` VALUES  (1,NULL,2,'2015-05-02 09:45:17',2,'2015-05-02 09:45:17',3904,0,0,'Note'),
 (2,NULL,2,'2015-05-02 09:49:09',2,'2015-05-02 09:49:09',3904,0,0,'Note'),
 (3,NULL,2,'2015-05-02 10:06:02',2,'2015-05-02 10:06:02',3904,0,0,'otra nota'),
 (4,NULL,2,'2015-05-02 10:11:45',2,'2015-05-02 10:11:45',3904,0,2,'a ver este....');
CREATE TABLE `node_nuevo` (
  `id` int(10) unsigned NOT NULL AUTO_INCREMENT,
  `modifier` int(10) unsigned DEFAULT '0',
  `modified` datetime DEFAULT NULL,
  `creator` int(10) unsigned DEFAULT '0',
  `created` datetime DEFAULT NULL,
  `access` int(11) DEFAULT '3904',
  `group_owner` int(10) unsigned DEFAULT '0',
  `user_owner` int(10) unsigned DEFAULT '0',
  `title` varchar(250) DEFAULT '',
  PRIMARY KEY (`id`)
) ENGINE=MyISAM DEFAULT CHARSET=latin1;
CREATE TABLE `node_otracosa` (
  `id` int(10) unsigned NOT NULL AUTO_INCREMENT,
  `modifier` int(10) unsigned DEFAULT '0',
  `modified` datetime DEFAULT NULL,
  `creator` int(10) unsigned DEFAULT '0',
  `created` datetime DEFAULT NULL,
  `access` int(11) DEFAULT '3904',
  `group_owner` int(10) unsigned DEFAULT '0',
  `user_owner` int(10) unsigned DEFAULT '0',
  `title` varchar(250) DEFAULT '',
  PRIMARY KEY (`id`)
) ENGINE=MyISAM DEFAULT CHARSET=latin1;
CREATE TABLE `node_relation_user_groups_group` (
  `id` int(10) unsigned NOT NULL AUTO_INCREMENT,
  `type1` int(10) unsigned NOT NULL,
  `type2` int(10) unsigned NOT NULL,
  PRIMARY KEY (`id`),
  KEY `type1` (`type1`),
  KEY `type2` (`type2`)
) ENGINE=MyISAM AUTO_INCREMENT=3436 DEFAULT CHARSET=latin1;
INSERT INTO `node_relation_user_groups_group` VALUES  (64,23,219),
 (21,23,21),
 (2144,1713,1713);
CREATE TABLE `node_type` (
  `id` int(10) unsigned NOT NULL AUTO_INCREMENT,
  `name` varchar(250) NOT NULL,
  `created` datetime NOT NULL,
  `creator_node_user` int(10) unsigned NOT NULL COMMENT '''User ID''',
  `modified` datetime NOT NULL,
  `modifier_node_user` int(10) unsigned NOT NULL COMMENT '''User ID''',
  `locked` varchar(1) DEFAULT '0' COMMENT 'System node type',
  `label_field` varchar(250) NOT NULL COMMENT 'Field that I can use to list',
  `user_owner` int(10) unsigned NOT NULL,
  `group_owner` int(10) unsigned NOT NULL,
  `access` int(10) unsigned NOT NULL,
  PRIMARY KEY (`id`)
) ENGINE=MyISAM AUTO_INCREMENT=12121 DEFAULT CHARSET=latin1;
INSERT INTO `node_type` VALUES  (8,'algo','2015-03-21 13:21:14',0,'2015-04-17 18:38:55',0,'0','title',0,0,3904),
 (555,'user','2015-03-21 18:56:43',0,'2015-04-17 17:14:07',0,'1','name',0,0,3904),
 (556,'group','2015-03-21 19:10:19',0,'2015-04-17 17:14:16',0,'1','title',0,0,3904),
 (8180,'otracosa','2015-04-11 17:59:42',0,'2015-04-11 17:59:42',0,'0','title',0,0,3904),
 (8935,'nuevo','2015-04-17 17:03:39',0,'2015-04-17 17:03:39',0,'0','title',0,0,3904),
 (11772,'notes','2015-05-02 09:44:01',0,'2015-05-13 23:48:54',0,'0','title',0,0,15);
CREATE TABLE `node_type_field` (
  `id` int(10) unsigned NOT NULL AUTO_INCREMENT,
  `name` varchar(250) NOT NULL,
  `type` varchar(250) NOT NULL,
  `len` int(10) unsigned NOT NULL,
  `required` varchar(1) NOT NULL DEFAULT '0' COMMENT 'Field required',
  `readonly` varchar(1) NOT NULL DEFAULT '0' COMMENT 'Not writeble field',
  `locked` varchar(1) NOT NULL DEFAULT '0' COMMENT 'The cant be erased of the type',
  `node_type` int(10) unsigned NOT NULL,
  `default` longtext NOT NULL COMMENT 'Default value',
  `label` varchar(250) NOT NULL,
  `help` longtext NOT NULL,
  `multi` varchar(1) NOT NULL DEFAULT '0' COMMENT 'Multivalue',
  `iskey` varchar(1) NOT NULL DEFAULT '0',
  PRIMARY KEY (`id`)
) ENGINE=MyISAM AUTO_INCREMENT=112563 DEFAULT CHARSET=latin1;
INSERT INTO `node_type_field` VALUES  (12403,'modifier','user',0,'0','1','1',556,'0','Modifier user','','0','0'),
 (12402,'modified','datetime',0,'0','1','1',556,'','Modified date','','0','0'),
 (12401,'creator','user',0,'0','1','1',556,'0','User creator','','0','0'),
 (12400,'created','datetime',0,'0','1','1',556,'','Creation date','','0','0'),
 (12399,'title','string',250,'1','0','0',556,'','Title','A title string for this node.','0','0'),
 (12398,'groups','group',0,'0','0','0',555,'0','Groups','User groups','1','0'),
 (12397,'mail','string',250,'0','0','0',555,'','Mail','User email to login.','0','1'),
 (12396,'pass','password',250,'0','0','0',555,'','Password','Password to access.','0','0'),
 (12395,'name','string',250,'0','0','0',555,'','User name','It can be any.','0','0'),
 (12394,'modifier','user',0,'0','1','1',555,'0','Modifier user','','0','0'),
 (12393,'modified','datetime',0,'0','1','1',555,'','Modified date','','0','0'),
 (12392,'creator','user',0,'0','1','1',555,'0','User creator','','0','0'),
 (12391,'created','datetime',0,'0','1','1',555,'','Creation date','','0','0'),
 (9121,'title','string',250,'1','0','0',8,'','Title','A title string for this node.','0','0'),
 (9122,'created','datetime',0,'0','1','1',8,'','Creation date','','0','0'),
 (9123,'creator','user',0,'0','1','1',8,'0','User creator','','0','0'),
 (9124,'modified','datetime',0,'0','1','1',8,'','Modified date','','0','0'),
 (9125,'modifier','user',0,'0','1','1',8,'0','Modifier user','','0','0'),
 (12390,'title','string',250,'1','0','0',555,'','Title','A title string for this node.','0','0'),
 (83178,'group_owner','group',0,'0','0','1',8,'0','Group','Owner group','0','0'),
 (83177,'user_owner','user',0,'0','0','1',8,'0','Owner','Owner user','0','0'),
 (83176,'access','nodesec',0,'0','0','1',8,'3904','Access','Access control flags.','0','0'),
 (83155,'group_owner','group',0,'0','0','1',556,'0','Group','Owner group','0','0'),
 (83153,'user_owner','user',0,'0','0','1',556,'0','Owner','Owner user','0','0'),
 (83154,'group_owner','group',0,'0','0','1',555,'0','Group','Owner group','0','0'),
 (83152,'user_owner','user',0,'0','0','1',555,'0','Owner','Owner user','0','0'),
 (83151,'access','nodesec',0,'0','0','1',556,'3904','Access','Access control flags.','0','0'),
 (83150,'access','nodesec',0,'0','0','1',555,'3904','Access','Access control flags.','0','0'),
 (76155,'modifier','user',0,'0','1','1',8180,'0','Modifier user','','0','0'),
 (76154,'modified','datetime',0,'0','1','1',8180,'','Modified date','','0','0'),
 (76153,'creator','user',0,'0','1','1',8180,'0','User creator','','0','0'),
 (65416,'order','integer',0,'0','0','0',7,'','Field','','0','0'),
 (76152,'created','datetime',0,'0','1','1',8180,'','Creation date','','0','0'),
 (65415,'modifier','user',0,'0','1','1',7,'0','Modifier user','','0','0'),
 (65414,'modified','datetime',0,'0','1','1',7,'','Modified date','','0','0'),
 (65413,'creator','user',0,'0','1','1',7,'0','User creator','','0','0'),
 (65412,'created','datetime',0,'0','1','1',7,'','Creation date','','0','0'),
 (65411,'access','nodesec',0,'0','0','1',7,'3904','Access','Access control flags.','0','0'),
 (65410,'group_owner','group',0,'0','0','1',7,'0','Group','Owner group','0','0'),
 (65409,'user_owner','user',0,'0','0','1',7,'0','Owner','Owner user','0','0'),
 (65408,'title','string',250,'1','0','0',7,'','Title','A title string for this node.','0','0'),
 (76151,'access','nodesec',0,'0','0','1',8180,'3904','Access','Access control flags.','0','0'),
 (76150,'group_owner','group',0,'0','0','1',8180,'0','Group','Owner group','0','0'),
 (76149,'user_owner','user',0,'0','0','1',8180,'0','Owner','Owner user','0','0'),
 (76148,'title','string',250,'1','0','0',8180,'','Title','A title string for this node.','0','0'),
 (83149,'modifier','user',0,'0','1','1',8935,'0','Modifier user','','0','0'),
 (83148,'modified','datetime',0,'0','1','1',8935,'','Modified date','','0','0'),
 (83147,'creator','user',0,'0','1','1',8935,'0','User creator','','0','0'),
 (83142,'title','string',250,'1','0','0',8935,'','Title','A title string for this node.','0','0'),
 (83146,'created','datetime',0,'0','1','1',8935,'','Creation date','','0','0'),
 (83145,'access','nodesec',0,'0','0','1',8935,'3904','Access','Access control flags.','0','0'),
 (83144,'group_owner','group',0,'0','0','1',8935,'0','Group','Owner group','0','0'),
 (83143,'user_owner','user',0,'0','0','1',8935,'0','Owner','Owner user','0','0'),
 (109354,'modifier','user',0,'0','1','1',11772,'0','Modifier user','','0','0'),
 (109353,'modified','datetime',0,'0','1','1',11772,'','Modified date','','0','0'),
 (109352,'creator','user',0,'0','1','1',11772,'0','User creator','','0','0'),
 (109351,'created','datetime',0,'0','1','1',11772,'','Creation date','','0','0'),
 (109350,'access','nodesec',0,'0','0','1',11772,'3904','Access','Access control flags.','0','0'),
 (109349,'group_owner','group',0,'0','0','1',11772,'0','Group','Owner group','0','0'),
 (109348,'user_owner','user',0,'0','0','1',11772,'0','Owner','Owner user','0','0'),
 (109347,'title','string',250,'1','0','0',11772,'','Title','A title string for this node.','0','0'),
 (112562,'note','longtext',0,'1','0','0',11772,'','Note','A long text','0','0');
CREATE TABLE `node_user` (
  `id` int(10) unsigned NOT NULL AUTO_INCREMENT,
  `group_owner` int(10) unsigned DEFAULT '0',
  `user_owner` int(10) unsigned DEFAULT '0',
  `access` int(11) DEFAULT '3904',
  `groups` int(10) unsigned DEFAULT '0',
  `mail` varchar(250) DEFAULT '',
  `pass` varchar(250) DEFAULT NULL,
  `name` varchar(250) DEFAULT '',
  `modifier` int(10) unsigned DEFAULT '0',
  `modified` datetime DEFAULT NULL,
  `creator` int(10) unsigned DEFAULT '0',
  `created` datetime DEFAULT NULL,
  `title` varchar(250) DEFAULT '',
  PRIMARY KEY (`id`)
) ENGINE=MyISAM AUTO_INCREMENT=2815 DEFAULT CHARSET=latin1;
INSERT INTO `node_user` VALUES  (2,0,0,3904,0,'guest@localhost','','guest',1,'0000-00-00 00:00:00',1,'0000-00-00 00:00:00','Guest'),
 (23,0,0,3904,0,'aaaaa976@gmail.com','0cc175b9c0f1b6a831c399e269772661','PSF',2,'2015-04-02 23:44:27',2,'2015-04-02 23:44:27','Pedro Peláez'),
 (1713,0,0,3904,0,'testlogin2@localhost','124653cf9d6a29a3d4b5f264b1105dec','testlogin2',0,'2015-04-18 12:02:01',0,'2015-04-18 12:02:01','testlogin2');
CREATE TABLE `page-blocks` (
  `id` int(10) unsigned NOT NULL AUTO_INCREMENT,
  `idpage` int(10) unsigned NOT NULL,
  `idcol` varchar(250) NOT NULL,
  `command` varchar(250) NOT NULL,
  `parameters` longtext NOT NULL,
  `priority` int(10) unsigned NOT NULL,
  PRIMARY KEY (`id`)
) ENGINE=MyISAM AUTO_INCREMENT=51807 DEFAULT CHARSET=latin1;
INSERT INTO `page-blocks` VALUES  (9,1,'colRight','execForm','',1),
 (10,0,'footCopy','echoHTML','html=%3Ch3%3EPharinix+Copyright+%C2%A9+%3C%3Fphp+echo+date%28%22Y%22%29%3B+%3F%3E+Pedro+Pelaez%3C%2Fh3%3E%0D%0A%3Cdiv%3EThis+program+is+free+software%3B+you+can+redistribute+it+and%2For+modify+it+under+the+terms+of+the+GNU+General+Public+License+as+published+by+the+Free+Software+Foundation%3B+either+version+2+of+the+License%2C+or+%28at+your+option%29+any+later+version.%3Cbr%2F%3E%0D%0A%3Cbr%2F%3E%0D%0AThis+program+is+distributed+in+the+hope+that+it+will+be+useful%2C+but+WITHOUT+ANY+WARRANTY%3B+without+even+the+implied+warranty+of+MERCHANTABILITY+or+FITNESS+FOR+A+PARTICULAR+PURPOSE.++See+the+GNU+General+Public+License+for+more+details.%3Cbr%2F%3E%0D%0A%3Cbr%2F%3E%0D%0AYou+should+have+received+a+copy+of+the+GNU+General+Public+License+along+with+this+program%3B+if+not%2C+write+to+the+Free+Software+Foundation%2C+Inc.%2C+59+Temple+Place+-+Suite+330%2C+Boston%2C+MA++02111-1307%2C+USA.%0D%0A%3C%2Fdiv%3E',0),
 (12,3,'content','echoHTML','html=<h1>Page not found: <?php echo \"\'{$_GET[\"rewrite\"]}\'\";?></h1>',0),
 (14,1,'colLeft','textUrlEncoder','',10),
 (9922,9895,'content','getNodeHtml','nodetype=group&node=7',0),
 (13,4,'content','commandHelp',' ',0),
 (21,10,'content','templateEditor','',0),
 (22,11,'content','iconsList','',0),
 (9919,9892,'content','getNodeHtml','nodetype=user&node=7',0),
 (9918,9891,'content','getNodeHtml','nodetype=group&node=5',0),
 (428,1,'colLeft','manHelpOnline','',1),
 (3214,3191,'content','getNodeTypeDefHtml','nodetype=user',0),
 (3215,3192,'content','getNodeTypeDefHtml','nodetype=group',0),
 (994,972,'content','getNodeTypeDefHtml','nodetype=algo',0),
 (9923,9896,'content','getNodeHtml','nodetype=user&node=9',0),
 (9920,9893,'content','getNodeHtml','nodetype=group&node=6',0),
 (9912,9885,'content','getNodeHtml','nodetype=group&node=2',0),
 (9913,9886,'content','getNodeHtml','nodetype=user&node=4',0),
 (3492,3469,'content','getNodeHtml','nodetype=algo&node=1',0),
 (9921,9894,'content','getNodeHtml','nodetype=user&node=8',0),
 (9917,9890,'content','getNodeHtml','nodetype=user&node=6',0),
 (9914,9887,'content','getNodeHtml','nodetype=group&node=3',0),
 (9915,9888,'content','getNodeHtml','nodetype=user&node=5',0),
 (9916,9889,'content','getNodeHtml','nodetype=group&node=4',0),
 (9924,9897,'content','getNodeHtml','nodetype=group&node=8',0),
 (9925,9898,'content','getNodeHtml','nodetype=user&node=10',0),
 (9926,9899,'content','getNodeHtml','nodetype=group&node=9',0),
 (9927,9900,'content','getNodeHtml','nodetype=user&node=11',0),
 (9928,9901,'content','getNodeHtml','nodetype=group&node=10',0),
 (9929,9902,'content','getNodeHtml','nodetype=user&node=12',0),
 (9930,9903,'content','getNodeHtml','nodetype=group&node=11',0),
 (9931,9904,'content','getNodeHtml','nodetype=user&node=13',0),
 (9932,9905,'content','getNodeHtml','nodetype=group&node=12',0),
 (9934,9907,'content','getNodeHtml','nodetype=group&node=13',0),
 (9936,9909,'content','getNodeHtml','nodetype=group&node=14',0),
 (9941,9914,'content','getNodeHtml','nodetype=user&node=18',0),
 (9940,9913,'content','getNodeHtml','nodetype=group&node=16',0),
 (9950,9923,'content','getNodeHtml','nodetype=group&node=21',0),
 (9951,9924,'content','getNodeHtml','nodetype=user&node=23',0),
 (46873,46837,'bool_write','formatFieldBool','fieldname=testboolwrite&toread=0&towrite=1&value&required=1&readonly=0&system=0&multivalued=0&label=Bool&help=A bool field',0),
 (46872,46837,'longtext_read','formatFieldLongtext','fieldname=testlongtextread&toread=1&towrite=0&value&required=1&readonly=0&system=0&multivalued=0&value=longtext&label=Longtext&help=A long text field',0),
 (46871,46837,'longtext_write','formatFieldLongtext','fieldname=testlongtextwrite&toread=0&towrite=1&value&required=1&readonly=0&system=0&multivalued=0&default=longtext&label=Longtext&help=A long text field',0),
 (45780,0,'mainMenu','menuInlineToHTML','',0),
 (46874,46837,'bool_read','formatFieldBool','fieldname=testboolwrite&toread=1&towrite=0&value=1&required=1&readonly=0&system=0&multivalued=0&label=Bool&help=A bool field',0),
 (38935,38902,'content','getNodeHtml','nodetype=group&node=1713',0),
 (38936,38903,'content','getNodeHtml','nodetype=user&node=1713',0),
 (21426,21393,'content','getNodeHtml','nodetype=user&node=67',0),
 (21425,21392,'content','getNodeHtml','nodetype=group&node=66',0),
 (21423,21390,'content','getNodeHtml','nodetype=group&node=65',0),
 (21424,21391,'content','getNodeHtml','nodetype=user&node=66',0),
 (46876,46837,'double_read','formatFieldDouble','fieldname=testdoubleread&toread=1&towrite=0&value=100&required=1&readonly=0&system=0&multivalued=0&label=Double&help=A double field',0),
 (36346,36313,'content','getNodeTypeDefHtml','nodetype=nuevo',0),
 (46875,46837,'double_write','formatFieldDouble','fieldname=testdoublewrite&toread=0&towrite=1&value=100&required=1&readonly=0&system=0&multivalued=0&label=Double&help=A double field',0),
 (33292,33259,'content','getNodeHtml','nodetype=user&node=1327',0),
 (33291,33258,'content','getNodeHtml','nodetype=group&node=1327',0),
 (32808,32775,'content','getNodeTypeDefHtml','nodetype=otracosa',0),
 (46877,46837,'integer_write','formatFieldInteger','fieldname=testintegerwrite&toread=0&towrite=1&value=100&required=1&readonly=0&system=0&multivalued=0&label=Integer&help=A integer field',0),
 (46878,46837,'integer_read','formatFieldInteger','fieldname=testintegerread&toread=1&towrite=0&value=100&required=1&readonly=0&system=0&multivalued=0&label=Integer&help=A integer field',0),
 (46879,46837,'string_write','formatFieldString','fieldname=teststringwrite&toread=0&towrite=1&value=String&required=1&readonly=0&system=0&multivalued=0&label=String&help=A string field',0),
 (46880,46837,'string_read','formatFieldString','fieldname=teststringread&toread=1&towrite=0&value=String&required=1&readonly=0&system=0&multivalued=0&label=String&help=A string field',0),
 (46881,46837,'password_write','formatFieldPassword','fieldname=testpasswordwrite&toread=0&towrite=1&value=password&required=1&readonly=0&system=0&multivalued=0&label=Password&help=A password field',0),
 (46882,46837,'password_read','formatFieldPassword','fieldname=testpasswordread&toread=1&towrite=0&value=password&required=1&readonly=0&system=0&multivalued=0&label=Password&help=A password field',0),
 (46883,46837,'datetime_write','formatFieldDate','fieldname=testdatewrite&toread=0&towrite=1&value=24-04-2015&required=1&readonly=0&system=0&multivalued=0&label=Date&help=A datetime field',0),
 (46884,46837,'datetime_read','formatFieldDate','fieldname=testdateread&toread=1&towrite=0&value=24-04-2015&required=1&readonly=0&system=0&multivalued=0&label=Date&help=A datetime field',0),
 (46885,46837,'headblock','echoHTML','html=<legend>Formatters demo</legend>',0),
 (47432,47383,'content','echoHTML','html=%3Cdiv%20id%3D%22page-inner%22%3E%0A%20%20%20%20%20%20%20%20%20%20%20%20%20%20%20%20%3Cdiv%20class%3D%22row%22%3E%0A%20%20%20%20%20%20%20%20%20%20%20%20%20%20%20%20%20%20%20%20%3Cdiv%20class%3D%22col-md-12%22%3E%0A%20%20%20%20%20%20%20%20%20%20%20%20%20%20%20%20%20%20%20%20%20%3Ch2%3ETabs%20%26%20Panels%20%3C%2Fh2%3E%20%20%20%0A%20%20%20%20%20%20%20%20%20%20%20%20%20%20%20%20%20%20%20%20%20%20%20%20%3Ch5%3EFree%20Bootstrap%20Admin%20Template%20%3A%20Binary%20Admin%20by%20binarycart.com%3C%2Fh5%3E%0A%20%20%20%20%20%20%20%20%20%20%20%20%20%20%20%20%20%20%20%20%20%20%20%0A%20%20%20%20%20%20%20%20%20%20%20%20%20%20%20%20%20%20%20%20%3C%2Fdiv%3E%0A%20%20%20%20%20%20%20%20%20%20%20%20%20%20%20%20%3C%2Fdiv%3E%0A%20%20%20%20%20%20%20%20%20%20%20%20%20%20%20%20%20%3C!--%20%2F.%20ROW%20%20--%3E%0A%20%20%20%20%20%20%20%20%20%20%20%20%20%20%20%20%20%3Chr%20%2F%3E%0A%20%20%20%20%20%20%20%20%20%20%20%20%20%20%20%20%20%20%20%20%20%20%20%20%20%20%20%20%20%20%20%20%20%0A%20%20%20%20%20%20%20%20%20%20%20%20%3Cdiv%20class%3D%22row%22%3E%0A%20%20%20%20%20%20%20%20%20%20%20%20%20%20%20%20%3Cdiv%20class%3D%22col-md-4%20col-sm-4%22%3E%0A%20%20%20%20%20%20%20%20%20%20%20%20%20%20%20%20%20%20%20%20%3Cdiv%20class%3D%22panel%20panel-default%22%3E%0A%20%20%20%20%20%20%20%20%20%20%20%20%20%20%20%20%20%20%20%20%20%20%20%20%3Cdiv%20class%3D%22panel-heading%22%3E%0A%20%20%20%20%20%20%20%20%20%20%20%20%20%20%20%20%20%20%20%20%20%20%20%20%20%20%20%20Default%20Panel%0A%20%20%20%20%20%20%20%20%20%20%20%20%20%20%20%20%20%20%20%20%20%20%20%20%3C%2Fdiv%3E%0A%20%20%20%20%20%20%20%20%20%20%20%20%20%20%20%20%20%20%20%20%20%20%20%20%3Cdiv%20class%3D%22panel-body%22%3E%0A%20%20%20%20%20%20%20%20%20%20%20%20%20%20%20%20%20%20%20%20%20%20%20%20%20%20%20%20%3Cp%3ELorem%20ipsum%20dolor%20sit%20amet%2C%20consectetur%20adipiscing%20elit.%20Vestibulum%20tincidunt%20est%20vitae%20ultrices%20accumsan.%20Aliquam%20ornare%20lacus%20adipiscing%2C%20posuere%20lectus%20et%2C%20fringilla%20augue.%3C%2Fp%3E%0A%20%20%20%20%20%20%20%20%20%20%20%20%20%20%20%20%20%20%20%20%20%20%20%20%3C%2Fdiv%3E%0A%20%20%20%20%20%20%20%20%20%20%20%20%20%20%20%20%20%20%20%20%20%20%20%20%3Cdiv%20class%3D%22panel-footer%22%3E%0A%20%20%20%20%20%20%20%20%20%20%20%20%20%20%20%20%20%20%20%20%20%20%20%20%20%20%20%20Panel%20Footer%0A%20%20%20%20%20%20%20%20%20%20%20%20%20%20%20%20%20%20%20%20%20%20%20%20%3C%2Fdiv%3E%0A%20%20%20%20%20%20%20%20%20%20%20%20%20%20%20%20%20%20%20%20%3C%2Fdiv%3E%0A%20%20%20%20%20%20%20%20%20%20%20%20%20%20%20%20%3C%2Fdiv%3E%0A%20%20%20%20%20%20%20%20%20%20%20%20%20%20%20%20%3Cdiv%20class%3D%22col-md-4%20col-sm-4%22%3E%0A%20%20%20%20%20%20%20%20%20%20%20%20%20%20%20%20%20%20%20%20%3Cdiv%20class%3D%22panel%20panel-primary%22%3E%0A%20%20%20%20%20%20%20%20%20%20%20%20%20%20%20%20%20%20%20%20%20%20%20%20%3Cdiv%20class%3D%22panel-heading%22%3E%0A%20%20%20%20%20%20%20%20%20%20%20%20%20%20%20%20%20%20%20%20%20%20%20%20%20%20%20%20Primary%20Panel%0A%20%20%20%20%20%20%20%20%20%20%20%20%20%20%20%20%20%20%20%20%20%20%20%20%3C%2Fdiv%3E%0A%20%20%20%20%20%20%20%20%20%20%20%20%20%20%20%20%20%20%20%20%20%20%20%20%3Cdiv%20class%3D%22panel-body%22%3E%0A%20%20%20%20%20%20%20%20%20%20%20%20%20%20%20%20%20%20%20%20%20%20%20%20%20%20%20%20%3Cp%3ELorem%20ipsum%20dolor%20sit%20amet%2C%20consectetur%20adipiscing%20elit.%20Vestibulum%20tincidunt%20est%20vitae%20ultrices%20accumsan.%20Aliquam%20ornare%20lacus%20adipiscing%2C%20posuere%20lectus%20et%2C%20fringilla%20augue.%3C%2Fp%3E%0A%20%20%20%20%20%20%20%20%20%20%20%20%20%20%20%20%20%20%20%20%20%20%20%20%3C%2Fdiv%3E%0A%20%20%20%20%20%20%20%20%20%20%20%20%20%20%20%20%20%20%20%20%20%20%20%20%3Cdiv%20class%3D%22panel-footer%22%3E%0A%20%20%20%20%20%20%20%20%20%20%20%20%20%20%20%20%20%20%20%20%20%20%20%20%20%20%20%20Panel%20Footer%0A%20%20%20%20%20%20%20%20%20%20%20%20%20%20%20%20%20%20%20%20%20%20%20%20%3C%2Fdiv%3E%0A%20%20%20%20%20%20%20%20%20%20%20%20%20%20%20%20%20%20%20%20%3C%2Fdiv%3E%0A%20%20%20%20%20%20%20%20%20%20%20%20%20%20%20%20%3C%2Fdiv%3E%0A%20%20%20%20%20%20%20%20%20%20%20%20%20%20%20%20%3Cdiv%20class%3D%22col-md-4%20col-sm-4%22%3E%0A%20%20%20%20%20%20%20%20%20%20%20%20%20%20%20%20%20%20%20%20%3Cdiv%20class%3D%22panel%20panel-success%22%3E%0A%20%20%20%20%20%20%20%20%20%20%20%20%20%20%20%20%20%20%20%20%20%20%20%20%3Cdiv%20class%3D%22panel-heading%22%3E%0A%20%20%20%20%20%20%20%20%20%20%20%20%20%20%20%20%20%20%20%20%20%20%20%20%20%20%20%20Success%20Panel%0A%20%20%20%20%20%20%20%20%20%20%20%20%20%20%20%20%20%20%20%20%20%20%20%20%3C%2Fdiv%3E%0A%20%20%20%20%20%20%20%20%20%20%20%20%20%20%20%20%20%20%20%20%20%20%20%20%3Cdiv%20class%3D%22panel-body%22%3E%0A%20%20%20%20%20%20%20%20%20%20%20%20%20%20%20%20%20%20%20%20%20%20%20%20%20%20%20%20%3Cp%3ELorem%20ipsum%20dolor%20sit%20amet%2C%20consectetur%20adipiscing%20elit.%20Vestibulum%20tincidunt%20est%20vitae%20ultrices%20accumsan.%20Aliquam%20ornare%20lacus%20adipiscing%2C%20posuere%20lectus%20et%2C%20fringilla%20augue.%3C%2Fp%3E%0A%20%20%20%20%20%20%20%20%20%20%20%20%20%20%20%20%20%20%20%20%20%20%20%20%3C%2Fdiv%3E%0A%20%20%20%20%20%20%20%20%20%20%20%20%20%20%20%20%20%20%20%20%20%20%20%20%3Cdiv%20class%3D%22panel-footer%22%3E%0A%20%20%20%20%20%20%20%20%20%20%20%20%20%20%20%20%20%20%20%20%20%20%20%20%20%20%20%20Panel%20Footer%0A%20%20%20%20%20%20%20%20%20%20%20%20%20%20%20%20%20%20%20%20%20%20%20%20%3C%2Fdiv%3E%0A%20%20%20%20%20%20%20%20%20%20%20%20%20%20%20%20%20%20%20%20%3C%2Fdiv%3E%0A%20%20%20%20%20%20%20%20%20%20%20%20%20%20%20%20%3C%2Fdiv%3E%0A%20%20%20%20%20%20%20%20%20%20%20%20%3C%2Fdiv%3E%0A%20%20%20%20%20%20%20%20%20%20%20%20%20%20%20%20%20%20%20%3C!--%20%2F.%20ROW%20%20--%3E%0A%20%20%20%20%20%20%20%20%20%20%20%20%3Cdiv%20class%3D%22row%22%3E%0A%20%20%20%20%20%20%20%20%20%20%20%20%20%20%20%20%3Cdiv%20class%3D%22col-md-4%20col-sm-4%22%3E%0A%20%20%20%20%20%20%20%20%20%20%20%20%20%20%20%20%20%20%20%20%3Cdiv%20class%3D%22panel%20panel-info%22%3E%0A%20%20%20%20%20%20%20%20%20%20%20%20%20%20%20%20%20%20%20%20%20%20%20%20%3Cdiv%20class%3D%22panel-heading%22%3E%0A%20%20%20%20%20%20%20%20%20%20%20%20%20%20%20%20%20%20%20%20%20%20%20%20%20%20%20%20Info%20Panel%0A%20%20%20%20%20%20%20%20%20%20%20%20%20%20%20%20%20%20%20%20%20%20%20%20%3C%2Fdiv%3E%0A%20%20%20%20%20%20%20%20%20%20%20%20%20%20%20%20%20%20%20%20%20%20%20%20%3Cdiv%20class%3D%22panel-body%22%3E%0A%20%20%20%20%20%20%20%20%20%20%20%20%20%20%20%20%20%20%20%20%20%20%20%20%20%20%20%20%3Cp%3ELorem%20ipsum%20dolor%20sit%20amet%2C%20consectetur%20adipiscing%20elit.%20Vestibulum%20tincidunt%20est%20vitae%20ultrices%20accumsan.%20Aliquam%20ornare%20lacus%20adipiscing%2C%20posuere%20lectus%20et%2C%20fringilla%20augue.%3C%2Fp%3E%0A%20%20%20%20%20%20%20%20%20%20%20%20%20%20%20%20%20%20%20%20%20%20%20%20%3C%2Fdiv%3E%0A%20%20%20%20%20%20%20%20%20%20%20%20%20%20%20%20%20%20%20%20%20%20%20%20%3Cdiv%20class%3D%22panel-footer%22%3E%0A%20%20%20%20%20%20%20%20%20%20%20%20%20%20%20%20%20%20%20%20%20%20%20%20%20%20%20%20Panel%20Footer%0A%20%20%20%20%20%20%20%20%20%20%20%20%20%20%20%20%20%20%20%20%20%20%20%20%3C%2Fdiv%3E%0A%20%20%20%20%20%20%20%20%20%20%20%20%20%20%20%20%20%20%20%20%3C%2Fdiv%3E%0A%20%20%20%20%20%20%20%20%20%20%20%20%20%20%20%20%3C%2Fdiv%3E%0A%20%20%20%20%20%20%20%20%20%20%20%20%20%20%20%20%3Cdiv%20class%3D%22col-md-4%20col-sm-4%22%3E%0A%20%20%20%20%20%20%20%20%20%20%20%20%20%20%20%20%20%20%20%20%3Cdiv%20class%3D%22panel%20panel-warning%22%3E%0A%20%20%20%20%20%20%20%20%20%20%20%20%20%20%20%20%20%20%20%20%20%20%20%20%3Cdiv%20class%3D%22panel-heading%22%3E%0A%20%20%20%20%20%20%20%20%20%20%20%20%20%20%20%20%20%20%20%20%20%20%20%20%20%20%20%20Warning%20Panel%0A%20%20%20%20%20%20%20%20%20%20%20%20%20%20%20%20%20%20%20%20%20%20%20%20%3C%2Fdiv%3E%0A%20%20%20%20%20%20%20%20%20%20%20%20%20%20%20%20%20%20%20%20%20%20%20%20%3Cdiv%20class%3D%22panel-body%22%3E%0A%20%20%20%20%20%20%20%20%20%20%20%20%20%20%20%20%20%20%20%20%20%20%20%20%20%20%20%20%3Cp%3ELorem%20ipsum%20dolor%20sit%20amet%2C%20consectetur%20adipiscing%20elit.%20Vestibulum%20tincidunt%20est%20vitae%20ultrices%20accumsan.%20Aliquam%20ornare%20lacus%20adipiscing%2C%20posuere%20lectus%20et%2C%20fringilla%20augue.%3C%2Fp%3E%0A%20%20%20%20%20%20%20%20%20%20%20%20%20%20%20%20%20%20%20%20%20%20%20%20%3C%2Fdiv%3E%0A%20%20%20%20%20%20%20%20%20%20%20%20%20%20%20%20%20%20%20%20%20%20%20%20%3Cdiv%20class%3D%22panel-footer%22%3E%0A%20%20%20%20%20%20%20%20%20%20%20%20%20%20%20%20%20%20%20%20%20%20%20%20%20%20%20%20Panel%20Footer%0A%20%20%20%20%20%20%20%20%20%20%20%20%20%20%20%20%20%20%20%20%20%20%20%20%3C%2Fdiv%3E%0A%20%20%20%20%20%20%20%20%20%20%20%20%20%20%20%20%20%20%20%20%3C%2Fdiv%3E%0A%20%20%20%20%20%20%20%20%20%20%20%20%20%20%20%20%3C%2Fdiv%3E%0A%20%20%20%20%20%20%20%20%20%20%20%20%20%20%20%20%3Cdiv%20class%3D%22col-md-4%20col-sm-4%22%3E%0A%20%20%20%20%20%20%20%20%20%20%20%20%20%20%20%20%20%20%20%20%3Cdiv%20class%3D%22panel%20panel-danger%22%3E%0A%20%20%20%20%20%20%20%20%20%20%20%20%20%20%20%20%20%20%20%20%20%20%20%20%3Cdiv%20class%3D%22panel-heading%22%3E%0A%20%20%20%20%20%20%20%20%20%20%20%20%20%20%20%20%20%20%20%20%20%20%20%20%20%20%20%20Danger%20Panel%0A%20%20%20%20%20%20%20%20%20%20%20%20%20%20%20%20%20%20%20%20%20%20%20%20%3C%2Fdiv%3E%0A%20%20%20%20%20%20%20%20%20%20%20%20%20%20%20%20%20%20%20%20%20%20%20%20%3Cdiv%20class%3D%22panel-body%22%3E%0A%20%20%20%20%20%20%20%20%20%20%20%20%20%20%20%20%20%20%20%20%20%20%20%20%20%20%20%20%3Cp%3ELorem%20ipsum%20dolor%20sit%20amet%2C%20consectetur%20adipiscing%20elit.%20Vestibulum%20tincidunt%20est%20vitae%20ultrices%20accumsan.%20Aliquam%20ornare%20lacus%20adipiscing%2C%20posuere%20lectus%20et%2C%20fringilla%20augue.%3C%2Fp%3E%0A%20%20%20%20%20%20%20%20%20%20%20%20%20%20%20%20%20%20%20%20%20%20%20%20%3C%2Fdiv%3E%0A%20%20%20%20%20%20%20%20%20%20%20%20%20%20%20%20%20%20%20%20%20%20%20%20%3Cdiv%20class%3D%22panel-footer%22%3E%0A%20%20%20%20%20%20%20%20%20%20%20%20%20%20%20%20%20%20%20%20%20%20%20%20%20%20%20%20Panel%20Footer%0A%20%20%20%20%20%20%20%20%20%20%20%20%20%20%20%20%20%20%20%20%20%20%20%20%3C%2Fdiv%3E%0A%20%20%20%20%20%20%20%20%20%20%20%20%20%20%20%20%20%20%20%20%3C%2Fdiv%3E%0A%20%20%20%20%20%20%20%20%20%20%20%20%20%20%20%20%3C%2Fdiv%3E%0A%20%20%20%20%20%20%20%20%20%20%20%20%3C%2Fdiv%3E%0A%20%20%20%20%20%20%20%20%20%20%20%20%20%20%20%20%20%20%20%20%3C!--%20%2F.%20ROW%20%20--%3E%0A%20%20%20%20%20%20%20%20%20%20%20%20%3Cdiv%20class%3D%22row%22%3E%0A%20%20%20%20%20%20%20%20%20%20%20%20%20%20%20%20%3Cdiv%20class%3D%22col-md-12%22%3E%0A%20%20%20%20%20%20%20%20%20%20%20%20%20%20%20%20%20%20%20%20%3Cdiv%20class%3D%22panel%20panel-default%22%3E%0A%20%20%20%20%20%20%20%20%20%20%20%20%20%20%20%20%20%20%20%20%20%20%20%20%3Cdiv%20class%3D%22panel-heading%22%3E%0A%20%20%20%20%20%20%20%20%20%20%20%20%20%20%20%20%20%20%20%20%20%20%20%20%20%20%20%20Collapsible%20Accordion%20Panel%20Group%0A%20%20%20%20%20%20%20%20%20%20%20%20%20%20%20%20%20%20%20%20%20%20%20%20%3C%2Fdiv%3E%0A%20%20%20%20%20%20%20%20%20%20%20%20%20%20%20%20%20%20%20%20%20%20%20%20%3Cdiv%20class%3D%22panel-body%22%3E%0A%20%20%20%20%20%20%20%20%20%20%20%20%20%20%20%20%20%20%20%20%20%20%20%20%20%20%20%20%3Cdiv%20class%3D%22panel-group%22%20id%3D%22accordion%22%3E%0A%20%20%20%20%20%20%20%20%20%20%20%20%20%20%20%20%20%20%20%20%20%20%20%20%20%20%20%20%20%20%20%20%3Cdiv%20class%3D%22panel%20panel-default%22%3E%0A%20%20%20%20%20%20%20%20%20%20%20%20%20%20%20%20%20%20%20%20%20%20%20%20%20%20%20%20%20%20%20%20%20%20%20%20%3Cdiv%20class%3D%22panel-heading%22%3E%0A%20%20%20%20%20%20%20%20%20%20%20%20%20%20%20%20%20%20%20%20%20%20%20%20%20%20%20%20%20%20%20%20%20%20%20%20%20%20%20%20%3Ch4%20class%3D%22panel-title%22%3E%0A%20%20%20%20%20%20%20%20%20%20%20%20%20%20%20%20%20%20%20%20%20%20%20%20%20%20%20%20%20%20%20%20%20%20%20%20%20%20%20%20%20%20%20%20%3Ca%20data-toggle%3D%22collapse%22%20data-parent%3D%22%23accordion%22%20href%3D%22%23collapseOne%22%20class%3D%22collapsed%22%3ECollapsible%20Group%20Item%20%231%3C%2Fa%3E%0A%20%20%20%20%20%20%20%20%20%20%20%20%20%20%20%20%20%20%20%20%20%20%20%20%20%20%20%20%20%20%20%20%20%20%20%20%20%20%20%20%3C%2Fh4%3E%0A%20%20%20%20%20%20%20%20%20%20%20%20%20%20%20%20%20%20%20%20%20%20%20%20%20%20%20%20%20%20%20%20%20%20%20%20%3C%2Fdiv%3E%0A%20%20%20%20%20%20%20%20%20%20%20%20%20%20%20%20%20%20%20%20%20%20%20%20%20%20%20%20%20%20%20%20%20%20%20%20%3Cdiv%20id%3D%22collapseOne%22%20class%3D%22panel-collapse%20collapse%22%20style%3D%22height%3A%200px%3B%22%3E%0A%20%20%20%20%20%20%20%20%20%20%20%20%20%20%20%20%20%20%20%20%20%20%20%20%20%20%20%20%20%20%20%20%20%20%20%20%20%20%20%20%3Cdiv%20class%3D%22panel-body%22%3E%0A%20%20%20%20%20%20%20%20%20%20%20%20%20%20%20%20%20%20%20%20%20%20%20%20%20%20%20%20%20%20%20%20%20%20%20%20%20%20%20%20%20%20%20%20Lorem%20ipsum%20dolor%20sit%20amet%2C%20consectetur%20adipisicing%20elit%2C%20sed%20do%20eiusmod%20tempor%20incididunt%20ut%20labore%20et%20dolore%20magna%20aliqua.%20Ut%20enim%20ad%20minim%20veniam%2C%20quis%20nostrud%20exercitation%20ullamco%20laboris%20nisi%20ut%20aliquip%20ex%20ea%20commodo%20consequat.%20Duis%20aute%20irure%20dolor%20in%20reprehenderit%20in%20voluptate%20velit%20esse%20cillum%20dolore%20eu%20fugiat%20nulla%20pariatur.%20Excepteur%20sint%20occaecat%20cupidatat%20non%20proident%2C%20sunt%20in%20culpa%20qui%20officia%20deserunt%20mollit%20anim%20id%20est%20laborum.%0A%20%20%20%20%20%20%20%20%20%20%20%20%20%20%20%20%20%20%20%20%20%20%20%20%20%20%20%20%20%20%20%20%20%20%20%20%20%20%20%20%3C%2Fdiv%3E%0A%20%20%20%20%20%20%20%20%20%20%20%20%20%20%20%20%20%20%20%20%20%20%20%20%20%20%20%20%20%20%20%20%20%20%20%20%3C%2Fdiv%3E%0A%20%20%20%20%20%20%20%20%20%20%20%20%20%20%20%20%20%20%20%20%20%20%20%20%20%20%20%20%20%20%20%20%3C%2Fdiv%3E%0A%20%20%20%20%20%20%20%20%20%20%20%20%20%20%20%20%20%20%20%20%20%20%20%20%20%20%20%20%20%20%20%20%3Cdiv%20class%3D%22panel%20panel-default%22%3E%0A%20%20%20%20%20%20%20%20%20%20%20%20%20%20%20%20%20%20%20%20%20%20%20%20%20%20%20%20%20%20%20%20%20%20%20%20%3Cdiv%20class%3D%22panel-heading%22%3E%0A%20%20%20%20%20%20%20%20%20%20%20%20%20%20%20%20%20%20%20%20%20%20%20%20%20%20%20%20%20%20%20%20%20%20%20%20%20%20%20%20%3Ch4%20class%3D%22panel-title%22%3E%0A%20%20%20%20%20%20%20%20%20%20%20%20%20%20%20%20%20%20%20%20%20%20%20%20%20%20%20%20%20%20%20%20%20%20%20%20%20%20%20%20%20%20%20%20%3Ca%20data-toggle%3D%22collapse%22%20data-parent%3D%22%23accordion%22%20href%3D%22%23collapseTwo%22%3ECollapsible%20Group%20Item%20%232%3C%2Fa%3E%0A%20%20%20%20%20%20%20%20%20%20%20%20%20%20%20%20%20%20%20%20%20%20%20%20%20%20%20%20%20%20%20%20%20%20%20%20%20%20%20%20%3C%2Fh4%3E%0A%20%20%20%20%20%20%20%20%20%20%20%20%20%20%20%20%20%20%20%20%20%20%20%20%20%20%20%20%20%20%20%20%20%20%20%20%3C%2Fdiv%3E%0A%20%20%20%20%20%20%20%20%20%20%20%20%20%20%20%20%20%20%20%20%20%20%20%20%20%20%20%20%20%20%20%20%20%20%20%20%3Cdiv%20id%3D%22collapseTwo%22%20class%3D%22panel-collapse%20in%22%20style%3D%22height%3A%20auto%3B%22%3E%0A%20%20%20%20%20%20%20%20%20%20%20%20%20%20%20%20%20%20%20%20%20%20%20%20%20%20%20%20%20%20%20%20%20%20%20%20%20%20%20%20%3Cdiv%20class%3D%22panel-body%22%3E%0A%20%20%20%20%20%20%20%20%20%20%20%20%20%20%20%20%20%20%20%20%20%20%20%20%20%20%20%20%20%20%20%20%20%20%20%20%20%20%20%20%20%20%20%20Lorem%20ipsum%20dolor%20sit%20amet%2C%20consectetur%20adipisicing%20elit%2C%20sed%20do%20eiusmod%20tempor%20incididunt%20ut%20labore%20et%20dolore%20magna%20aliqua.%20Ut%20enim%20ad%20minim%20veniam%2C%20quis%20nostrud%20exercitation%20ullamco%20laboris%20nisi%20ut%20aliquip%20ex%20ea%20commodo%20consequat.%20Duis%20aute%20irure%20dolor%20in%20reprehenderit%20in%20voluptate%20velit%20esse%20cillum%20dolore%20eu%20fugiat%20nulla%20pariatur.%20Excepteur%20sint%20occaecat%20cupidatat%20non%20proident%2C%20sunt%20in%20culpa%20qui%20officia%20deserunt%20mollit%20anim%20id%20est%20laborum.%0A%20%20%20%20%20%20%20%20%20%20%20%20%20%20%20%20%20%20%20%20%20%20%20%20%20%20%20%20%20%20%20%20%20%20%20%20%20%20%20%20%3C%2Fdiv%3E%0A%20%20%20%20%20%20%20%20%20%20%20%20%20%20%20%20%20%20%20%20%20%20%20%20%20%20%20%20%20%20%20%20%20%20%20%20%3C%2Fdiv%3E%0A%20%20%20%20%20%20%20%20%20%20%20%20%20%20%20%20%20%20%20%20%20%20%20%20%20%20%20%20%20%20%20%20%3C%2Fdiv%3E%0A%20%20%20%20%20%20%20%20%20%20%20%20%20%20%20%20%20%20%20%20%20%20%20%20%20%20%20%20%20%20%20%20%3Cdiv%20class%3D%22panel%20panel-default%22%3E%0A%20%20%20%20%20%20%20%20%20%20%20%20%20%20%20%20%20%20%20%20%20%20%20%20%20%20%20%20%20%20%20%20%20%20%20%20%3Cdiv%20class%3D%22panel-heading%22%3E%0A%20%20%20%20%20%20%20%20%20%20%20%20%20%20%20%20%20%20%20%20%20%20%20%20%20%20%20%20%20%20%20%20%20%20%20%20%20%20%20%20%3Ch4%20class%3D%22panel-title%22%3E%0A%20%20%20%20%20%20%20%20%20%20%20%20%20%20%20%20%20%20%20%20%20%20%20%20%20%20%20%20%20%20%20%20%20%20%20%20%20%20%20%20%20%20%20%20%3Ca%20data-toggle%3D%22collapse%22%20data-parent%3D%22%23accordion%22%20href%3D%22%23collapseThree%22%20class%3D%22collapsed%22%3ECollapsible%20Group%20Item%20%233%3C%2Fa%3E%0A%20%20%20%20%20%20%20%20%20%20%20%20%20%20%20%20%20%20%20%20%20%20%20%20%20%20%20%20%20%20%20%20%20%20%20%20%20%20%20%20%3C%2Fh4%3E%0A%20%20%20%20%20%20%20%20%20%20%20%20%20%20%20%20%20%20%20%20%20%20%20%20%20%20%20%20%20%20%20%20%20%20%20%20%3C%2Fdiv%3E%0A%20%20%20%20%20%20%20%20%20%20%20%20%20%20%20%20%20%20%20%20%20%20%20%20%20%20%20%20%20%20%20%20%20%20%20%20%3Cdiv%20id%3D%22collapseThree%22%20class%3D%22panel-collapse%20collapse%22%3E%0A%20%20%20%20%20%20%20%20%20%20%20%20%20%20%20%20%20%20%20%20%20%20%20%20%20%20%20%20%20%20%20%20%20%20%20%20%20%20%20%20%3Cdiv%20class%3D%22panel-body%22%3E%0A%20%20%20%20%20%20%20%20%20%20%20%20%20%20%20%20%20%20%20%20%20%20%20%20%20%20%20%20%20%20%20%20%20%20%20%20%20%20%20%20%20%20%20%20Lorem%20ipsum%20dolor%20sit%20amet%2C%20consectetur%20adipisicing%20elit%2C%20sed%20do%20eiusmod%20tempor%20incididunt%20ut%20labore%20et%20dolore%20magna%20aliqua.%20Ut%20enim%20ad%20minim%20veniam%2C%20quis%20nostrud%20exercitation%20ullamco%20laboris%20nisi%20ut%20aliquip%20ex%20ea%20commodo%20consequat.%20Duis%20aute%20irure%20dolor%20in%20reprehenderit%20in%20voluptate%20velit%20esse%20cillum%20dolore%20eu%20fugiat%20nulla%20pariatur.%20Excepteur%20sint%20occaecat%20cupidatat%20non%20proident%2C%20sunt%20in%20culpa%20qui%20officia%20deserunt%20mollit%20anim%20id%20est%20laborum.%0A%20%20%20%20%20%20%20%20%20%20%20%20%20%20%20%20%20%20%20%20%20%20%20%20%20%20%20%20%20%20%20%20%20%20%20%20%20%20%20%20%3C%2Fdiv%3E%0A%20%20%20%20%20%20%20%20%20%20%20%20%20%20%20%20%20%20%20%20%20%20%20%20%20%20%20%20%20%20%20%20%20%20%20%20%3C%2Fdiv%3E%0A%20%20%20%20%20%20%20%20%20%20%20%20%20%20%20%20%20%20%20%20%20%20%20%20%20%20%20%20%20%20%20%20%3C%2Fdiv%3E%0A%20%20%20%20%20%20%20%20%20%20%20%20%20%20%20%20%20%20%20%20%20%20%20%20%20%20%20%20%3C%2Fdiv%3E%0A%20%20%20%20%20%20%20%20%20%20%20%20%20%20%20%20%20%20%20%20%20%20%20%20%3C%2Fdiv%3E%0A%20%20%20%20%20%20%20%20%20%20%20%20%20%20%20%20%20%20%20%20%3C%2Fdiv%3E%0A%20%20%20%20%20%20%20%20%20%20%20%20%20%20%20%20%3C%2Fdiv%3E%0A%20%20%20%20%20%20%20%20%20%20%20%20%3C%2Fdiv%3E%0A%20%20%20%20%20%20%20%20%20%20%20%20%20%20%20%20%20%20%20%20%3C!--%20%2F.%20ROW%20%20--%3E%0A%20%20%20%20%20%20%20%20%20%20%20%20%3Cdiv%20class%3D%22row%22%3E%0A%20%20%20%20%20%20%20%20%20%20%20%20%20%20%20%20%3Cdiv%20class%3D%22col-md-6%20col-sm-6%22%3E%0A%20%20%20%20%20%20%20%20%20%20%20%20%20%20%20%20%20%20%20%20%3Cdiv%20class%3D%22panel%20panel-default%22%3E%0A%20%20%20%20%20%20%20%20%20%20%20%20%20%20%20%20%20%20%20%20%20%20%20%20%3Cdiv%20class%3D%22panel-heading%22%3E%0A%20%20%20%20%20%20%20%20%20%20%20%20%20%20%20%20%20%20%20%20%20%20%20%20%20%20%20%20Basic%20Tabs%0A%20%20%20%20%20%20%20%20%20%20%20%20%20%20%20%20%20%20%20%20%20%20%20%20%3C%2Fdiv%3E%0A%20%20%20%20%20%20%20%20%20%20%20%20%20%20%20%20%20%20%20%20%20%20%20%20%3Cdiv%20class%3D%22panel-body%22%3E%0A%20%20%20%20%20%20%20%20%20%20%20%20%20%20%20%20%20%20%20%20%20%20%20%20%20%20%20%20%3Cul%20class%3D%22nav%20nav-tabs%22%3E%0A%20%20%20%20%20%20%20%20%20%20%20%20%20%20%20%20%20%20%20%20%20%20%20%20%20%20%20%20%20%20%20%20%3Cli%20class%3D%22active%22%3E%3Ca%20href%3D%22%23home%22%20data-toggle%3D%22tab%22%3EHome%3C%2Fa%3E%0A%20%20%20%20%20%20%20%20%20%20%20%20%20%20%20%20%20%20%20%20%20%20%20%20%20%20%20%20%20%20%20%20%3C%2Fli%3E%0A%20%20%20%20%20%20%20%20%20%20%20%20%20%20%20%20%20%20%20%20%20%20%20%20%20%20%20%20%20%20%20%20%3Cli%20class%3D%22%22%3E%3Ca%20href%3D%22%23profile%22%20data-toggle%3D%22tab%22%3EProfile%3C%2Fa%3E%0A%20%20%20%20%20%20%20%20%20%20%20%20%20%20%20%20%20%20%20%20%20%20%20%20%20%20%20%20%20%20%20%20%3C%2Fli%3E%0A%20%20%20%20%20%20%20%20%20%20%20%20%20%20%20%20%20%20%20%20%20%20%20%20%20%20%20%20%20%20%20%20%3Cli%20class%3D%22%22%3E%3Ca%20href%3D%22%23messages%22%20data-toggle%3D%22tab%22%3EMessages%3C%2Fa%3E%0A%20%20%20%20%20%20%20%20%20%20%20%20%20%20%20%20%20%20%20%20%20%20%20%20%20%20%20%20%20%20%20%20%3C%2Fli%3E%0A%20%20%20%20%20%20%20%20%20%20%20%20%20%20%20%20%20%20%20%20%20%20%20%20%20%20%20%20%20%20%20%20%3Cli%20class%3D%22%22%3E%3Ca%20href%3D%22%23settings%22%20data-toggle%3D%22tab%22%3ESettings%3C%2Fa%3E%0A%20%20%20%20%20%20%20%20%20%20%20%20%20%20%20%20%20%20%20%20%20%20%20%20%20%20%20%20%20%20%20%20%3C%2Fli%3E%0A%20%20%20%20%20%20%20%20%20%20%20%20%20%20%20%20%20%20%20%20%20%20%20%20%20%20%20%20%3C%2Ful%3E%0A%0A%20%20%20%20%20%20%20%20%20%20%20%20%20%20%20%20%20%20%20%20%20%20%20%20%20%20%20%20%3Cdiv%20class%3D%22tab-content%22%3E%0A%20%20%20%20%20%20%20%20%20%20%20%20%20%20%20%20%20%20%20%20%20%20%20%20%20%20%20%20%20%20%20%20%3Cdiv%20class%3D%22tab-pane%20fade%20active%20in%22%20id%3D%22home%22%3E%0A%20%20%20%20%20%20%20%20%20%20%20%20%20%20%20%20%20%20%20%20%20%20%20%20%20%20%20%20%20%20%20%20%20%20%20%20%3Ch4%3EHome%20Tab%3C%2Fh4%3E%0A%20%20%20%20%20%20%20%20%20%20%20%20%20%20%20%20%20%20%20%20%20%20%20%20%20%20%20%20%20%20%20%20%20%20%20%20%3Cp%3ELorem%20ipsum%20dolor%20sit%20amet%2C%20consectetur%20adipisicing%20elit%2C%20sed%20do%20eiusmod%20tempor%20incididunt%20ut%20labore%20et%20dolore%20magna%20aliqua.%20Ut%20enim%20ad%20minim%20veniam%2C%20quis%20nostrud%20exercitation%20ullamco%20laboris%20nisi%20ut%20aliquip%20ex%20ea%20commodo%20consequat.%20Duis%20aute%20irure%20dolor%20in%20reprehenderit%20in%20voluptate%20velit%20esse%20cillum%20dolore%20eu%20fugiat%20nulla%20pariatur.%20Excepteur%20sint%20occaecat%20cupidatat%20non%20proident%2C%20sunt%20in%20culpa%20qui%20officia%20deserunt%20mollit%20anim%20id%20est%20laborum.%3C%2Fp%3E%0A%20%20%20%20%20%20%20%20%20%20%20%20%20%20%20%20%20%20%20%20%20%20%20%20%20%20%20%20%20%20%20%20%3C%2Fdiv%3E%0A%20%20%20%20%20%20%20%20%20%20%20%20%20%20%20%20%20%20%20%20%20%20%20%20%20%20%20%20%20%20%20%20%3Cdiv%20class%3D%22tab-pane%20fade%22%20id%3D%22profile%22%3E%0A%20%20%20%20%20%20%20%20%20%20%20%20%20%20%20%20%20%20%20%20%20%20%20%20%20%20%20%20%20%20%20%20%20%20%20%20%3Ch4%3EProfile%20Tab%3C%2Fh4%3E%0A%20%20%20%20%20%20%20%20%20%20%20%20%20%20%20%20%20%20%20%20%20%20%20%20%20%20%20%20%20%20%20%20%20%20%20%20%3Cp%3ELorem%20ipsum%20dolor%20sit%20amet%2C%20consectetur%20adipisicing%20elit%2C%20sed%20do%20eiusmod%20tempor%20incididunt%20ut%20labore%20et%20dolore%20magna%20aliqua.%20Ut%20enim%20ad%20minim%20veniam%2C%20quis%20nostrud%20exercitation%20ullamco%20laboris%20nisi%20ut%20aliquip%20ex%20ea%20commodo%20consequat.%20Duis%20aute%20irure%20dolor%20in%20reprehenderit%20in%20voluptate%20velit%20esse%20cillum%20dolore%20eu%20fugiat%20nulla%20pariatur.%20Excepteur%20sint%20occaecat%20cupidatat%20non%20proident%2C%20sunt%20in%20culpa%20qui%20officia%20deserunt%20mollit%20anim%20id%20est%20laborum.%3C%2Fp%3E%0A%20%20%20%20%20%20%20%20%20%20%20%20%20%20%20%20%20%20%20%20%20%20%20%20%20%20%20%20%20%20%20%20%3C%2Fdiv%3E%0A%20%20%20%20%20%20%20%20%20%20%20%20%20%20%20%20%20%20%20%20%20%20%20%20%20%20%20%20%20%20%20%20%3Cdiv%20class%3D%22tab-pane%20fade%22%20id%3D%22messages%22%3E%0A%20%20%20%20%20%20%20%20%20%20%20%20%20%20%20%20%20%20%20%20%20%20%20%20%20%20%20%20%20%20%20%20%20%20%20%20%3Ch4%3EMessages%20Tab%3C%2Fh4%3E%0A%20%20%20%20%20%20%20%20%20%20%20%20%20%20%20%20%20%20%20%20%20%20%20%20%20%20%20%20%20%20%20%20%20%20%20%20%3Cp%3ELorem%20ipsum%20dolor%20sit%20amet%2C%20consectetur%20adipisicing%20elit%2C%20sed%20do%20eiusmod%20tempor%20incididunt%20ut%20labore%20et%20dolore%20magna%20aliqua.%20Ut%20enim%20ad%20minim%20veniam%2C%20quis%20nostrud%20exercitation%20ullamco%20laboris%20nisi%20ut%20aliquip%20ex%20ea%20commodo%20consequat.%20Duis%20aute%20irure%20dolor%20in%20reprehenderit%20in%20voluptate%20velit%20esse%20cillum%20dolore%20eu%20fugiat%20nulla%20pariatur.%20Excepteur%20sint%20occaecat%20cupidatat%20non%20proident%2C%20sunt%20in%20culpa%20qui%20officia%20deserunt%20mollit%20anim%20id%20est%20laborum.%3C%2Fp%3E%0A%20%20%20%20%20%20%20%20%20%20%20%20%20%20%20%20%20%20%20%20%20%20%20%20%20%20%20%20%20%20%20%20%3C%2Fdiv%3E%0A%20%20%20%20%20%20%20%20%20%20%20%20%20%20%20%20%20%20%20%20%20%20%20%20%20%20%20%20%20%20%20%20%3Cdiv%20class%3D%22tab-pane%20fade%22%20id%3D%22settings%22%3E%0A%20%20%20%20%20%20%20%20%20%20%20%20%20%20%20%20%20%20%20%20%20%20%20%20%20%20%20%20%20%20%20%20%20%20%20%20%3Ch4%3ESettings%20Tab%3C%2Fh4%3E%0A%20%20%20%20%20%20%20%20%20%20%20%20%20%20%20%20%20%20%20%20%20%20%20%20%20%20%20%20%20%20%20%20%20%20%20%20%3Cp%3ELorem%20ipsum%20dolor%20sit%20amet%2C%20consectetur%20adipisicing%20elit%2C%20sed%20do%20eiusmod%20tempor%20incididunt%20ut%20labore%20et%20dolore%20magna%20aliqua.%20Ut%20enim%20ad%20minim%20veniam%2C%20quis%20nostrud%20exercitation%20ullamco%20laboris%20nisi%20ut%20aliquip%20ex%20ea%20commodo%20consequat.%20Duis%20aute%20irure%20dolor%20in%20reprehenderit%20in%20voluptate%20velit%20esse%20cillum%20dolore%20eu%20fugiat%20nulla%20pariatur.%20Excepteur%20sint%20occaecat%20cupidatat%20non%20proident%2C%20sunt%20in%20culpa%20qui%20officia%20deserunt%20mollit%20anim%20id%20est%20laborum.%3C%2Fp%3E%0A%20%20%20%20%20%20%20%20%20%20%20%20%20%20%20%20%20%20%20%20%20%20%20%20%20%20%20%20%20%20%20%20%3C%2Fdiv%3E%0A%20%20%20%20%20%20%20%20%20%20%20%20%20%20%20%20%20%20%20%20%20%20%20%20%20%20%20%20%3C%2Fdiv%3E%0A%20%20%20%20%20%20%20%20%20%20%20%20%20%20%20%20%20%20%20%20%20%20%20%20%3C%2Fdiv%3E%0A%20%20%20%20%20%20%20%20%20%20%20%20%20%20%20%20%20%20%20%20%3C%2Fdiv%3E%0A%20%20%20%20%20%20%20%20%20%20%20%20%20%20%20%20%3C%2Fdiv%3E%0A%20%20%20%20%20%20%20%20%20%20%20%20%20%20%20%20%3Cdiv%20class%3D%22col-md-6%20col-sm-6%22%3E%0A%20%20%20%20%20%20%20%20%20%20%20%20%20%20%20%20%20%20%20%20%3Cdiv%20class%3D%22panel%20panel-default%22%3E%0A%20%20%20%20%20%20%20%20%20%20%20%20%20%20%20%20%20%20%20%20%20%20%20%20%3Cdiv%20class%3D%22panel-heading%22%3E%0A%20%20%20%20%20%20%20%20%20%20%20%20%20%20%20%20%20%20%20%20%20%20%20%20%20%20%20%20Pill%20Tabs%0A%20%20%20%20%20%20%20%20%20%20%20%20%20%20%20%20%20%20%20%20%20%20%20%20%3C%2Fdiv%3E%0A%20%20%20%20%20%20%20%20%20%20%20%20%20%20%20%20%20%20%20%20%20%20%20%20%3Cdiv%20class%3D%22panel-body%22%3E%0A%20%20%20%20%20%20%20%20%20%20%20%20%20%20%20%20%20%20%20%20%20%20%20%20%20%20%20%20%3Cul%20class%3D%22nav%20nav-pills%22%3E%0A%20%20%20%20%20%20%20%20%20%20%20%20%20%20%20%20%20%20%20%20%20%20%20%20%20%20%20%20%20%20%20%20%3Cli%20class%3D%22%22%3E%3Ca%20href%3D%22%23home-pills%22%20data-toggle%3D%22tab%22%3EHome%3C%2Fa%3E%0A%20%20%20%20%20%20%20%20%20%20%20%20%20%20%20%20%20%20%20%20%20%20%20%20%20%20%20%20%20%20%20%20%3C%2Fli%3E%0A%20%20%20%20%20%20%20%20%20%20%20%20%20%20%20%20%20%20%20%20%20%20%20%20%20%20%20%20%20%20%20%20%3Cli%20class%3D%22%22%3E%3Ca%20href%3D%22%23profile-pills%22%20data-toggle%3D%22tab%22%3EProfile%3C%2Fa%3E%0A%20%20%20%20%20%20%20%20%20%20%20%20%20%20%20%20%20%20%20%20%20%20%20%20%20%20%20%20%20%20%20%20%3C%2Fli%3E%0A%20%20%20%20%20%20%20%20%20%20%20%20%20%20%20%20%20%20%20%20%20%20%20%20%20%20%20%20%20%20%20%20%3Cli%20class%3D%22%22%3E%3Ca%20href%3D%22%23messages-pills%22%20data-toggle%3D%22tab%22%3EMessages%3C%2Fa%3E%0A%20%20%20%20%20%20%20%20%20%20%20%20%20%20%20%20%20%20%20%20%20%20%20%20%20%20%20%20%20%20%20%20%3C%2Fli%3E%0A%20%20%20%20%20%20%20%20%20%20%20%20%20%20%20%20%20%20%20%20%20%20%20%20%20%20%20%20%20%20%20%20%3Cli%20class%3D%22active%22%3E%3Ca%20href%3D%22%23settings-pills%22%20data-toggle%3D%22tab%22%3ESettings%3C%2Fa%3E%0A%20%20%20%20%20%20%20%20%20%20%20%20%20%20%20%20%20%20%20%20%20%20%20%20%20%20%20%20%20%20%20%20%3C%2Fli%3E%0A%20%20%20%20%20%20%20%20%20%20%20%20%20%20%20%20%20%20%20%20%20%20%20%20%20%20%20%20%3C%2Ful%3E%0A%0A%20%20%20%20%20%20%20%20%20%20%20%20%20%20%20%20%20%20%20%20%20%20%20%20%20%20%20%20%3Cdiv%20class%3D%22tab-content%22%3E%0A%20%20%20%20%20%20%20%20%20%20%20%20%20%20%20%20%20%20%20%20%20%20%20%20%20%20%20%20%20%20%20%20%3Cdiv%20class%3D%22tab-pane%20fade%22%20id%3D%22home-pills%22%3E%0A%20%20%20%20%20%20%20%20%20%20%20%20%20%20%20%20%20%20%20%20%20%20%20%20%20%20%20%20%20%20%20%20%20%20%20%20%3Ch4%3EHome%20Tab%3C%2Fh4%3E%0A%20%20%20%20%20%20%20%20%20%20%20%20%20%20%20%20%20%20%20%20%20%20%20%20%20%20%20%20%20%20%20%20%20%20%20%20%3Cp%3ELorem%20ipsum%20dolor%20sit%20amet%2C%20consectetur%20adipisicing%20elit%2C%20sed%20do%20eiusmod%20tempor%20incididunt%20ut%20labore%20et%20dolore%20magna%20aliqua.%20Ut%20enim%20ad%20minim%20veniam%2C%20quis%20nostrud%20exercitation%20ullamco%20laboris%20nisi%20ut%20aliquip%20ex%20ea%20commodo%20consequat.%20Duis%20aute%20irure%20dolor%20in%20reprehenderit%20in%20voluptate%20velit%20esse%20cillum%20dolore%20eu%20fugiat%20nulla%20pariatur.%20Excepteur%20sint%20occaecat%20cupidatat%20non%20proident%2C%20sunt%20in%20culpa%20qui%20officia%20deserunt%20mollit%20anim%20id%20est%20laborum.%3C%2Fp%3E%0A%20%20%20%20%20%20%20%20%20%20%20%20%20%20%20%20%20%20%20%20%20%20%20%20%20%20%20%20%20%20%20%20%3C%2Fdiv%3E%0A%20%20%20%20%20%20%20%20%20%20%20%20%20%20%20%20%20%20%20%20%20%20%20%20%20%20%20%20%20%20%20%20%3Cdiv%20class%3D%22tab-pane%20fade%22%20id%3D%22profile-pills%22%3E%0A%20%20%20%20%20%20%20%20%20%20%20%20%20%20%20%20%20%20%20%20%20%20%20%20%20%20%20%20%20%20%20%20%20%20%20%20%3Ch4%3EProfile%20Tab%3C%2Fh4%3E%0A%20%20%20%20%20%20%20%20%20%20%20%20%20%20%20%20%20%20%20%20%20%20%20%20%20%20%20%20%20%20%20%20%20%20%20%20%3Cp%3ELorem%20ipsum%20dolor%20sit%20amet%2C%20consectetur%20adipisicing%20elit%2C%20sed%20do%20eiusmod%20tempor%20incididunt%20ut%20labore%20et%20dolore%20magna%20aliqua.%20Ut%20enim%20ad%20minim%20veniam%2C%20quis%20nostrud%20exercitation%20ullamco%20laboris%20nisi%20ut%20aliquip%20ex%20ea%20commodo%20consequat.%20Duis%20aute%20irure%20dolor%20in%20reprehenderit%20in%20voluptate%20velit%20esse%20cillum%20dolore%20eu%20fugiat%20nulla%20pariatur.%20Excepteur%20sint%20occaecat%20cupidatat%20non%20proident%2C%20sunt%20in%20culpa%20qui%20officia%20deserunt%20mollit%20anim%20id%20est%20laborum.%3C%2Fp%3E%0A%20%20%20%20%20%20%20%20%20%20%20%20%20%20%20%20%20%20%20%20%20%20%20%20%20%20%20%20%20%20%20%20%3C%2Fdiv%3E%0A%20%20%20%20%20%20%20%20%20%20%20%20%20%20%20%20%20%20%20%20%20%20%20%20%20%20%20%20%20%20%20%20%3Cdiv%20class%3D%22tab-pane%20fade%22%20id%3D%22messages-pills%22%3E%0A%20%20%20%20%20%20%20%20%20%20%20%20%20%20%20%20%20%20%20%20%20%20%20%20%20%20%20%20%20%20%20%20%20%20%20%20%3Ch4%3EMessages%20Tab%3C%2Fh4%3E%0A%20%20%20%20%20%20%20%20%20%20%20%20%20%20%20%20%20%20%20%20%20%20%20%20%20%20%20%20%20%20%20%20%20%20%20%20%3Cp%3ELorem%20ipsum%20dolor%20sit%20amet%2C%20consectetur%20adipisicing%20elit%2C%20sed%20do%20eiusmod%20tempor%20incididunt%20ut%20labore%20et%20dolore%20magna%20aliqua.%20Ut%20enim%20ad%20minim%20veniam%2C%20quis%20nostrud%20exercitation%20ullamco%20laboris%20nisi%20ut%20aliquip%20ex%20ea%20commodo%20consequat.%20Duis%20aute%20irure%20dolor%20in%20reprehenderit%20in%20voluptate%20velit%20esse%20cillum%20dolore%20eu%20fugiat%20nulla%20pariatur.%20Excepteur%20sint%20occaecat%20cupidatat%20non%20proident%2C%20sunt%20in%20culpa%20qui%20officia%20deserunt%20mollit%20anim%20id%20est%20laborum.%3C%2Fp%3E%0A%20%20%20%20%20%20%20%20%20%20%20%20%20%20%20%20%20%20%20%20%20%20%20%20%20%20%20%20%20%20%20%20%3C%2Fdiv%3E%0A%20%20%20%20%20%20%20%20%20%20%20%20%20%20%20%20%20%20%20%20%20%20%20%20%20%20%20%20%20%20%20%20%3Cdiv%20class%3D%22tab-pane%20fade%20active%20in%22%20id%3D%22settings-pills%22%3E%0A%20%20%20%20%20%20%20%20%20%20%20%20%20%20%20%20%20%20%20%20%20%20%20%20%20%20%20%20%20%20%20%20%20%20%20%20%3Ch4%3ESettings%20Tab%3C%2Fh4%3E%0A%20%20%20%20%20%20%20%20%20%20%20%20%20%20%20%20%20%20%20%20%20%20%20%20%20%20%20%20%20%20%20%20%20%20%20%20%3Cp%3ELorem%20ipsum%20dolor%20sit%20amet%2C%20consectetur%20adipisicing%20elit%2C%20sed%20do%20eiusmod%20tempor%20incididunt%20ut%20labore%20et%20dolore%20magna%20aliqua.%20Ut%20enim%20ad%20minim%20veniam%2C%20quis%20nostrud%20exercitation%20ullamco%20laboris%20nisi%20ut%20aliquip%20ex%20ea%20commodo%20consequat.%20Duis%20aute%20irure%20dolor%20in%20reprehenderit%20in%20voluptate%20velit%20esse%20cillum%20dolore%20eu%20fugiat%20nulla%20pariatur.%20Excepteur%20sint%20occaecat%20cupidatat%20non%20proident%2C%20sunt%20in%20culpa%20qui%20officia%20deserunt%20mollit%20anim%20id%20est%20laborum.%3C%2Fp%3E%0A%20%20%20%20%20%20%20%20%20%20%20%20%20%20%20%20%20%20%20%20%20%20%20%20%20%20%20%20%20%20%20%20%3C%2Fdiv%3E%0A%20%20%20%20%20%20%20%20%20%20%20%20%20%20%20%20%20%20%20%20%20%20%20%20%20%20%20%20%3C%2Fdiv%3E%0A%20%20%20%20%20%20%20%20%20%20%20%20%20%20%20%20%20%20%20%20%20%20%20%20%3C%2Fdiv%3E%0A%20%20%20%20%20%20%20%20%20%20%20%20%20%20%20%20%20%20%20%20%3C%2Fdiv%3E%0A%20%20%20%20%20%20%20%20%20%20%20%20%20%20%20%20%3C%2Fdiv%3E%0A%20%20%20%20%20%20%20%20%20%20%20%20%3C%2Fdiv%3E%0A%20%20%20%20%20%20%20%20%20%20%20%20%20%20%20%20%20%20%20%20%3C!--%20%2F.%20ROW%20%20--%3E%0A%20%20%20%20%20%20%20%20%20%20%20%20%3Cdiv%20class%3D%22row%22%3E%0A%20%20%20%20%20%20%20%20%20%20%20%20%20%20%20%20%3Cdiv%20class%3D%22col-md-4%20col-sm-4%22%3E%0A%20%20%20%20%20%20%20%20%20%20%20%20%20%20%20%20%20%20%20%20%3Cdiv%20class%3D%22well%22%3E%0A%20%20%20%20%20%20%20%20%20%20%20%20%20%20%20%20%20%20%20%20%20%20%20%20%3Ch4%3ENormal%20Well%3C%2Fh4%3E%0A%20%20%20%20%20%20%20%20%20%20%20%20%20%20%20%20%20%20%20%20%20%20%20%20%3Cp%3ELorem%20ipsum%20dolor%20sit%20amet%2C%20consectetur%20adipiscing%20elit.%20Vestibulum%20tincidunt%20est%20vitae%20ultrices%20accumsan.%20Aliquam%20ornare%20lacus%20adipiscing%2C%20posuere%20lectus%20et%2C%20fringilla%20augue.%3C%2Fp%3E%0A%20%20%20%20%20%20%20%20%20%20%20%20%20%20%20%20%20%20%20%20%3C%2Fdiv%3E%0A%20%20%20%20%20%20%20%20%20%20%20%20%20%20%20%20%3C%2Fdiv%3E%0A%20%20%20%20%20%20%20%20%20%20%20%20%20%20%20%20%3Cdiv%20class%3D%22col-md-4%20col-sm-4%22%3E%0A%20%20%20%20%20%20%20%20%20%20%20%20%20%20%20%20%20%20%20%20%3Cdiv%20class%3D%22well%20well-lg%22%3E%0A%20%20%20%20%20%20%20%20%20%20%20%20%20%20%20%20%20%20%20%20%20%20%20%20%3Ch4%3ELarge%20Well%3C%2Fh4%3E%0A%20%20%20%20%20%20%20%20%20%20%20%20%20%20%20%20%20%20%20%20%20%20%20%20%3Cp%3ELorem%20ipsum%20dolor%20sit%20amet%2C%20consectetur%20adipiscing%20elit.%20Vestibulum%20tincidunt%20est%20vitae%20ultrices%20accumsan.%20Aliquam%20ornare%20lacus%20adipiscing%2C%20posuere%20lectus%20et%2C%20fringilla%20augue.%3C%2Fp%3E%0A%20%20%20%20%20%20%20%20%20%20%20%20%20%20%20%20%20%20%20%20%3C%2Fdiv%3E%0A%20%20%20%20%20%20%20%20%20%20%20%20%20%20%20%20%3C%2Fdiv%3E%0A%20%20%20%20%20%20%20%20%20%20%20%20%20%20%20%20%3Cdiv%20class%3D%22col-md-4%20col-sm-4%22%3E%0A%20%20%20%20%20%20%20%20%20%20%20%20%20%20%20%20%20%20%20%20%3Cdiv%20class%3D%22well%20well-sm%22%3E%0A%20%20%20%20%20%20%20%20%20%20%20%20%20%20%20%20%20%20%20%20%20%20%20%20%3Ch4%3ESmall%20Well%3C%2Fh4%3E%0A%20%20%20%20%20%20%20%20%20%20%20%20%20%20%20%20%20%20%20%20%20%20%20%20%3Cp%3ELorem%20ipsum%20dolor%20sit%20amet%2C%20consectetur%20adipiscing%20elit.%20Vestibulum%20tincidunt%20est%20vitae%20ultrices%20accumsan.%20Aliquam%20ornare%20lacus%20adipiscing%2C%20posuere%20lectus%20et%2C%20fringilla%20augue.%3C%2Fp%3E%0A%20%20%20%20%20%20%20%20%20%20%20%20%20%20%20%20%20%20%20%20%3C%2Fdiv%3E%0A%20%20%20%20%20%20%20%20%20%20%20%20%20%20%20%20%3C%2Fdiv%3E%0A%20%20%20%20%20%20%20%20%20%20%20%20%3C%2Fdiv%3E%0A%20%20%20%20%20%20%20%20%20%20%20%20%20%20%20%20%20%20%20%20%3C!--%20%2F.%20ROW%20%20--%3E%0A%20%20%20%20%20%20%20%20%20%20%20%20%3Cdiv%20class%3D%22row%22%3E%0A%20%20%20%20%20%20%20%20%20%20%20%20%20%20%20%20%3Cdiv%20class%3D%22col-md-12%22%3E%0A%20%20%20%20%20%20%20%20%20%20%20%20%20%20%20%20%20%20%20%20%3Cdiv%20class%3D%22jumbotron%22%3E%0A%20%20%20%20%20%20%20%20%20%20%20%20%20%20%20%20%20%20%20%20%20%20%20%20%3Ch1%3EJumbotron%3C%2Fh1%3E%0A%20%20%20%20%20%20%20%20%20%20%20%20%20%20%20%20%20%20%20%20%20%20%20%20%3Cp%3ELorem%20ipsum%20dolor%20sit%20amet%2C%20consectetur%20adipiscing%20elit.%20Vestibulum%20tincidunt%20est%20vitae%20ultrices%20accumsan.%20Aliquam%20ornare%20lacus%20adipiscing%2C%20posuere%20lectus%20et%2C%20fringilla%20augue.%20Lorem%20ipsum%20dolor%20sit%20amet%2C%20consectetur%20adipiscing%20elit.%20Vestibulum%20tincidunt%20est%20vitae%20ultrices%20accumsan.%20Aliquam%20ornare%20lacus%20adipiscing.%3C%2Fp%3E%0A%20%20%20%20%20%20%20%20%20%20%20%20%20%20%20%20%20%20%20%20%20%20%20%20%3Cp%3E%0A%20%20%20%20%20%20%20%20%20%20%20%20%20%20%20%20%20%20%20%20%20%20%20%20%20%20%20%20%3Ca%20class%3D%22btn%20btn-primary%20btn-lg%22%20role%3D%22button%22%3ELearn%20more%3C%2Fa%3E%0A%20%20%20%20%20%20%20%20%20%20%20%20%20%20%20%20%20%20%20%20%20%20%20%20%3C%2Fp%3E%0A%20%20%20%20%20%20%20%20%20%20%20%20%20%20%20%20%20%20%20%20%3C%2Fdiv%3E%0A%20%20%20%20%20%20%20%20%20%20%20%20%20%20%20%20%3C%2Fdiv%3E%0A%20%20%20%20%20%20%20%20%20%20%20%20%3C%2Fdiv%3E%0A%20%20%20%20%20%20%20%20%20%20%20%20%20%20%20%20%20%20%20%20%3C!--%20%2F.%20ROW%20%20--%3E%0A%0A%20%20%20%20%3C%2Fdiv%3E',0),
 (47433,47384,'content','echoHTML','html=%3Cdiv%20id%3D%22page-inner%22%3E%0A%20%20%20%20%20%20%20%20%20%20%20%20%20%20%20%20%3Cdiv%20class%3D%22row%22%3E%0A%20%20%20%20%20%20%20%20%20%20%20%20%20%20%20%20%20%20%20%20%3Cdiv%20class%3D%22col-md-12%22%3E%0A%20%20%20%20%20%20%20%20%20%20%20%20%20%20%20%20%20%20%20%20%20%3Ch2%3EUI%20Elements%3C%2Fh2%3E%20%20%20%0A%20%20%20%20%20%20%20%20%20%20%20%20%20%20%20%20%20%20%20%20%20%20%20%20%3Ch5%3EFree%20Bootstrap%20Admin%20Template%20%3A%20Binary%20Admin%20by%20binarycart.com%3C%2Fh5%3E%0A%20%20%20%20%20%20%20%20%20%20%20%20%20%20%20%20%20%20%20%20%20%20%20%0A%20%20%20%20%20%20%20%20%20%20%20%20%20%20%20%20%20%20%20%20%3C%2Fdiv%3E%0A%20%20%20%20%20%20%20%20%20%20%20%20%20%20%20%20%3C%2Fdiv%3E%0A%20%20%20%20%20%20%20%20%20%20%20%20%20%20%20%20%20%3C!--%20%2F.%20ROW%20%20--%3E%0A%20%20%20%20%20%20%20%20%20%20%20%20%20%20%20%20%20%3Chr%20%2F%3E%0A%20%20%20%20%20%20%20%20%20%20%20%20%20%20%20%20%20%3Cdiv%20class%3D%22row%22%3E%0A%20%20%20%20%20%20%20%20%20%20%20%20%20%20%20%20%20%20%20%20%0A%20%20%20%20%20%20%20%20%20%20%20%20%20%20%20%20%20%20%20%20%20%20%3Cdiv%20class%3D%22col-md-7%22%3E%0A%20%20%20%20%20%20%20%20%20%20%20%20%20%20%20%20%20%20%20%20%3Cdiv%20class%3D%22panel%20panel-default%22%3E%0A%20%20%20%20%20%20%20%20%20%20%20%20%20%20%20%20%20%20%20%20%20%20%20%20%3Cdiv%20class%3D%22panel-heading%22%3E%0A%20%20%20%20%20%20%20%20%20%20%20%20%20%20%20%20%20%20%20%20%20%20%20%20%20Simple%20Buttons%20Examples%0A%20%20%20%20%20%20%20%20%20%20%20%20%20%20%20%20%20%20%20%20%20%20%20%20%3C%2Fdiv%3E%20%20%20%20%20%20%20%20%0A%20%20%20%20%20%20%20%20%20%20%20%20%20%20%20%20%20%20%20%20%20%20%20%20%20%20%20%20%20%20%20%20%20%20%20%20%20%20%0A%20%20%20%20%20%20%20%20%20%20%20%20%20%20%20%20%20%20%20%20%20%20%20%20%20%20%20%20%20%20%20%20%20%20%20%20%3Cdiv%20class%3D%22panel-body%22%3E%20%0A%0A%20%20%20%20%20%20%20%20%20%20%20%20%20%20%20%20%20%20%20%20%3Ch4%3EDefault%20Button%3C%2Fh4%3E%0A%20%20%20%20%20%20%20%20%20%20%20%20%20%20%20%20%20%20%20%20%3Ca%20href%3D%22%23%22%20class%3D%22btn%20btn-default%22%3Edefault%3C%2Fa%3E%0A%20%20%20%20%20%20%20%20%20%20%20%20%20%20%20%20%20%20%20%20%3Ca%20href%3D%22%23%22%20class%3D%22btn%20btn-primary%22%3Eprimary%3C%2Fa%3E%0A%20%20%20%20%20%20%20%20%20%20%20%20%20%20%20%20%20%20%20%20%3Ca%20href%3D%22%23%22%20class%3D%22btn%20btn-danger%22%3Edanger%3C%2Fa%3E%0A%20%20%20%20%20%20%20%20%20%20%20%20%20%20%20%20%20%20%20%20%3Ca%20href%3D%22%23%22%20class%3D%22btn%20btn-success%22%3Esuccess%3C%2Fa%3E%0A%20%20%20%20%20%20%20%20%20%20%20%20%20%20%20%20%20%20%20%20%3Ca%20href%3D%22%23%22%20class%3D%22btn%20btn-info%22%3Einfo%3C%2Fa%3E%0A%20%20%20%20%20%20%20%20%20%20%20%20%20%20%20%20%20%20%20%20%3Ca%20href%3D%22%23%22%20class%3D%22btn%20btn-warning%22%3Ewarning%3C%2Fa%3E%0A%0A%20%20%20%20%20%20%20%20%20%20%20%20%20%20%20%20%20%20%20%0A%20%20%20%20%20%20%20%20%20%20%20%20%20%20%20%20%20%20%20%20%3Ch4%3EMini%20Button%3C%2Fh4%3E%0A%20%20%20%20%20%20%20%20%20%20%20%20%20%20%20%20%20%20%20%20%3Ca%20href%3D%22%23%22%20class%3D%22btn%20btn-default%20btn-xs%22%3Edefault%3C%2Fa%3E%0A%20%20%20%20%20%20%20%20%20%20%20%20%20%20%20%20%20%20%20%20%3Ca%20href%3D%22%23%22%20class%3D%22btn%20btn-primary%20btn-xs%22%3Eprimary%3C%2Fa%3E%0A%20%20%20%20%20%20%20%20%20%20%20%20%20%20%20%20%20%20%20%20%3Ca%20href%3D%22%23%22%20class%3D%22btn%20btn-danger%20btn-xs%22%3Edanger%3C%2Fa%3E%0A%20%20%20%20%20%20%20%20%20%20%20%20%20%20%20%20%20%20%20%20%3Ca%20href%3D%22%23%22%20class%3D%22btn%20btn-success%20btn-xs%22%3Esuccess%3C%2Fa%3E%0A%20%20%20%20%20%20%20%20%20%20%20%20%20%20%20%20%20%20%20%20%3Ca%20href%3D%22%23%22%20class%3D%22btn%20btn-info%20btn-xs%22%3Einfo%3C%2Fa%3E%0A%20%20%20%20%20%20%20%20%20%20%20%20%20%20%20%20%20%20%20%20%3Ca%20href%3D%22%23%22%20class%3D%22btn%20btn-warning%20btn-xs%22%3Ewarning%3C%2Fa%3E%0A%0A%20%20%20%20%20%20%20%20%20%20%20%20%20%20%20%20%20%20%0A%20%20%20%20%20%20%20%20%20%20%20%20%20%20%20%20%20%20%20%20%3Ch4%3ESmall%20Button%3C%2Fh4%3E%0A%20%20%20%20%20%20%20%20%20%20%20%20%20%20%20%20%20%20%20%20%3Ca%20href%3D%22%23%22%20class%3D%22btn%20btn-default%20btn-sm%22%3Edefault%3C%2Fa%3E%0A%20%20%20%20%20%20%20%20%20%20%20%20%20%20%20%20%20%20%20%20%3Ca%20href%3D%22%23%22%20class%3D%22btn%20btn-primary%20btn-sm%22%3Eprimary%3C%2Fa%3E%0A%20%20%20%20%20%20%20%20%20%20%20%20%20%20%20%20%20%20%20%20%3Ca%20href%3D%22%23%22%20class%3D%22btn%20btn-danger%20btn-sm%22%3Edanger%3C%2Fa%3E%0A%20%20%20%20%20%20%20%20%20%20%20%20%20%20%20%20%20%20%20%20%3Ca%20href%3D%22%23%22%20class%3D%22btn%20btn-success%20btn-sm%22%3Esuccess%3C%2Fa%3E%0A%20%20%20%20%20%20%20%20%20%20%20%20%20%20%20%20%20%20%20%20%3Ca%20href%3D%22%23%22%20class%3D%22btn%20btn-info%20btn-sm%22%3Einfo%3C%2Fa%3E%0A%20%20%20%20%20%20%20%20%20%20%20%20%20%20%20%20%20%20%20%20%3Ca%20href%3D%22%23%22%20class%3D%22btn%20btn-warning%20btn-sm%22%3Ewarning%3C%2Fa%3E%0A%0A%20%20%20%20%20%20%20%20%20%20%20%20%20%20%20%20%20%20%20%0A%20%20%20%20%20%20%20%20%20%20%20%20%20%20%20%20%20%20%20%20%3Ch4%3ELarge%20Button%3C%2Fh4%3E%0A%0A%20%20%20%20%20%20%20%20%20%20%20%20%20%20%20%20%20%20%20%20%3Ca%20href%3D%22%23%22%20class%3D%22btn%20btn-default%20btn-lg%22%3Edefault%3C%2Fa%3E%0A%20%20%20%20%20%20%20%20%20%20%20%20%20%20%20%20%20%20%20%20%3Ca%20href%3D%22%23%22%20class%3D%22btn%20btn-primary%20btn-lg%22%3Eprimary%3C%2Fa%3E%0A%20%20%20%20%20%20%20%20%20%20%20%20%20%20%20%20%20%20%20%20%3Ca%20href%3D%22%23%22%20class%3D%22btn%20btn-danger%20btn-lg%22%3Edanger%3C%2Fa%3E%0A%20%20%20%20%20%20%20%20%20%20%20%20%20%20%20%20%20%20%20%20%3Ca%20href%3D%22%23%22%20class%3D%22btn%20btn-success%20btn-lg%22%3Esuccess%3C%2Fa%3E%0A%20%20%20%20%20%20%20%20%20%20%20%20%20%20%20%20%20%20%20%20%3Ca%20href%3D%22%23%22%20class%3D%22btn%20btn-info%20btn-lg%22%3Einfo%3C%2Fa%3E%0A%0A%20%20%20%20%20%20%20%20%20%20%20%20%20%20%20%20%20%20%20%0A%20%20%20%20%20%20%20%20%20%20%20%20%20%20%20%20%3C%2Fdiv%3E%0A%20%20%20%20%20%20%20%20%20%20%20%20%3C%2Fdiv%3E%0A%20%20%20%20%20%20%20%20%20%20%20%20%20%20%20%20%20%20%20%20%20%20%20%20%20%20%3C%2Fdiv%3E%0A%20%20%20%20%20%20%20%20%20%20%20%20%20%20%20%20%20%20%20%20%20%3Cdiv%20class%3D%22col-md-5%22%3E%0A%20%20%20%20%20%20%20%20%20%20%20%20%20%20%20%20%20%20%20%20%20%20%3Cdiv%20class%3D%22panel%20panel-default%22%3E%0A%20%20%20%20%20%20%20%20%20%20%20%20%20%20%20%20%20%20%20%20%20%20%20%20%3Cdiv%20class%3D%22panel-heading%22%3E%0A%20%20%20%20%20%20%20%20%20%20%20%20%20%20%20%20%20%20%20%20%20%20%20%20%20%20%20Button%20Dropdowns%0A%20%20%20%20%20%20%20%20%20%20%20%20%20%20%20%20%20%20%20%20%20%20%20%20%3C%2Fdiv%3E%20%20%20%20%20%20%20%20%0A%20%20%20%20%20%20%20%20%20%20%20%20%20%20%20%20%20%20%20%20%20%20%20%20%20%20%20%20%20%20%20%20%20%20%20%20%20%20%0A%20%20%20%20%20%20%20%20%20%20%20%20%20%20%20%20%20%20%20%20%20%20%20%20%20%20%20%20%20%20%20%20%20%20%20%20%3Cdiv%20class%3D%22panel-body%22%3E%20%0A%20%20%20%20%20%20%20%20%20%20%20%20%20%20%20%20%20%20%20%20%20%20%20%20%20%20%20%20%20%20%20%20%20%20%20%20%20%20%20%20%20%20%3Ch4%3ESimple%20Button%20Dropdown%20Examples%20%3C%2Fh4%3E%20%20%0A%20%20%20%20%20%20%20%20%20%20%20%20%20%20%20%20%20%20%20%20%20%20%20%20%20%20%20%20%20%20%20%20%20%20%20%20%20%20%20%3Cdiv%20style%3D%22margin-top%3A%2010px%3B%22%3E%0A%09%09%09%09%09%09%09%09%09%09%09%0A%09%09%09%09%09%09%09%09%09%09%09%3Cdiv%20class%3D%22btn-group%22%3E%0A%09%09%09%09%09%09%09%09%09%09%09%20%20%3Cbutton%20data-toggle%3D%22dropdown%22%20class%3D%22btn%20btn-primary%20dropdown-toggle%22%3EAction%20%3Cspan%20class%3D%22caret%22%3E%3C%2Fspan%3E%3C%2Fbutton%3E%0A%09%09%09%09%09%09%09%09%09%09%09%20%20%3Cul%20class%3D%22dropdown-menu%22%3E%0A%09%09%09%09%09%09%09%09%09%09%09%09%3Cli%3E%3Ca%20href%3D%22%23%22%3EAction%3C%2Fa%3E%3C%2Fli%3E%0A%09%09%09%09%09%09%09%09%09%09%09%09%3Cli%3E%3Ca%20href%3D%22%23%22%3EAnother%20action%3C%2Fa%3E%3C%2Fli%3E%0A%09%09%09%09%09%09%09%09%09%09%09%09%3Cli%3E%3Ca%20href%3D%22%23%22%3ESomething%20else%20here%3C%2Fa%3E%3C%2Fli%3E%0A%09%09%09%09%09%09%09%09%09%09%09%09%3Cli%20class%3D%22divider%22%3E%3C%2Fli%3E%0A%09%09%09%09%09%09%09%09%09%09%09%09%3Cli%3E%3Ca%20href%3D%22%23%22%3ESeparated%20link%3C%2Fa%3E%3C%2Fli%3E%0A%09%09%09%09%09%09%09%09%09%09%09%20%20%3C%2Ful%3E%0A%09%09%09%09%09%09%09%09%09%09%09%3C%2Fdiv%3E%0A%09%09%09%09%09%09%09%09%09%09%09%3Cdiv%20style%3D%22margin%3A5px%3B%22%20class%3D%22btn-group%22%3E%0A%09%09%09%09%09%09%09%09%09%09%09%20%20%3Cbutton%20data-toggle%3D%22dropdown%22%20class%3D%22btn%20btn-danger%20dropdown-toggle%22%3EDanger%20%3Cspan%20class%3D%22caret%22%3E%3C%2Fspan%3E%3C%2Fbutton%3E%0A%09%09%09%09%09%09%09%09%09%09%09%20%20%3Cul%20class%3D%22dropdown-menu%22%3E%0A%09%09%09%09%09%09%09%09%09%09%09%09%3Cli%3E%3Ca%20href%3D%22%23%22%3EAction%3C%2Fa%3E%3C%2Fli%3E%0A%09%09%09%09%09%09%09%09%09%09%09%09%3Cli%3E%3Ca%20href%3D%22%23%22%3EAnother%20action%3C%2Fa%3E%3C%2Fli%3E%0A%09%09%09%09%09%09%09%09%09%09%09%09%3Cli%3E%3Ca%20href%3D%22%23%22%3ESomething%20else%20here%3C%2Fa%3E%3C%2Fli%3E%0A%09%09%09%09%09%09%09%09%09%09%09%09%3Cli%20class%3D%22divider%22%3E%3C%2Fli%3E%0A%09%09%09%09%09%09%09%09%09%09%09%09%3Cli%3E%3Ca%20href%3D%22%23%22%3ESeparated%20link%3C%2Fa%3E%3C%2Fli%3E%0A%09%09%09%09%09%09%09%09%09%09%09%20%20%3C%2Ful%3E%0A%09%09%09%09%09%09%09%09%09%09%09%3C%2Fdiv%3E%0A%20%20%20%20%20%20%20%20%20%20%20%20%20%20%20%20%20%20%20%20%20%20%20%20%20%20%20%20%20%20%20%20%20%20%20%20%20%20%20%20%20%20%20%3Cdiv%20style%3D%22margin%3A5px%3B%22%20class%3D%22btn-group%22%3E%0A%09%09%09%09%09%09%09%09%09%09%09%20%20%3Cbutton%20data-toggle%3D%22dropdown%22%20class%3D%22btn%20btn-warning%20dropdown-toggle%22%3EDanger%20%3Cspan%20class%3D%22caret%22%3E%3C%2Fspan%3E%3C%2Fbutton%3E%0A%09%09%09%09%09%09%09%09%09%09%09%20%20%3Cul%20class%3D%22dropdown-menu%22%3E%0A%09%09%09%09%09%09%09%09%09%09%09%09%3Cli%3E%3Ca%20href%3D%22%23%22%3EAction%3C%2Fa%3E%3C%2Fli%3E%0A%09%09%09%09%09%09%09%09%09%09%09%09%3Cli%3E%3Ca%20href%3D%22%23%22%3EAnother%20action%3C%2Fa%3E%3C%2Fli%3E%0A%09%09%09%09%09%09%09%09%09%09%09%09%3Cli%3E%3Ca%20href%3D%22%23%22%3ESomething%20else%20here%3C%2Fa%3E%3C%2Fli%3E%0A%09%09%09%09%09%09%09%09%09%09%09%09%3Cli%20class%3D%22divider%22%3E%3C%2Fli%3E%0A%09%09%09%09%09%09%09%09%09%09%09%09%3Cli%3E%3Ca%20href%3D%22%23%22%3ESeparated%20link%3C%2Fa%3E%3C%2Fli%3E%0A%09%09%09%09%09%09%09%09%09%09%09%20%20%3C%2Ful%3E%0A%09%09%09%09%09%09%09%09%09%09%09%3C%2Fdiv%3E%0A%09%09%09%09%09%09%09%09%09%09%20%20%3C%2Fdiv%3E%0A%09%09%09%09%09%09%09%09%09%09%20%20%3Cdiv%3E%0A%20%20%20%20%20%20%20%20%20%20%20%20%20%20%20%20%20%20%20%20%20%20%20%20%20%20%20%20%20%20%20%20%20%20%20%20%20%20%20%20%20%20%20%20%20%20%20%0A%20%20%20%20%20%20%20%20%20%20%20%20%20%20%20%20%20%20%20%20%20%20%20%20%20%20%20%20%20%20%20%20%20%20%20%20%20%20%20%20%20%20%20%20%20%20%09%3Cdiv%20class%3D%22btn-group%22%3E%0A%09%09%09%09%09%09%09%09%09%09%09%20%20%3Cbutton%20data-toggle%3D%22dropdown%22%20class%3D%22btn%20btn-success%20dropdown-toggle%22%3ESuccess%20%3Cspan%20class%3D%22caret%22%3E%3C%2Fspan%3E%3C%2Fbutton%3E%0A%09%09%09%09%09%09%09%09%09%09%09%20%20%3Cul%20class%3D%22dropdown-menu%22%3E%0A%09%09%09%09%09%09%09%09%09%09%09%09%3Cli%3E%3Ca%20href%3D%22%23%22%3EAction%3C%2Fa%3E%3C%2Fli%3E%0A%09%09%09%09%09%09%09%09%09%09%09%09%3Cli%3E%3Ca%20href%3D%22%23%22%3EAnother%20action%3C%2Fa%3E%3C%2Fli%3E%0A%09%09%09%09%09%09%09%09%09%09%09%09%3Cli%3E%3Ca%20href%3D%22%23%22%3ESomething%20else%20here%3C%2Fa%3E%3C%2Fli%3E%0A%09%09%09%09%09%09%09%09%09%09%09%09%3Cli%20class%3D%22divider%22%3E%3C%2Fli%3E%0A%09%09%09%09%09%09%09%09%09%09%09%09%3Cli%3E%3Ca%20href%3D%22%23%22%3ESeparated%20link%3C%2Fa%3E%3C%2Fli%3E%0A%09%09%09%09%09%09%09%09%09%09%09%20%20%3C%2Ful%3E%0A%09%09%09%09%09%09%09%09%09%09%09%3C%2Fdiv%3E%0A%09%09%09%09%09%09%09%09%09%09%09%3Cdiv%20class%3D%22btn-group%22%3E%0A%09%09%09%09%09%09%09%09%09%09%09%20%20%3Cbutton%20data-toggle%3D%22dropdown%22%20class%3D%22btn%20btn-info%20dropdown-toggle%22%3EInfo%20%3Cspan%20class%3D%22caret%22%3E%3C%2Fspan%3E%3C%2Fbutton%3E%0A%09%09%09%09%09%09%09%09%09%09%09%20%20%3Cul%20class%3D%22dropdown-menu%22%3E%0A%09%09%09%09%09%09%09%09%09%09%09%09%3Cli%3E%3Ca%20href%3D%22%23%22%3EAction%3C%2Fa%3E%3C%2Fli%3E%0A%09%09%09%09%09%09%09%09%09%09%09%09%3Cli%3E%3Ca%20href%3D%22%23%22%3EAnother%20action%3C%2Fa%3E%3C%2Fli%3E%0A%09%09%09%09%09%09%09%09%09%09%09%09%3Cli%3E%3Ca%20href%3D%22%23%22%3ESomething%20else%20here%3C%2Fa%3E%3C%2Fli%3E%0A%09%09%09%09%09%09%09%09%09%09%09%09%3Cli%20class%3D%22divider%22%3E%3C%2Fli%3E%0A%09%09%09%09%09%09%09%09%09%09%09%09%3Cli%3E%3Ca%20href%3D%22%23%22%3ESeparated%20link%3C%2Fa%3E%3C%2Fli%3E%0A%09%09%09%09%09%09%09%09%09%09%09%20%20%3C%2Ful%3E%0A%09%09%09%09%09%09%09%09%09%09%09%3C%2Fdiv%3E%0A%09%09%09%09%09%09%09%09%09%09%09%3Cdiv%20class%3D%22btn-group%22%3E%0A%09%09%09%09%09%09%09%09%09%09%09%20%20%3Cbutton%20data-toggle%3D%22dropdown%22%20class%3D%22btn%20btn-default%20dropdown-toggle%22%3EDefault%20%3Cspan%20class%3D%22caret%22%3E%3C%2Fspan%3E%3C%2Fbutton%3E%0A%09%09%09%09%09%09%09%09%09%09%09%20%20%3Cul%20class%3D%22dropdown-menu%22%3E%0A%09%09%09%09%09%09%09%09%09%09%09%09%3Cli%3E%3Ca%20href%3D%22%23%22%3EAction%3C%2Fa%3E%3C%2Fli%3E%0A%09%09%09%09%09%09%09%09%09%09%09%09%3Cli%3E%3Ca%20href%3D%22%23%22%3EAnother%20action%3C%2Fa%3E%3C%2Fli%3E%0A%09%09%09%09%09%09%09%09%09%09%09%09%3Cli%3E%3Ca%20href%3D%22%23%22%3ESomething%20else%20here%3C%2Fa%3E%3C%2Fli%3E%0A%09%09%09%09%09%09%09%09%09%09%09%09%3Cli%20class%3D%22divider%22%3E%3C%2Fli%3E%0A%09%09%09%09%09%09%09%09%09%09%09%09%3Cli%3E%3Ca%20href%3D%22%23%22%3ESeparated%20link%3C%2Fa%3E%3C%2Fli%3E%0A%09%09%09%09%09%09%09%09%09%09%09%20%20%3C%2Ful%3E%0A%09%09%09%09%09%09%09%09%09%09%09%3C%2Fdiv%3E%0A%09%09%09%09%09%09%09%09%09%09%20%20%3C%2Fdiv%3E%0A%20%20%20%20%20%20%20%20%20%20%20%20%20%20%20%20%20%20%20%20%20%20%20%20%20%20%20%20%20%20%20%20%20%20%20%20%20%20%20%0A%20%20%20%20%20%20%20%20%20%20%20%20%20%20%20%20%20%20%20%20%20%20%20%20%20%20%20%20%20%20%20%20%20%20%20%20%20%20%20%3Ch4%3ESplit%20Button%20Dropdown%20Examples%20%3C%2Fh4%3E%0A%20%20%20%20%20%20%20%20%20%20%20%20%20%20%20%20%20%20%20%20%20%20%20%20%20%20%20%20%20%20%20%20%20%20%20%20%20%20%0A%20%20%20%20%20%20%20%20%20%20%20%20%20%20%20%20%20%20%20%20%20%20%20%20%20%20%20%20%20%20%20%20%20%20%20%20%20%20%20%3Cdiv%20style%3D%22margin%3A5px%3B%22%20class%3D%22btn-toolbar%22%3E%0A%09%09%09%09%09%09%09%09%09%09%0A%09%09%09%09%09%09%09%09%09%09%3Cdiv%20class%3D%22btn-group%22%3E%0A%09%09%09%09%09%09%09%09%09%09%20%20%3Cbutton%20class%3D%22btn%20btn-primary%22%3EAction%3C%2Fbutton%3E%0A%09%09%09%09%09%09%09%09%09%09%20%20%3Cbutton%20data-toggle%3D%22dropdown%22%20class%3D%22btn%20btn-primary%20dropdown-toggle%22%3E%3Cspan%20class%3D%22caret%22%3E%3C%2Fspan%3E%3C%2Fbutton%3E%0A%09%09%09%09%09%09%09%09%09%09%20%20%3Cul%20class%3D%22dropdown-menu%22%3E%0A%09%09%09%09%09%09%09%09%09%09%09%3Cli%3E%3Ca%20href%3D%22%23%22%3EAction%3C%2Fa%3E%3C%2Fli%3E%0A%09%09%09%09%09%09%09%09%09%09%09%3Cli%3E%3Ca%20href%3D%22%23%22%3EAnother%20action%3C%2Fa%3E%3C%2Fli%3E%0A%09%09%09%09%09%09%09%09%09%09%09%3Cli%3E%3Ca%20href%3D%22%23%22%3ESomething%20else%20here%3C%2Fa%3E%3C%2Fli%3E%0A%09%09%09%09%09%09%09%09%09%09%09%3Cli%20class%3D%22divider%22%3E%3C%2Fli%3E%0A%09%09%09%09%09%09%09%09%09%09%09%3Cli%3E%3Ca%20href%3D%22%23%22%3ESeparated%20link%3C%2Fa%3E%3C%2Fli%3E%0A%09%09%09%09%09%09%09%09%09%09%20%20%3C%2Ful%3E%0A%09%09%09%09%09%09%09%09%09%09%3C%2Fdiv%3E%0A%09%09%09%09%09%09%09%09%09%09%3Cdiv%20class%3D%22btn-group%22%3E%0A%09%09%09%09%09%09%09%09%09%09%20%20%3Cbutton%20class%3D%22btn%20btn-danger%22%3EDanger%3C%2Fbutton%3E%0A%09%09%09%09%09%09%09%09%09%09%20%20%3Cbutton%20data-toggle%3D%22dropdown%22%20class%3D%22btn%20btn-danger%20dropdown-toggle%22%3E%3Cspan%20class%3D%22caret%22%3E%3C%2Fspan%3E%3C%2Fbutton%3E%0A%09%09%09%09%09%09%09%09%09%09%20%20%3Cul%20class%3D%22dropdown-menu%22%3E%0A%09%09%09%09%09%09%09%09%09%09%09%3Cli%3E%3Ca%20href%3D%22%23%22%3EAction%3C%2Fa%3E%3C%2Fli%3E%0A%09%09%09%09%09%09%09%09%09%09%09%3Cli%3E%3Ca%20href%3D%22%23%22%3EAnother%20action%3C%2Fa%3E%3C%2Fli%3E%0A%09%09%09%09%09%09%09%09%09%09%09%3Cli%3E%3Ca%20href%3D%22%23%22%3ESomething%20else%20here%3C%2Fa%3E%3C%2Fli%3E%0A%09%09%09%09%09%09%09%09%09%09%09%3Cli%20class%3D%22divider%22%3E%3C%2Fli%3E%0A%09%09%09%09%09%09%09%09%09%09%09%3Cli%3E%3Ca%20href%3D%22%23%22%3ESeparated%20link%3C%2Fa%3E%3C%2Fli%3E%0A%09%09%09%09%09%09%09%09%09%09%20%20%3C%2Ful%3E%0A%09%09%09%09%09%09%09%09%09%09%3C%2Fdiv%3E%0A%20%20%20%20%20%20%20%20%20%20%20%20%20%20%20%20%20%20%20%20%20%20%20%20%20%20%20%20%20%20%20%20%20%20%20%20%20%20%20%20%20%20%20%3Cdiv%20class%3D%22btn-group%22%3E%0A%09%09%09%09%09%09%09%09%09%09%20%20%3Cbutton%20class%3D%22btn%20btn-warning%22%3EWarning%3C%2Fbutton%3E%0A%09%09%09%09%09%09%09%09%09%09%20%20%3Cbutton%20data-toggle%3D%22dropdown%22%20class%3D%22btn%20btn-warning%20dropdown-toggle%22%3E%3Cspan%20class%3D%22caret%22%3E%3C%2Fspan%3E%3C%2Fbutton%3E%0A%09%09%09%09%09%09%09%09%09%09%20%20%3Cul%20class%3D%22dropdown-menu%22%3E%0A%09%09%09%09%09%09%09%09%09%09%09%3Cli%3E%3Ca%20href%3D%22%23%22%3EAction%3C%2Fa%3E%3C%2Fli%3E%0A%09%09%09%09%09%09%09%09%09%09%09%3Cli%3E%3Ca%20href%3D%22%23%22%3EAnother%20action%3C%2Fa%3E%3C%2Fli%3E%0A%09%09%09%09%09%09%09%09%09%09%09%3Cli%3E%3Ca%20href%3D%22%23%22%3ESomething%20else%20here%3C%2Fa%3E%3C%2Fli%3E%0A%09%09%09%09%09%09%09%09%09%09%09%3Cli%20class%3D%22divider%22%3E%3C%2Fli%3E%0A%09%09%09%09%09%09%09%09%09%09%09%3Cli%3E%3Ca%20href%3D%22%23%22%3ESeparated%20link%3C%2Fa%3E%3C%2Fli%3E%0A%09%09%09%09%09%09%09%09%09%09%20%20%3C%2Ful%3E%0A%09%09%09%09%09%09%09%09%09%09%3C%2Fdiv%3E%0A%09%09%09%09%09%09%09%09%09%20%20%3C%2Fdiv%3E%0A%09%09%09%09%09%09%09%09%09%20%20%3Cdiv%20style%3D%22margin%3A5px%3B%22%20class%3D%22btn-toolbar%22%3E%0A%09%09%09%09%09%09%09%09%09%09%0A%09%09%09%09%09%09%09%09%09%09%3Cdiv%20class%3D%22btn-group%22%3E%0A%09%09%09%09%09%09%09%09%09%09%20%20%3Cbutton%20class%3D%22btn%20btn-success%22%3ESuccess%3C%2Fbutton%3E%0A%09%09%09%09%09%09%09%09%09%09%20%20%3Cbutton%20data-toggle%3D%22dropdown%22%20class%3D%22btn%20btn-success%20dropdown-toggle%22%3E%3Cspan%20class%3D%22caret%22%3E%3C%2Fspan%3E%3C%2Fbutton%3E%0A%09%09%09%09%09%09%09%09%09%09%20%20%3Cul%20class%3D%22dropdown-menu%22%3E%0A%09%09%09%09%09%09%09%09%09%09%09%3Cli%3E%3Ca%20href%3D%22%23%22%3EAction%3C%2Fa%3E%3C%2Fli%3E%0A%09%09%09%09%09%09%09%09%09%09%09%3Cli%3E%3Ca%20href%3D%22%23%22%3EAnother%20action%3C%2Fa%3E%3C%2Fli%3E%0A%09%09%09%09%09%09%09%09%09%09%09%3Cli%3E%3Ca%20href%3D%22%23%22%3ESomething%20else%20here%3C%2Fa%3E%3C%2Fli%3E%0A%09%09%09%09%09%09%09%09%09%09%09%3Cli%20class%3D%22divider%22%3E%3C%2Fli%3E%0A%09%09%09%09%09%09%09%09%09%09%09%3Cli%3E%3Ca%20href%3D%22%23%22%3ESeparated%20link%3C%2Fa%3E%3C%2Fli%3E%0A%09%09%09%09%09%09%09%09%09%09%20%20%3C%2Ful%3E%0A%09%09%09%09%09%09%09%09%09%09%3C%2Fdiv%3E%0A%09%09%09%09%09%09%09%09%09%09%3Cdiv%20class%3D%22btn-group%22%3E%0A%09%09%09%09%09%09%09%09%09%09%20%20%3Cbutton%20class%3D%22btn%20btn-info%22%3EInfo%3C%2Fbutton%3E%0A%09%09%09%09%09%09%09%09%09%09%20%20%3Cbutton%20data-toggle%3D%22dropdown%22%20class%3D%22btn%20btn-info%20dropdown-toggle%22%3E%3Cspan%20class%3D%22caret%22%3E%3C%2Fspan%3E%3C%2Fbutton%3E%0A%09%09%09%09%09%09%09%09%09%09%20%20%3Cul%20class%3D%22dropdown-menu%22%3E%0A%09%09%09%09%09%09%09%09%09%09%09%3Cli%3E%3Ca%20href%3D%22%23%22%3EAction%3C%2Fa%3E%3C%2Fli%3E%0A%09%09%09%09%09%09%09%09%09%09%09%3Cli%3E%3Ca%20href%3D%22%23%22%3EAnother%20action%3C%2Fa%3E%3C%2Fli%3E%0A%09%09%09%09%09%09%09%09%09%09%09%3Cli%3E%3Ca%20href%3D%22%23%22%3ESomething%20else%20here%3C%2Fa%3E%3C%2Fli%3E%0A%09%09%09%09%09%09%09%09%09%09%09%3Cli%20class%3D%22divider%22%3E%3C%2Fli%3E%0A%09%09%09%09%09%09%09%09%09%09%09%3Cli%3E%3Ca%20href%3D%22%23%22%3ESeparated%20link%3C%2Fa%3E%3C%2Fli%3E%0A%09%09%09%09%09%09%09%09%09%09%20%20%3C%2Ful%3E%0A%09%09%09%09%09%09%09%09%09%09%3C%2Fdiv%3E%0A%09%09%09%09%09%09%09%09%09%20%20%3C%2Fdiv%3E%0A%09%09%09%09%09%09%09%09%09%20%20%3Cdiv%20style%3D%22margin%3A5px%3B%22%20class%3D%22btn-toolbar%22%3E%0A%09%09%09%09%09%09%09%09%09%09%3Cdiv%20class%3D%22btn-group%22%3E%0A%09%09%09%09%09%09%09%09%09%09%20%20%3Cbutton%20class%3D%22btn%20btn-default%22%3EDefault%3C%2Fbutton%3E%0A%09%09%09%09%09%09%09%09%09%09%20%20%3Cbutton%20data-toggle%3D%22dropdown%22%20class%3D%22btn%20btn-default%20dropdown-toggle%22%3E%3Cspan%20class%3D%22caret%22%3E%3C%2Fspan%3E%3C%2Fbutton%3E%0A%09%09%09%09%09%09%09%09%09%09%20%20%3Cul%20class%3D%22dropdown-menu%22%3E%0A%09%09%09%09%09%09%09%09%09%09%09%3Cli%3E%3Ca%20href%3D%22%23%22%3EAction%3C%2Fa%3E%3C%2Fli%3E%0A%09%09%09%09%09%09%09%09%09%09%09%3Cli%3E%3Ca%20href%3D%22%23%22%3EAnother%20action%3C%2Fa%3E%3C%2Fli%3E%0A%09%09%09%09%09%09%09%09%09%09%09%3Cli%3E%3Ca%20href%3D%22%23%22%3ESomething%20else%20here%3C%2Fa%3E%3C%2Fli%3E%0A%09%09%09%09%09%09%09%09%09%09%09%3Cli%20class%3D%22divider%22%3E%3C%2Fli%3E%0A%09%09%09%09%09%09%09%09%09%09%09%3Cli%3E%3Ca%20href%3D%22%23%22%3ESeparated%20link%3C%2Fa%3E%3C%2Fli%3E%0A%09%09%09%09%09%09%09%09%09%09%20%20%3C%2Ful%3E%0A%09%09%09%09%09%09%09%09%09%09%3C%2Fdiv%3E%0A%09%09%09%09%09%09%09%09%09%20%20%3C%2Fdiv%3E%0A%20%20%20%20%20%20%20%20%20%20%20%20%20%20%20%20%20%20%20%20%20%20%20%20%20%20%20%20%20%20%20%20%20%20%20%20%20%20%20%0A%0A%20%20%20%20%20%20%20%20%20%20%20%20%20%20%20%20%20%20%20%20%20%20%20%20%20%20%20%20%20%20%20%20%20%20%20%20%20%20%20%3Ch4%3EButtons%20With%20Icons%3C%2Fh4%3E%20%20%20%20%20%20%20%20%20%20%20%20%20%20%20%20%20%20%20%20%20%20%20%20%20%20%20%20%20%20%20%20%20%20%20%20%20%20%20%0A%09%09%09%09%09%09%09%09%09%09%0A%09%09%09%09%09%09%09%09%09%09%09%3Cbutton%20class%3D%22btn%20btn-default%22%3E%3Ci%20class%3D%22%20fa%20fa-refresh%20%22%3E%3C%2Fi%3E%20Update%3C%2Fbutton%3E%0A%09%09%09%09%09%09%09%09%09%09%09%3Cbutton%20class%3D%22btn%20btn-primary%22%3E%3Ci%20class%3D%22fa%20fa-edit%20%22%3E%3C%2Fi%3E%20Edit%3C%2Fbutton%3E%0A%09%09%09%09%09%09%09%09%09%09%09%3Cbutton%20class%3D%22btn%20btn-danger%22%3E%3Ci%20class%3D%22fa%20fa-pencil%22%3E%3C%2Fi%3E%20Delete%3C%2Fbutton%3E%0A%09%09%09%09%09%09%09%09%09%09%0A%09%09%09%09%09%09%09%09%09%09%09%09%09%09%09%0A%09%09%09%09%09%09%09%09%09%0A%0A%20%20%20%20%20%20%20%20%20%20%20%20%20%20%20%20%20%20%20%20%20%20%20%20%20%20%20%20%20%20%20%20%20%20%20%20%20%20%20%20%3C%2Fdiv%3E%0A%20%20%20%20%20%20%20%20%20%20%20%20%20%20%20%20%20%20%20%20%20%20%20%20%20%20%20%20%20%20%20%20%20%20%20%20%3C%2Fdiv%3E%0A%20%20%20%20%20%20%20%20%20%20%20%20%20%20%20%20%20%20%20%20%3C%2Fdiv%3E%0A%20%20%20%20%20%20%20%20%20%20%20%20%20%20%20%20%20%20%20%20%3C%2Fdiv%3E%0A%20%20%20%20%20%20%20%20%20%20%20%20%20%20%20%20%3C!--%20%2F.%20ROW%20%20--%3E%0A%20%20%20%20%20%20%20%20%20%20%20%20%20%20%20%20%3Cdiv%20class%3D%22row%22%3E%0A%20%20%20%20%20%20%20%20%20%20%20%20%20%20%20%20%20%20%20%20%3Cdiv%20class%3D%22col-md-6%22%3E%0A%20%20%20%20%20%20%20%20%20%20%20%20%20%20%20%20%20%20%20%20%20%20%20%20%3Cdiv%20class%3D%22panel%20panel-default%22%3E%0A%20%20%20%20%20%20%20%20%20%20%20%20%20%20%20%20%20%20%20%20%20%20%20%20%3Cdiv%20class%3D%22panel-heading%22%3E%0A%20%20%20%20%20%20%20%20%20%20%20%20%20%20%20%20%20%20%20%20%20%20%20%20%20%20%20%20Circle%20Icon%20Buttons%20%0A%20%20%20%20%20%20%20%20%20%20%20%20%20%20%20%20%20%20%20%20%20%20%20%20%3C%2Fdiv%3E%0A%20%20%20%20%20%20%20%20%20%20%20%20%20%20%20%20%20%20%20%20%20%20%20%0A%20%20%20%20%20%20%20%20%20%20%20%20%20%20%20%20%20%20%20%20%20%20%20%20%3Cdiv%20class%3D%22panel-body%22%3E%0A%20%20%20%20%20%20%20%20%20%20%20%20%20%20%20%20%20%20%20%20%20%20%20%20%20%20%20%20%20%3Cbr%20%2F%3E%20%3Cbr%20%2F%3E%0A%20%20%20%20%20%20%20%20%20%20%20%20%20%20%20%20%20%20%20%20%20%20%20%20%20%20%20%20%3Cbutton%20type%3D%22button%22%20class%3D%22btn%20btn-default%20btn-circle%22%3E%3Ci%20class%3D%22fa%20fa-check%22%3E%3C%2Fi%3E%0A%20%20%20%20%20%20%20%20%20%20%20%20%20%20%20%20%20%20%20%20%20%20%20%20%20%20%20%20%3C%2Fbutton%3E%0A%20%20%20%20%20%20%20%20%20%20%20%20%20%20%20%20%20%20%20%20%20%20%20%20%20%20%20%20%3Cbutton%20type%3D%22button%22%20class%3D%22btn%20btn-primary%20btn-circle%22%3E%3Ci%20class%3D%22fa%20fa-list%22%3E%3C%2Fi%3E%0A%20%20%20%20%20%20%20%20%20%20%20%20%20%20%20%20%20%20%20%20%20%20%20%20%20%20%20%20%3C%2Fbutton%3E%0A%20%20%20%20%20%20%20%20%20%20%20%20%20%20%20%20%20%20%20%20%20%20%20%20%20%20%20%20%3Cbutton%20type%3D%22button%22%20class%3D%22btn%20btn-success%20btn-circle%22%3E%3Ci%20class%3D%22fa%20fa-link%22%3E%3C%2Fi%3E%0A%20%20%20%20%20%20%20%20%20%20%20%20%20%20%20%20%20%20%20%20%20%20%20%20%20%20%20%20%3C%2Fbutton%3E%0A%20%20%20%20%20%20%20%20%20%20%20%20%20%20%20%20%20%20%20%20%20%20%20%20%20%20%20%20%3Cbutton%20type%3D%22button%22%20class%3D%22btn%20btn-info%20btn-circle%22%3E%3Ci%20class%3D%22fa%20fa-check%22%3E%3C%2Fi%3E%0A%20%20%20%20%20%20%20%20%20%20%20%20%20%20%20%20%20%20%20%20%20%20%20%20%20%20%20%20%3C%2Fbutton%3E%0A%20%20%20%20%20%20%20%20%20%20%20%20%20%20%20%20%20%20%20%20%20%20%20%20%20%20%20%20%3Cbutton%20type%3D%22button%22%20class%3D%22btn%20btn-warning%20btn-circle%22%3E%3Ci%20class%3D%22fa%20fa-money%22%3E%3C%2Fi%3E%0A%20%20%20%20%20%20%20%20%20%20%20%20%20%20%20%20%20%20%20%20%20%20%20%20%20%20%20%20%3C%2Fbutton%3E%0A%20%20%20%20%20%20%20%20%20%20%20%20%20%20%20%20%20%20%20%20%20%20%20%20%20%20%20%20%3Cbutton%20type%3D%22button%22%20class%3D%22btn%20btn-danger%20btn-circle%22%3E%3Ci%20class%3D%22fa%20fa-heart%22%3E%3C%2Fi%3E%0A%20%20%20%20%20%20%20%20%20%20%20%20%20%20%20%20%20%20%20%20%20%20%20%20%20%20%20%20%3C%2Fbutton%3E%0A%20%20%20%20%20%20%20%20%20%20%20%20%20%20%20%20%20%20%20%20%20%20%20%20%20%20%20%3Cbr%20%2F%3E%0A%20%20%20%20%20%20%20%20%20%20%20%20%20%20%20%20%20%20%20%20%20%20%20%20%20%20%20%20%20%3Cp%3E%0A%20%20%20%20%20%20%20%20%20%20%20%20%20%20%20%20%20%20%20%20%20%20%20%20For%20more%20customization%20for%20this%20template%20or%20its%20components%20please%20visit%20official%20bootstrap%20website%20i.e%20getbootstrap.com%20or%20%3Ca%20href%3D%22http%3A%2F%2Fgetbootstrap.com%2Fcomponents%2F%22%20target%3D%22_blank%22%3Eclick%20here%3C%2Fa%3E%20.%20We%20hope%20you%20will%20enjoy%20our%20template.%20This%20template%20is%20easy%20to%20use%2C%20light%20weight%20and%20made%20with%20love%20by%20binarycart.com%20%0A%20%20%20%20%20%20%20%20%20%20%20%20%20%20%20%20%20%20%20%20%20%20%20%20%3C%2Fp%3E%0A%20%20%20%20%20%20%20%20%20%20%20%20%20%20%20%20%20%20%20%20%20%20%20%20%3C%2Fdiv%3E%0A%20%20%20%20%20%20%20%20%20%20%20%20%20%20%20%20%20%20%20%20%20%20%20%20%0A%20%20%20%20%20%20%20%20%20%20%20%20%20%20%20%20%20%20%20%20%3C%2Fdiv%3E%0A%20%20%20%20%20%20%20%20%20%20%20%20%20%20%20%20%20%20%20%20%3C%2Fdiv%3E%0A%20%20%20%20%20%20%20%20%20%20%20%20%20%20%20%20%20%20%20%20%3Cdiv%20class%3D%22col-md-6%22%3E%0A%20%20%20%20%20%20%20%20%20%20%20%20%20%20%20%20%20%20%20%20%20%20%20%20%3Cdiv%20class%3D%22panel%20panel-default%22%3E%0A%20%20%20%20%20%20%20%20%20%20%20%20%20%20%20%20%20%20%20%20%20%20%20%20%3Cdiv%20class%3D%22panel-heading%22%3E%0A%20%20%20%20%20%20%20%20%20%20%20%20%20%20%20%20%20%20%20%20%20%20%20%20%20%20%20%20Icons%20Examples%20%3A%20%0A%20%20%20%20%20%20%20%20%20%20%20%20%20%20%20%20%20%20%20%20%20%20%20%20%3C%2Fdiv%3E%0A%20%20%20%20%20%20%20%20%20%20%20%20%20%20%20%20%20%20%20%20%20%20%20%0A%20%20%20%20%20%20%20%20%20%20%20%20%20%20%20%20%20%20%20%20%20%20%20%20%3Cdiv%20class%3D%22panel-body%22%3E%0A%20%20%20%20%20%20%20%20%20%20%20%20%20%20%20%20%20%20%20%20%20%20%20%20%20%20%20%20%3Cbr%20%2F%3E%0A%20%20%20%20%20%20%20%20%20%20%20%20%20%20%20%20%20%20%20%20%20%20%20%20%20%20%20%20%3Ci%20class%3D%22fa%20fa-desktop%20%22%3E%3C%2Fi%3E%0A%20%20%20%20%20%20%20%20%20%20%20%20%20%20%20%20%20%20%20%20%20%20%20%20%20%20%20%20%0A%20%20%20%20%20%20%20%20%20%20%20%20%20%20%20%20%20%20%20%20%20%20%20%20%20%20%20%20%20%3Ci%20class%3D%22fa%20fa-desktop%20fa-2x%22%3E%3C%2Fi%3E%0A%20%20%20%20%20%20%20%20%20%20%20%20%20%20%20%20%20%20%20%20%20%20%20%20%20%20%20%20%20%20%3Ci%20class%3D%22fa%20fa-desktop%20fa-3x%22%3E%3C%2Fi%3E%0A%20%20%20%20%20%20%20%20%20%20%20%20%20%20%20%20%20%20%20%20%20%20%20%20%20%20%20%20%20%20%3Ci%20class%3D%22fa%20fa-desktop%20fa-4x%22%3E%3C%2Fi%3E%0A%20%20%20%20%20%20%20%20%20%20%20%20%20%20%20%20%20%20%20%20%20%20%20%20%20%20%20%20%20%20%3Ci%20class%3D%22fa%20fa-desktop%20fa-5x%22%3E%3C%2Fi%3E%0A%20%20%20%20%20%20%20%20%20%20%20%20%20%20%20%20%20%20%20%20%20%20%20%20%20%20%20%20%20%20%3Cbr%20%2F%3E%0A%20%20%20%20%20%20%20%20%20%20%20%20%20%20%20%20%20%20%20%20%20%20%20%20%20%20%20%20%20%3Cbr%20%2F%3E%0A%20%20%20%20%20%20%20%20%20%20%20%20%20%20%20%20%20%20%20%20%20%20%20%20%20%20%20%20%3Ci%20class%3D%22fa%20fa-flask%20%22%3E%3C%2Fi%3E%0A%20%20%20%20%20%20%20%20%20%20%20%20%20%20%20%20%20%20%20%20%20%20%20%20%20%20%20%20%0A%20%20%20%20%20%20%20%20%20%20%20%20%20%20%20%20%20%20%20%20%20%20%20%20%20%20%20%20%20%3Ci%20class%3D%22fa%20fa-flask%20fa-2x%22%3E%3C%2Fi%3E%0A%20%20%20%20%20%20%20%20%20%20%20%20%20%20%20%20%20%20%20%20%20%20%20%20%20%20%20%20%20%20%3Ci%20class%3D%22fa%20fa-flask%20fa-3x%22%3E%3C%2Fi%3E%0A%20%20%20%20%20%20%20%20%20%20%20%20%20%20%20%20%20%20%20%20%20%20%20%20%20%20%20%20%20%20%3Ci%20class%3D%22fa%20fa-flask%20fa-4x%22%3E%3C%2Fi%3E%0A%20%20%20%20%20%20%20%20%20%20%20%20%20%20%20%20%20%20%20%20%20%20%20%20%20%20%20%20%20%20%3Ci%20class%3D%22fa%20fa-flask%20fa-5x%22%3E%3C%2Fi%3E%0A%20%20%20%20%20%20%20%20%20%20%20%20%20%20%20%20%20%20%20%20%20%20%20%20%20%20%20%20%20%20%3Cbr%20%2F%3E%0A%20%20%20%20%20%20%20%20%20%20%20%20%20%20%20%20%20%20%20%20%20%20%20%20%20%20%20%20%20%20%3Cp%3E%0A%20%20%20%20%20%20%20%20%20%20%20%20%20%20%20%20%20%20%20%20%20%20%20%20For%20more%20customization%20Of%20icons%20please%20visit%20website%20%3A%20fortawesome.github.io%2FFont-Awesome%2Ficons%2F%20or%20%20%3Ca%20href%3D%22http%3A%2F%2Ffortawesome.github.io%2FFont-Awesome%2Ficons%2F%22%20target%3D%22_blank%22%20%3EClick%20here%3C%2Fa%3E%20.%20You%20will%20get%20all%20font-awesome%20icons%20and%20there%20classes%20there.%0A%20%20%20%20%20%20%20%20%20%20%20%20%20%20%20%20%20%20%20%20%20%20%20%20%3C%2Fp%3E%0A%20%20%20%20%20%20%20%20%20%20%20%20%20%20%20%20%20%20%20%20%20%20%20%20%3C%2Fdiv%3E%0A%20%20%20%20%20%20%20%20%20%20%20%20%20%20%20%20%20%20%20%20%20%20%20%20%0A%20%20%20%20%20%20%20%20%20%20%20%20%20%20%20%20%20%20%20%20%3C%2Fdiv%3E%0A%20%20%20%20%20%20%20%20%20%20%20%20%20%20%20%20%20%20%20%20%3C%2Fdiv%3E%0A%20%20%20%20%20%20%20%20%20%20%20%20%20%20%20%20%3C%2Fdiv%3E%0A%20%20%20%20%20%20%20%20%20%20%20%20%20%20%20%20%20%3C!--%20%2F.%20ROW%20%20--%3E%0A%20%20%20%20%20%20%20%20%20%20%20%20%20%20%20%20%3Cdiv%20class%3D%22row%22%3E%0A%20%20%20%20%20%20%20%20%20%20%20%20%20%20%20%20%20%20%20%20%3Cdiv%20class%3D%22col-md-6%22%3E%0A%20%20%20%20%20%20%20%20%20%20%20%20%20%20%20%20%20%20%20%20%20%20%20%20%3Cdiv%20class%3D%22panel%20panel-default%22%3E%0A%20%20%20%20%20%20%20%20%20%20%20%20%20%20%20%20%20%20%20%20%20%20%20%20%3Cdiv%20class%3D%22panel-heading%22%3E%0A%20%20%20%20%20%20%20%20%20%20%20%20%20%20%20%20%20%20%20%20%20%20%20%20%20%20%20%20Simple%20Progress%20Bars%20%0A%20%20%20%20%20%20%20%20%20%20%20%20%20%20%20%20%20%20%20%20%20%20%20%20%3C%2Fdiv%3E%0A%20%20%20%20%20%20%20%20%20%20%20%20%20%20%20%20%20%20%20%20%20%20%20%0A%20%20%20%20%20%20%20%20%20%20%20%20%20%20%20%20%20%20%20%20%20%20%20%20%3Cdiv%20class%3D%22panel-body%22%3E%0A%20%20%20%20%20%20%20%20%20%20%20%20%20%20%20%20%20%20%20%20%20%20%20%3Cdiv%20class%3D%22progress%22%3E%0A%20%20%3Cdiv%20class%3D%22progress-bar%20progress-bar-success%22%20role%3D%22progressbar%22%20aria-valuenow%3D%2240%22%20aria-valuemin%3D%220%22%20aria-valuemax%3D%22100%22%20style%3D%22width%3A%2040%25%22%3E%0A%20%20%20%20%3Cspan%20class%3D%22sr-only%22%3E40%25%20Complete%20(success)%3C%2Fspan%3E%0A%20%20%3C%2Fdiv%3E%0A%3C%2Fdiv%3E%0A%3Cdiv%20class%3D%22progress%22%3E%0A%20%20%3Cdiv%20class%3D%22progress-bar%20progress-bar-info%22%20role%3D%22progressbar%22%20aria-valuenow%3D%2220%22%20aria-valuemin%3D%220%22%20aria-valuemax%3D%22100%22%20style%3D%22width%3A%2020%25%22%3E%0A%20%20%20%20%3Cspan%20class%3D%22sr-only%22%3E20%25%20Complete%3C%2Fspan%3E%0A%20%20%3C%2Fdiv%3E%0A%3C%2Fdiv%3E%0A%3Cdiv%20class%3D%22progress%22%3E%0A%20%20%3Cdiv%20class%3D%22progress-bar%20progress-bar-warning%22%20role%3D%22progressbar%22%20aria-valuenow%3D%2260%22%20aria-valuemin%3D%220%22%20aria-valuemax%3D%22100%22%20style%3D%22width%3A%2060%25%22%3E%0A%20%20%20%20%3Cspan%20class%3D%22sr-only%22%3E60%25%20Complete%20(warning)%3C%2Fspan%3E%0A%20%20%3C%2Fdiv%3E%0A%3C%2Fdiv%3E%0A%3Cdiv%20class%3D%22progress%22%3E%0A%20%20%3Cdiv%20class%3D%22progress-bar%20progress-bar-danger%22%20role%3D%22progressbar%22%20aria-valuenow%3D%2280%22%20aria-valuemin%3D%220%22%20aria-valuemax%3D%22100%22%20style%3D%22width%3A%2080%25%22%3E%0A%20%20%20%20%3Cspan%20class%3D%22sr-only%22%3E80%25%20Complete%3C%2Fspan%3E%0A%20%20%3C%2Fdiv%3E%0A%3C%2Fdiv%3E%0A%20%20%20%20%20%20%20%20%20%20%20%20%20%20%20%20%20%20%20%20%20%20%20%20%20%20%20%20%3C%2Fdiv%3E%0A%20%20%20%20%20%20%20%20%20%20%20%20%20%20%20%20%20%20%20%20%20%20%20%20%20%20%20%20%3C%2Fdiv%3E%0A%20%20%20%20%20%20%20%20%20%20%20%20%20%20%20%20%20%20%20%20%3C%2Fdiv%3E%0A%20%20%20%20%20%20%20%20%20%20%20%20%20%20%20%20%20%20%20%20%3Cdiv%20class%3D%22col-md-6%22%3E%0A%20%20%20%20%20%20%20%20%20%20%20%20%20%20%20%20%20%20%20%20%20%20%20%20%3Cdiv%20class%3D%22panel%20panel-default%22%3E%0A%20%20%20%20%20%20%20%20%20%20%20%20%20%20%20%20%20%20%20%20%20%20%20%20%3Cdiv%20class%3D%22panel-heading%22%3E%0A%20%20%20%20%20%20%20%20%20%20%20%20%20%20%20%20%20%20%20%20%20%20%20%20%20%20%20%20Stripped%20Progress%20Bars%20%0A%20%20%20%20%20%20%20%20%20%20%20%20%20%20%20%20%20%20%20%20%20%20%20%20%3C%2Fdiv%3E%0A%20%20%20%20%20%20%20%20%20%20%20%20%20%20%20%20%20%20%20%20%20%20%20%0A%20%20%20%20%20%20%20%20%20%20%20%20%20%20%20%20%20%20%20%20%20%20%20%20%3Cdiv%20class%3D%22panel-body%22%3E%0A%20%20%20%20%20%20%20%20%20%20%20%20%20%20%20%20%20%20%20%20%20%20%20%3Cdiv%20class%3D%22progress%20progress-striped%22%3E%0A%20%20%3Cdiv%20class%3D%22progress-bar%20progress-bar-success%22%20role%3D%22progressbar%22%20aria-valuenow%3D%2240%22%20aria-valuemin%3D%220%22%20aria-valuemax%3D%22100%22%20style%3D%22width%3A%2040%25%22%3E%0A%20%20%20%20%3Cspan%20class%3D%22sr-only%22%3E40%25%20Complete%20(success)%3C%2Fspan%3E%0A%20%20%3C%2Fdiv%3E%0A%3C%2Fdiv%3E%0A%3Cdiv%20class%3D%22progress%20progress-striped%22%3E%0A%20%20%3Cdiv%20class%3D%22progress-bar%20progress-bar-info%22%20role%3D%22progressbar%22%20aria-valuenow%3D%2220%22%20aria-valuemin%3D%220%22%20aria-valuemax%3D%22100%22%20style%3D%22width%3A%2020%25%22%3E%0A%20%20%20%20%3Cspan%20class%3D%22sr-only%22%3E20%25%20Complete%3C%2Fspan%3E%0A%20%20%3C%2Fdiv%3E%0A%3C%2Fdiv%3E%0A%3Cdiv%20class%3D%22progress%20progress-striped%22%3E%0A%20%20%3Cdiv%20class%3D%22progress-bar%20progress-bar-warning%22%20role%3D%22progressbar%22%20aria-valuenow%3D%2260%22%20aria-valuemin%3D%220%22%20aria-valuemax%3D%22100%22%20style%3D%22width%3A%2060%25%22%3E%0A%20%20%20%20%3Cspan%20class%3D%22sr-only%22%3E60%25%20Complete%20(warning)%3C%2Fspan%3E%0A%20%20%3C%2Fdiv%3E%0A%3C%2Fdiv%3E%0A%3Cdiv%20class%3D%22progress%20progress-striped%22%3E%0A%20%20%3Cdiv%20class%3D%22progress-bar%20progress-bar-danger%22%20role%3D%22progressbar%22%20aria-valuenow%3D%2280%22%20aria-valuemin%3D%220%22%20aria-valuemax%3D%22100%22%20style%3D%22width%3A%2080%25%22%3E%0A%20%20%20%20%3Cspan%20class%3D%22sr-only%22%3E80%25%20Complete%3C%2Fspan%3E%0A%20%20%3C%2Fdiv%3E%0A%3C%2Fdiv%3E%0A%20%20%20%20%20%20%20%20%20%20%20%20%20%20%20%20%20%20%20%20%20%20%20%20%20%20%20%20%3C%2Fdiv%3E%0A%20%20%20%20%20%20%20%20%20%20%20%20%20%20%20%20%20%20%20%20%20%20%20%20%20%20%20%20%3C%2Fdiv%3E%0A%20%20%20%20%20%20%20%20%20%20%20%20%20%20%20%20%20%20%20%20%3C%2Fdiv%3E%0A%20%20%20%20%20%20%20%20%20%20%20%20%20%20%20%20%3C%2Fdiv%3E%0A%20%20%20%20%20%20%20%20%20%20%20%20%20%20%20%20%20%3C!--%20%2F.%20ROW%20%20--%3E%0A%20%20%20%20%20%20%20%20%20%20%20%20%20%20%20%20%3Cdiv%20class%3D%22row%22%3E%0A%20%20%20%20%20%20%20%20%20%20%20%20%20%20%20%20%20%20%20%20%3Cdiv%20class%3D%22col-md-6%22%3E%0A%20%20%20%20%20%20%20%20%20%20%20%20%20%20%20%20%20%20%20%20%20%20%20%20%3Cdiv%20class%3D%22panel%20panel-default%22%3E%0A%20%20%20%20%20%20%20%20%20%20%20%20%20%20%20%20%20%20%20%20%20%20%20%20%3Cdiv%20class%3D%22panel-heading%22%3E%0A%20%20%20%20%20%20%20%20%20%20%20%20%20%20%20%20%20%20%20%20%20%20%20%20%20%20%20%20Animated%20Progress%20Bars%20%0A%20%20%20%20%20%20%20%20%20%20%20%20%20%20%20%20%20%20%20%20%20%20%20%20%3C%2Fdiv%3E%0A%20%20%20%20%20%20%20%20%20%20%20%20%20%20%20%20%20%20%20%20%20%20%20%0A%20%20%20%20%20%20%20%20%20%20%20%20%20%20%20%20%20%20%20%20%20%20%20%20%3Cdiv%20class%3D%22panel-body%22%3E%0A%20%20%20%20%20%20%20%20%20%20%20%20%20%20%20%20%20%20%20%20%20%20%20%3Cdiv%20class%3D%22progress%20progress-striped%20active%22%3E%0A%20%20%3Cdiv%20class%3D%22progress-bar%20progress-bar-primary%22%20role%3D%22progressbar%22%20aria-valuenow%3D%2240%22%20aria-valuemin%3D%220%22%20aria-valuemax%3D%22100%22%20style%3D%22width%3A%2040%25%22%3E%0A%20%20%20%20%3Cspan%20class%3D%22sr-only%22%3E40%25%20Complete%20(success)%3C%2Fspan%3E%0A%20%20%3C%2Fdiv%3E%0A%3C%2Fdiv%3E%0A%20%20%20%20%20%20%20%20%20%20%20%20%20%20%20%20%20%20%20%20%20%20%20%20%20%20%20%20%3C%2Fdiv%3E%0A%20%20%20%20%20%20%20%20%20%20%20%20%20%20%20%20%20%20%20%20%20%20%20%20%20%20%20%20%3C%2Fdiv%3E%0A%20%20%20%20%20%20%20%20%20%20%20%20%20%20%20%20%20%20%20%20%3C%2Fdiv%3E%0A%20%20%20%20%20%20%20%20%20%20%20%20%20%20%20%20%20%20%20%20%20%20%3Cdiv%20class%3D%22col-md-6%22%3E%0A%20%20%20%20%20%20%20%20%20%20%20%20%20%20%20%20%20%20%20%20%20%20%20%20%3Cdiv%20class%3D%22panel%20panel-default%22%3E%0A%20%20%20%20%20%20%20%20%20%20%20%20%20%20%20%20%20%20%20%20%20%20%20%20%3Cdiv%20class%3D%22panel-heading%22%3E%0A%20%20%20%20%20%20%20%20%20%20%20%20%20%20%20%20%20%20%20%20%20%20%20%20%20%20%20%20Stacked%20Progress%20Bars%20%0A%20%20%20%20%20%20%20%20%20%20%20%20%20%20%20%20%20%20%20%20%20%20%20%20%3C%2Fdiv%3E%0A%20%20%20%20%20%20%20%20%20%20%20%20%20%20%20%20%20%20%20%20%20%20%20%0A%20%20%20%20%20%20%20%20%20%20%20%20%20%20%20%20%20%20%20%20%20%20%20%20%3Cdiv%20class%3D%22panel-body%22%3E%0A%20%20%20%20%20%20%20%20%20%20%20%20%20%20%20%20%20%20%20%20%20%20%20%3Cdiv%20class%3D%22progress%22%3E%0A%20%20%3Cdiv%20class%3D%22progress-bar%20progress-bar-success%22%20style%3D%22width%3A%2035%25%22%3E%0A%20%20%20%20%3Cspan%20class%3D%22sr-only%22%3E35%25%20Complete%20(success)%3C%2Fspan%3E%0A%20%20%3C%2Fdiv%3E%0A%20%20%3Cdiv%20class%3D%22progress-bar%20progress-bar-warning%22%20style%3D%22width%3A%2020%25%22%3E%0A%20%20%20%20%3Cspan%20class%3D%22sr-only%22%3E20%25%20Complete%20(warning)%3C%2Fspan%3E%0A%20%20%3C%2Fdiv%3E%0A%20%20%3Cdiv%20class%3D%22progress-bar%20progress-bar-danger%22%20style%3D%22width%3A%2010%25%22%3E%0A%20%20%20%20%3Cspan%20class%3D%22sr-only%22%3E10%25%20Complete%20(danger)%3C%2Fspan%3E%0A%20%20%3C%2Fdiv%3E%0A%3C%2Fdiv%3E%0A%20%20%20%20%20%20%20%20%20%20%20%20%20%20%20%20%20%20%20%20%20%20%20%20%20%20%20%20%3C%2Fdiv%3E%0A%20%20%20%20%20%20%20%20%20%20%20%20%20%20%20%20%20%20%20%20%20%20%20%20%20%20%20%20%3C%2Fdiv%3E%0A%20%20%20%20%20%20%20%20%20%20%20%20%20%20%20%20%20%20%20%20%3C%2Fdiv%3E%0A%20%20%20%20%20%20%20%20%20%20%20%20%20%20%20%20%3C%2Fdiv%3E%0A%20%20%20%20%20%20%20%20%20%20%20%20%20%20%20%20%3C!--%20%2F.%20ROW%20%20--%3E%0A%20%20%20%20%20%20%20%20%20%20%20%20%20%20%20%20%3Cdiv%20class%3D%22row%22%3E%0A%20%20%20%20%20%20%20%20%20%20%20%20%20%20%20%20%20%20%20%20%3Cdiv%20class%3D%22col-md-6%22%3E%0A%20%20%20%20%20%20%20%20%20%20%20%20%20%20%20%20%20%20%20%20%20%20%20%0A%20%20%20%20%20%20%20%20%20%20%20%20%20%20%20%20%20%20%20%20%20%3C!--%20%20Modals--%3E%0A%20%20%20%20%20%20%20%20%20%20%20%20%20%20%20%20%20%20%20%20%3Cdiv%20class%3D%22panel%20panel-default%22%3E%0A%20%20%20%20%20%20%20%20%20%20%20%20%20%20%20%20%20%20%20%20%20%20%20%20%3Cdiv%20class%3D%22panel-heading%22%3E%0A%20%20%20%20%20%20%20%20%20%20%20%20%20%20%20%20%20%20%20%20%20%20%20%20%20%20%20%20Modals%20Example%0A%20%20%20%20%20%20%20%20%20%20%20%20%20%20%20%20%20%20%20%20%20%20%20%20%3C%2Fdiv%3E%0A%20%20%20%20%20%20%20%20%20%20%20%20%20%20%20%20%20%20%20%20%20%20%20%20%3Cdiv%20class%3D%22panel-body%22%3E%0A%20%20%20%20%20%20%20%20%20%20%20%20%20%20%20%20%20%20%20%20%20%20%20%20%20%20%20%20%3Cbutton%20class%3D%22btn%20btn-primary%20btn-lg%22%20data-toggle%3D%22modal%22%20data-target%3D%22%23myModal%22%3E%0A%20%20%20%20%20%20%20%20%20%20%20%20%20%20%20%20%20%20%20%20%20%20%20%20%20%20%20%20%20%20Click%20%20Launch%20Demo%20Modal%0A%20%20%20%20%20%20%20%20%20%20%20%20%20%20%20%20%20%20%20%20%20%20%20%20%20%20%20%20%3C%2Fbutton%3E%0A%20%20%20%20%20%20%20%20%20%20%20%20%20%20%20%20%20%20%20%20%20%20%20%20%20%20%20%20%3Cdiv%20class%3D%22modal%20fade%22%20id%3D%22myModal%22%20tabindex%3D%22-1%22%20role%3D%22dialog%22%20aria-labelledby%3D%22myModalLabel%22%20aria-hidden%3D%22true%22%3E%0A%20%20%20%20%20%20%20%20%20%20%20%20%20%20%20%20%20%20%20%20%20%20%20%20%20%20%20%20%20%20%20%20%3Cdiv%20class%3D%22modal-dialog%22%3E%0A%20%20%20%20%20%20%20%20%20%20%20%20%20%20%20%20%20%20%20%20%20%20%20%20%20%20%20%20%20%20%20%20%20%20%20%20%3Cdiv%20class%3D%22modal-content%22%3E%0A%20%20%20%20%20%20%20%20%20%20%20%20%20%20%20%20%20%20%20%20%20%20%20%20%20%20%20%20%20%20%20%20%20%20%20%20%20%20%20%20%3Cdiv%20class%3D%22modal-header%22%3E%0A%20%20%20%20%20%20%20%20%20%20%20%20%20%20%20%20%20%20%20%20%20%20%20%20%20%20%20%20%20%20%20%20%20%20%20%20%20%20%20%20%20%20%20%20%3Cbutton%20type%3D%22button%22%20class%3D%22close%22%20data-dismiss%3D%22modal%22%20aria-hidden%3D%22true%22%3E%26times%3B%3C%2Fbutton%3E%0A%20%20%20%20%20%20%20%20%20%20%20%20%20%20%20%20%20%20%20%20%20%20%20%20%20%20%20%20%20%20%20%20%20%20%20%20%20%20%20%20%20%20%20%20%3Ch4%20class%3D%22modal-title%22%20id%3D%22myModalLabel%22%3EModal%20title%20Here%3C%2Fh4%3E%0A%20%20%20%20%20%20%20%20%20%20%20%20%20%20%20%20%20%20%20%20%20%20%20%20%20%20%20%20%20%20%20%20%20%20%20%20%20%20%20%20%3C%2Fdiv%3E%0A%20%20%20%20%20%20%20%20%20%20%20%20%20%20%20%20%20%20%20%20%20%20%20%20%20%20%20%20%20%20%20%20%20%20%20%20%20%20%20%20%3Cdiv%20class%3D%22modal-body%22%3E%0A%20%20%20%20%20%20%20%20%20%20%20%20%20%20%20%20%20%20%20%20%20%20%20%20%20%20%20%20%20%20%20%20%20%20%20%20%20%20%20%20%20%20%20%20Lorem%20ipsum%20dolor%20sit%20amet%2C%20consectetur%20adipisicing%20elit%2C%20sed%20do%20eiusmod%20tempor%20incididunt%20ut%20labore%20et%20dolore%20magna%20aliqua.%20Ut%20enim%20ad%20minim%20veniam%2C%20quis%20nostrud%20exercitation%20ullamco%20laboris%20nisi%20ut%20aliquip%20ex%20ea%20commodo%20consequat.%20Duis%20aute%20irure%20dolor%20in%20reprehenderit%20in%20voluptate%20velit%20esse%20cillum%20dolore%20eu%20fugiat%20nulla%20pariatur.%20Excepteur%20sint%20occaecat%20cupidatat%20non%20proident%2C%20sunt%20in%20culpa%20qui%20officia%20deserunt%20mollit%20anim%20id%20est%20laborum.%0A%20%20%20%20%20%20%20%20%20%20%20%20%20%20%20%20%20%20%20%20%20%20%20%20%20%20%20%20%20%20%20%20%20%20%20%20%20%20%20%20%3C%2Fdiv%3E%0A%20%20%20%20%20%20%20%20%20%20%20%20%20%20%20%20%20%20%20%20%20%20%20%20%20%20%20%20%20%20%20%20%20%20%20%20%20%20%20%20%3Cdiv%20class%3D%22modal-footer%22%3E%0A%20%20%20%20%20%20%20%20%20%20%20%20%20%20%20%20%20%20%20%20%20%20%20%20%20%20%20%20%20%20%20%20%20%20%20%20%20%20%20%20%20%20%20%20%3Cbutton%20type%3D%22button%22%20class%3D%22btn%20btn-default%22%20data-dismiss%3D%22modal%22%3EClose%3C%2Fbutton%3E%0A%20%20%20%20%20%20%20%20%20%20%20%20%20%20%20%20%20%20%20%20%20%20%20%20%20%20%20%20%20%20%20%20%20%20%20%20%20%20%20%20%20%20%20%20%3Cbutton%20type%3D%22button%22%20class%3D%22btn%20btn-primary%22%3ESave%20changes%3C%2Fbutton%3E%0A%20%20%20%20%20%20%20%20%20%20%20%20%20%20%20%20%20%20%20%20%20%20%20%20%20%20%20%20%20%20%20%20%20%20%20%20%20%20%20%20%3C%2Fdiv%3E%0A%20%20%20%20%20%20%20%20%20%20%20%20%20%20%20%20%20%20%20%20%20%20%20%20%20%20%20%20%20%20%20%20%20%20%20%20%3C%2Fdiv%3E%0A%20%20%20%20%20%20%20%20%20%20%20%20%20%20%20%20%20%20%20%20%20%20%20%20%20%20%20%20%20%20%20%20%3C%2Fdiv%3E%0A%20%20%20%20%20%20%20%20%20%20%20%20%20%20%20%20%20%20%20%20%20%20%20%20%20%20%20%20%3C%2Fdiv%3E%0A%20%20%20%20%20%20%20%20%20%20%20%20%20%20%20%20%20%20%20%20%20%20%20%20%3C%2Fdiv%3E%0A%20%20%20%20%20%20%20%20%20%20%20%20%20%20%20%20%20%20%20%20%3C%2Fdiv%3E%0A%20%20%20%20%20%20%20%20%20%20%20%20%20%20%20%20%20%20%20%20%20%3C!--%20End%20Modals--%3E%0A%20%20%20%20%20%20%20%20%20%20%20%20%20%20%20%20%0A%20%20%20%20%20%20%20%20%20%20%20%20%20%20%20%20%20%20%20%20%3C%2Fdiv%3E%0A%20%20%20%20%20%20%20%20%20%20%20%20%20%20%20%20%20%20%20%20%20%3Cdiv%20class%3D%22col-md-6%22%3E%0A%20%20%20%20%20%20%20%20%20%20%20%20%20%20%20%20%20%20%20%20%20%20%20%20%20%20%3Cdiv%20class%3D%22panel%20panel-default%22%3E%0A%20%20%20%20%20%20%20%20%20%20%20%20%20%20%20%20%20%20%20%20%20%20%20%20%3Cdiv%20class%3D%22panel-heading%22%3E%0A%20%20%20%20%20%20%20%20%20%20%20%20%20%20%20%20%20%20%20%20%20%20%20%20%20%20%20%20Alerts%20Examples%0A%20%20%20%20%20%20%20%20%20%20%20%20%20%20%20%20%20%20%20%20%20%20%20%20%3C%2Fdiv%3E%0A%20%20%20%20%20%20%20%20%20%20%20%20%20%20%20%20%20%20%20%20%20%20%20%20%3Cdiv%20class%3D%22panel-body%22%3E%0A%20%20%20%20%20%20%20%20%20%20%20%20%20%20%20%20%20%20%20%20%20%20%20%20%20%20%20%20%3Ch5%3E%3Cstrong%3ESimple%20Alert%3C%2Fstrong%3E%3C%2Fh5%3E%0A%20%20%20%20%20%20%20%20%20%20%20%20%20%20%20%20%20%20%20%20%20%20%20%20%20%20%20%20%3Cdiv%20class%3D%22alert%20alert-info%22%3E%0A%20%20%20%20%20%20%20%20%20%20%20%20%20%20%20%20%20%20%20%20%20%20%20%20%20%20%20%20%20%20%20%20Lorem%20ipsum%20dolor%20sit%20amet%2C%20consectetur%20adipisicing%20elit.%20%3Ca%20href%3D%22%23%22%20class%3D%22alert-link%22%3EAlert%20Link%3C%2Fa%3E.%0A%20%20%20%20%20%20%20%20%20%20%20%20%20%20%20%20%20%20%20%20%20%20%20%20%20%20%20%20%3C%2Fdiv%3E%0A%20%20%20%20%20%20%20%20%20%20%20%20%20%20%20%20%20%20%20%20%20%20%20%20%20%20%20%20Info%3A%20You%20can%20use%20other%20classes%20like%20%3Ci%3Ealert-success%3C%2Fi%3E%20%2C%20%3Ci%3Ealert-warning%3C%2Fi%3E%20%26%20%3Ci%3Ealert-danger%3C%2Fi%3E%20instead%20of%20%3Ci%3Ealert-info%3C%2Fi%3E%0A%20%20%20%20%20%20%20%20%20%20%20%20%20%20%20%20%20%20%20%20%20%20%20%20%20%20%20%3Cbr%20%2F%3E%0A%20%20%20%20%20%20%20%20%20%20%20%20%20%20%20%20%20%20%20%20%20%20%20%20%20%20%20%20%20%20%3Ch5%3E%3Cstrong%3EDismissable%20Alert%3C%2Fstrong%3E%3C%2Fh5%3E%0A%20%20%20%20%20%20%20%20%20%20%20%20%20%20%20%20%20%20%20%20%20%20%20%20%20%20%20%20%3Cdiv%20class%3D%22alert%20alert-info%20alert-dismissable%22%3E%0A%20%20%20%20%20%20%20%20%20%20%20%20%20%20%20%20%20%20%20%20%20%20%20%20%20%20%20%20%20%20%20%20%3Cbutton%20type%3D%22button%22%20class%3D%22close%22%20data-dismiss%3D%22alert%22%20aria-hidden%3D%22true%22%3E%C3%97%3C%2Fbutton%3E%0A%20%20%20%20%20%20%20%20%20%20%20%20%20%20%20%20%20%20%20%20%20%20%20%20%20%20%20%20%20%20%20%20Lorem%20ipsum%20dolor%20sit%20amet%2C%20consectetur%20adipisicing%20elit.%20%3Ca%20href%3D%22%23%22%20class%3D%22alert-link%22%3EAlert%20Link%3C%2Fa%3E.%0A%20%20%20%20%20%20%20%20%20%20%20%20%20%20%20%20%20%20%20%20%20%20%20%20%20%20%20%20%3C%2Fdiv%3E%0A%20%20%20%20%20%20%20%20%20%20%20%20%20%20%20%20%20%20%20%20%20%20%20%20%20%20%20%20Info%3A%20You%20can%20use%20other%20classes%20like%20%3Ci%3Ealert-success%3C%2Fi%3E%20%2C%20%3Ci%3Ealert-warning%3C%2Fi%3E%20%26%20%3Ci%3Ealert-danger%3C%2Fi%3E%20instead%20of%20%3Ci%3Ealert-info%3C%2Fi%3E%0A%20%20%20%20%20%20%20%20%20%20%20%20%20%20%20%20%20%20%20%20%20%20%20%20%20%20%20%0A%20%20%20%20%20%20%20%20%20%20%20%20%20%20%20%20%20%20%20%20%20%20%20%20%20%20%20%20%20%3C%2Fdiv%3E%0A%20%20%20%20%20%20%20%20%20%20%20%20%20%20%20%20%20%20%20%20%20%20%20%20%20%20%20%20%20%20%3C%2Fdiv%3E%0A%20%20%20%20%20%20%20%20%20%20%20%20%20%20%20%20%20%20%20%20%20%3C%2Fdiv%3E%0A%20%20%20%20%20%20%20%20%20%20%20%20%20%20%20%20%3C%2Fdiv%3E%0A%20%20%20%20%20%20%20%20%20%20%20%20%20%20%20%20%3C!--%20%2F.%20ROW%20%20--%3E%0A%20%20%20%20%3C%2Fdiv%3E',0),
 (47434,47385,'content','echoHTML','html=%3Cdiv%20id%3D%22page-inner%22%3E%0A%20%20%20%20%20%20%20%20%20%20%20%20%20%20%20%20%3Cdiv%20class%3D%22row%22%3E%0A%20%20%20%20%20%20%20%20%20%20%20%20%20%20%20%20%20%20%20%20%3Cdiv%20class%3D%22col-md-12%22%3E%0A%20%20%20%20%20%20%20%20%20%20%20%20%20%20%20%20%20%20%20%20%20%3Ch2%3EForms%20Page%3C%2Fh2%3E%20%20%20%0A%20%20%20%20%20%20%20%20%20%20%20%20%20%20%20%20%20%20%20%20%20%20%20%20%3Ch5%3EFree%20Bootstrap%20Admin%20Template%20%3A%20Binary%20Admin%20by%20binarycart.com%3C%2Fh5%3E%0A%20%20%20%20%20%20%20%20%20%20%20%20%20%20%20%20%20%20%20%20%20%20%20%0A%20%20%20%20%20%20%20%20%20%20%20%20%20%20%20%20%20%20%20%20%3C%2Fdiv%3E%0A%20%20%20%20%20%20%20%20%20%20%20%20%20%20%20%20%3C%2Fdiv%3E%0A%20%20%20%20%20%20%20%20%20%20%20%20%20%20%20%20%20%3C!--%20%2F.%20ROW%20%20--%3E%0A%20%20%20%20%20%20%20%20%20%20%20%20%20%20%20%20%20%3Chr%20%2F%3E%0A%20%20%20%20%20%20%20%20%20%20%20%20%20%20%20%3Cdiv%20class%3D%22row%22%3E%0A%20%20%20%20%20%20%20%20%20%20%20%20%20%20%20%20%3Cdiv%20class%3D%22col-md-12%22%3E%0A%20%20%20%20%20%20%20%20%20%20%20%20%20%20%20%20%20%20%20%20%3C!--%20Form%20Elements%20--%3E%0A%20%20%20%20%20%20%20%20%20%20%20%20%20%20%20%20%20%20%20%20%3Cdiv%20class%3D%22panel%20panel-default%22%3E%0A%20%20%20%20%20%20%20%20%20%20%20%20%20%20%20%20%20%20%20%20%20%20%20%20%3Cdiv%20class%3D%22panel-heading%22%3E%0A%20%20%20%20%20%20%20%20%20%20%20%20%20%20%20%20%20%20%20%20%20%20%20%20%20%20%20%20Form%20Element%20Examples%0A%20%20%20%20%20%20%20%20%20%20%20%20%20%20%20%20%20%20%20%20%20%20%20%20%3C%2Fdiv%3E%0A%20%20%20%20%20%20%20%20%20%20%20%20%20%20%20%20%20%20%20%20%20%20%20%20%3Cdiv%20class%3D%22panel-body%22%3E%0A%20%20%20%20%20%20%20%20%20%20%20%20%20%20%20%20%20%20%20%20%20%20%20%20%20%20%20%20%3Cdiv%20class%3D%22row%22%3E%0A%20%20%20%20%20%20%20%20%20%20%20%20%20%20%20%20%20%20%20%20%20%20%20%20%20%20%20%20%20%20%20%20%3Cdiv%20class%3D%22col-md-6%22%3E%0A%20%20%20%20%20%20%20%20%20%20%20%20%20%20%20%20%20%20%20%20%20%20%20%20%20%20%20%20%20%20%20%20%20%20%20%20%3Ch3%3EBasic%20Form%20Examples%3C%2Fh3%3E%0A%20%20%20%20%20%20%20%20%20%20%20%20%20%20%20%20%20%20%20%20%20%20%20%20%20%20%20%20%20%20%20%20%20%20%20%20%3Cform%20role%3D%22form%22%3E%0A%20%20%20%20%20%20%20%20%20%20%20%20%20%20%20%20%20%20%20%20%20%20%20%20%20%20%20%20%20%20%20%20%20%20%20%20%20%20%20%20%3Cdiv%20class%3D%22form-group%22%3E%0A%20%20%20%20%20%20%20%20%20%20%20%20%20%20%20%20%20%20%20%20%20%20%20%20%20%20%20%20%20%20%20%20%20%20%20%20%20%20%20%20%20%20%20%20%3Clabel%3EText%20Input%3C%2Flabel%3E%0A%20%20%20%20%20%20%20%20%20%20%20%20%20%20%20%20%20%20%20%20%20%20%20%20%20%20%20%20%20%20%20%20%20%20%20%20%20%20%20%20%20%20%20%20%3Cinput%20class%3D%22form-control%22%20%2F%3E%0A%20%20%20%20%20%20%20%20%20%20%20%20%20%20%20%20%20%20%20%20%20%20%20%20%20%20%20%20%20%20%20%20%20%20%20%20%20%20%20%20%20%20%20%20%3Cp%20class%3D%22help-block%22%3EHelp%20text%20here.%3C%2Fp%3E%0A%20%20%20%20%20%20%20%20%20%20%20%20%20%20%20%20%20%20%20%20%20%20%20%20%20%20%20%20%20%20%20%20%20%20%20%20%20%20%20%20%3C%2Fdiv%3E%0A%20%20%20%20%20%20%20%20%20%20%20%20%20%20%20%20%20%20%20%20%20%20%20%20%20%20%20%20%20%20%20%20%20%20%20%20%20%20%20%20%3Cdiv%20class%3D%22form-group%22%3E%0A%20%20%20%20%20%20%20%20%20%20%20%20%20%20%20%20%20%20%20%20%20%20%20%20%20%20%20%20%20%20%20%20%20%20%20%20%20%20%20%20%20%20%20%20%3Clabel%3EText%20Input%20with%20Placeholder%3C%2Flabel%3E%0A%20%20%20%20%20%20%20%20%20%20%20%20%20%20%20%20%20%20%20%20%20%20%20%20%20%20%20%20%20%20%20%20%20%20%20%20%20%20%20%20%20%20%20%20%3Cinput%20class%3D%22form-control%22%20placeholder%3D%22PLease%20Enter%20Keyword%22%20%2F%3E%0A%20%20%20%20%20%20%20%20%20%20%20%20%20%20%20%20%20%20%20%20%20%20%20%20%20%20%20%20%20%20%20%20%20%20%20%20%20%20%20%20%3C%2Fdiv%3E%0A%20%20%20%20%20%20%20%20%20%20%20%20%20%20%20%20%20%20%20%20%20%20%20%20%20%20%20%20%20%20%20%20%20%20%20%20%20%20%20%20%3Cdiv%20class%3D%22form-group%22%3E%0A%20%20%20%20%20%20%20%20%20%20%20%20%20%20%20%20%20%20%20%20%20%20%20%20%20%20%20%20%20%20%20%20%20%20%20%20%20%20%20%20%20%20%20%20%3Clabel%3EJust%20A%20Label%20Control%3C%2Flabel%3E%0A%20%20%20%20%20%20%20%20%20%20%20%20%20%20%20%20%20%20%20%20%20%20%20%20%20%20%20%20%20%20%20%20%20%20%20%20%20%20%20%20%20%20%20%20%3Cp%20class%3D%22form-control-static%22%3Einfo%40yourdomain.com%3C%2Fp%3E%0A%20%20%20%20%20%20%20%20%20%20%20%20%20%20%20%20%20%20%20%20%20%20%20%20%20%20%20%20%20%20%20%20%20%20%20%20%20%20%20%20%3C%2Fdiv%3E%0A%20%20%20%20%20%20%20%20%20%20%20%20%20%20%20%20%20%20%20%20%20%20%20%20%20%20%20%20%20%20%20%20%20%20%20%20%20%20%20%20%3Cdiv%20class%3D%22form-group%22%3E%0A%20%20%20%20%20%20%20%20%20%20%20%20%20%20%20%20%20%20%20%20%20%20%20%20%20%20%20%20%20%20%20%20%20%20%20%20%20%20%20%20%20%20%20%20%3Clabel%3EFile%20input%3C%2Flabel%3E%0A%20%20%20%20%20%20%20%20%20%20%20%20%20%20%20%20%20%20%20%20%20%20%20%20%20%20%20%20%20%20%20%20%20%20%20%20%20%20%20%20%20%20%20%20%3Cinput%20type%3D%22file%22%20%2F%3E%0A%20%20%20%20%20%20%20%20%20%20%20%20%20%20%20%20%20%20%20%20%20%20%20%20%20%20%20%20%20%20%20%20%20%20%20%20%20%20%20%20%3C%2Fdiv%3E%0A%20%20%20%20%20%20%20%20%20%20%20%20%20%20%20%20%20%20%20%20%20%20%20%20%20%20%20%20%20%20%20%20%20%20%20%20%20%20%20%20%3Cdiv%20class%3D%22form-group%22%3E%0A%20%20%20%20%20%20%20%20%20%20%20%20%20%20%20%20%20%20%20%20%20%20%20%20%20%20%20%20%20%20%20%20%20%20%20%20%20%20%20%20%20%20%20%20%3Clabel%3EText%20area%3C%2Flabel%3E%0A%20%20%20%20%20%20%20%20%20%20%20%20%20%20%20%20%20%20%20%20%20%20%20%20%20%20%20%20%20%20%20%20%20%20%20%20%20%20%20%20%20%20%20%20%3Ctextarea%20class%3D%22form-control%22%20rows%3D%223%22%3E%3C%2Ftextarea%3E%0A%20%20%20%20%20%20%20%20%20%20%20%20%20%20%20%20%20%20%20%20%20%20%20%20%20%20%20%20%20%20%20%20%20%20%20%20%20%20%20%20%3C%2Fdiv%3E%0A%20%20%20%20%20%20%20%20%20%20%20%20%20%20%20%20%20%20%20%20%20%20%20%20%20%20%20%20%20%20%20%20%20%20%20%20%20%20%20%20%3Cdiv%20class%3D%22form-group%22%3E%0A%20%20%20%20%20%20%20%20%20%20%20%20%20%20%20%20%20%20%20%20%20%20%20%20%20%20%20%20%20%20%20%20%20%20%20%20%20%20%20%20%20%20%20%20%3Clabel%3ECheckboxes%3C%2Flabel%3E%0A%20%20%20%20%20%20%20%20%20%20%20%20%20%20%20%20%20%20%20%20%20%20%20%20%20%20%20%20%20%20%20%20%20%20%20%20%20%20%20%20%20%20%20%20%3Cdiv%20class%3D%22checkbox%22%3E%0A%20%20%20%20%20%20%20%20%20%20%20%20%20%20%20%20%20%20%20%20%20%20%20%20%20%20%20%20%20%20%20%20%20%20%20%20%20%20%20%20%20%20%20%20%20%20%20%20%3Clabel%3E%0A%20%20%20%20%20%20%20%20%20%20%20%20%20%20%20%20%20%20%20%20%20%20%20%20%20%20%20%20%20%20%20%20%20%20%20%20%20%20%20%20%20%20%20%20%20%20%20%20%20%20%20%20%3Cinput%20type%3D%22checkbox%22%20value%3D%22%22%20%2F%3ECheckbox%20Example%20One%0A%20%20%20%20%20%20%20%20%20%20%20%20%20%20%20%20%20%20%20%20%20%20%20%20%20%20%20%20%20%20%20%20%20%20%20%20%20%20%20%20%20%20%20%20%20%20%20%20%3C%2Flabel%3E%0A%20%20%20%20%20%20%20%20%20%20%20%20%20%20%20%20%20%20%20%20%20%20%20%20%20%20%20%20%20%20%20%20%20%20%20%20%20%20%20%20%20%20%20%20%3C%2Fdiv%3E%0A%20%20%20%20%20%20%20%20%20%20%20%20%20%20%20%20%20%20%20%20%20%20%20%20%20%20%20%20%20%20%20%20%20%20%20%20%20%20%20%20%20%20%20%20%3Cdiv%20class%3D%22checkbox%22%3E%0A%20%20%20%20%20%20%20%20%20%20%20%20%20%20%20%20%20%20%20%20%20%20%20%20%20%20%20%20%20%20%20%20%20%20%20%20%20%20%20%20%20%20%20%20%20%20%20%20%3Clabel%3E%0A%20%20%20%20%20%20%20%20%20%20%20%20%20%20%20%20%20%20%20%20%20%20%20%20%20%20%20%20%20%20%20%20%20%20%20%20%20%20%20%20%20%20%20%20%20%20%20%20%20%20%20%20%3Cinput%20type%3D%22checkbox%22%20value%3D%22%22%2F%3ECheckbox%20Example%20Two%0A%20%20%20%20%20%20%20%20%20%20%20%20%20%20%20%20%20%20%20%20%20%20%20%20%20%20%20%20%20%20%20%20%20%20%20%20%20%20%20%20%20%20%20%20%20%20%20%20%3C%2Flabel%3E%0A%20%20%20%20%20%20%20%20%20%20%20%20%20%20%20%20%20%20%20%20%20%20%20%20%20%20%20%20%20%20%20%20%20%20%20%20%20%20%20%20%20%20%20%20%3C%2Fdiv%3E%0A%20%20%20%20%20%20%20%20%20%20%20%20%20%20%20%20%20%20%20%20%20%20%20%20%20%20%20%20%20%20%20%20%20%20%20%20%20%20%20%20%20%20%20%20%3Cdiv%20class%3D%22checkbox%22%3E%0A%20%20%20%20%20%20%20%20%20%20%20%20%20%20%20%20%20%20%20%20%20%20%20%20%20%20%20%20%20%20%20%20%20%20%20%20%20%20%20%20%20%20%20%20%20%20%20%20%3Clabel%3E%0A%20%20%20%20%20%20%20%20%20%20%20%20%20%20%20%20%20%20%20%20%20%20%20%20%20%20%20%20%20%20%20%20%20%20%20%20%20%20%20%20%20%20%20%20%20%20%20%20%20%20%20%20%3Cinput%20type%3D%22checkbox%22%20value%3D%22%22%2F%3ECheckbox%20Example%20Three%0A%20%20%20%20%20%20%20%20%20%20%20%20%20%20%20%20%20%20%20%20%20%20%20%20%20%20%20%20%20%20%20%20%20%20%20%20%20%20%20%20%20%20%20%20%20%20%20%20%3C%2Flabel%3E%0A%20%20%20%20%20%20%20%20%20%20%20%20%20%20%20%20%20%20%20%20%20%20%20%20%20%20%20%20%20%20%20%20%20%20%20%20%20%20%20%20%20%20%20%20%3C%2Fdiv%3E%0A%20%20%20%20%20%20%20%20%20%20%20%20%20%20%20%20%20%20%20%20%20%20%20%20%20%20%20%20%20%20%20%20%20%20%20%20%20%20%20%20%3C%2Fdiv%3E%0A%20%20%20%20%20%20%20%20%20%20%20%20%20%20%20%20%20%20%20%20%20%20%20%20%20%20%20%20%20%20%20%20%20%20%20%20%20%20%20%20%3Cdiv%20class%3D%22form-group%22%3E%0A%20%20%20%20%20%20%20%20%20%20%20%20%20%20%20%20%20%20%20%20%20%20%20%20%20%20%20%20%20%20%20%20%20%20%20%20%20%20%20%20%20%20%20%20%3Clabel%3EInline%20Checkboxes%20Examples%3C%2Flabel%3E%0A%20%20%20%20%20%20%20%20%20%20%20%20%20%20%20%20%20%20%20%20%20%20%20%20%20%20%20%20%20%20%20%20%20%20%20%20%20%20%20%20%20%20%20%20%3Clabel%20class%3D%22checkbox-inline%22%3E%0A%20%20%20%20%20%20%20%20%20%20%20%20%20%20%20%20%20%20%20%20%20%20%20%20%20%20%20%20%20%20%20%20%20%20%20%20%20%20%20%20%20%20%20%20%20%20%20%20%3Cinput%20type%3D%22checkbox%22%2F%3E%20One%0A%20%20%20%20%20%20%20%20%20%20%20%20%20%20%20%20%20%20%20%20%20%20%20%20%20%20%20%20%20%20%20%20%20%20%20%20%20%20%20%20%20%20%20%20%3C%2Flabel%3E%0A%20%20%20%20%20%20%20%20%20%20%20%20%20%20%20%20%20%20%20%20%20%20%20%20%20%20%20%20%20%20%20%20%20%20%20%20%20%20%20%20%20%20%20%20%3Clabel%20class%3D%22checkbox-inline%22%3E%0A%20%20%20%20%20%20%20%20%20%20%20%20%20%20%20%20%20%20%20%20%20%20%20%20%20%20%20%20%20%20%20%20%20%20%20%20%20%20%20%20%20%20%20%20%20%20%20%20%3Cinput%20type%3D%22checkbox%22%2F%3E%20Two%0A%20%20%20%20%20%20%20%20%20%20%20%20%20%20%20%20%20%20%20%20%20%20%20%20%20%20%20%20%20%20%20%20%20%20%20%20%20%20%20%20%20%20%20%20%3C%2Flabel%3E%0A%20%20%20%20%20%20%20%20%20%20%20%20%20%20%20%20%20%20%20%20%20%20%20%20%20%20%20%20%20%20%20%20%20%20%20%20%20%20%20%20%20%20%20%20%3Clabel%20class%3D%22checkbox-inline%22%3E%0A%20%20%20%20%20%20%20%20%20%20%20%20%20%20%20%20%20%20%20%20%20%20%20%20%20%20%20%20%20%20%20%20%20%20%20%20%20%20%20%20%20%20%20%20%20%20%20%20%3Cinput%20type%3D%22checkbox%22%2F%3E%20Three%0A%20%20%20%20%20%20%20%20%20%20%20%20%20%20%20%20%20%20%20%20%20%20%20%20%20%20%20%20%20%20%20%20%20%20%20%20%20%20%20%20%20%20%20%20%3C%2Flabel%3E%0A%20%20%20%20%20%20%20%20%20%20%20%20%20%20%20%20%20%20%20%20%20%20%20%20%20%20%20%20%20%20%20%20%20%20%20%20%20%20%20%20%3C%2Fdiv%3E%0A%20%20%20%20%20%20%20%20%20%20%20%20%20%20%20%20%20%20%20%20%20%20%20%20%20%20%20%20%20%20%20%20%20%20%20%20%20%20%20%20%3Cdiv%20class%3D%22form-group%22%3E%0A%20%20%20%20%20%20%20%20%20%20%20%20%20%20%20%20%20%20%20%20%20%20%20%20%20%20%20%20%20%20%20%20%20%20%20%20%20%20%20%20%20%20%20%20%3Clabel%3ERadio%20Button%20Examples%3C%2Flabel%3E%0A%20%20%20%20%20%20%20%20%20%20%20%20%20%20%20%20%20%20%20%20%20%20%20%20%20%20%20%20%20%20%20%20%20%20%20%20%20%20%20%20%20%20%20%20%3Cdiv%20class%3D%22radio%22%3E%0A%20%20%20%20%20%20%20%20%20%20%20%20%20%20%20%20%20%20%20%20%20%20%20%20%20%20%20%20%20%20%20%20%20%20%20%20%20%20%20%20%20%20%20%20%20%20%20%20%3Clabel%3E%0A%20%20%20%20%20%20%20%20%20%20%20%20%20%20%20%20%20%20%20%20%20%20%20%20%20%20%20%20%20%20%20%20%20%20%20%20%20%20%20%20%20%20%20%20%20%20%20%20%20%20%20%20%3Cinput%20type%3D%22radio%22%20name%3D%22optionsRadios%22%20id%3D%22optionsRadios1%22%20value%3D%22option1%22%20checked%20%2F%3ERadio%20Example%20One%0A%20%20%20%20%20%20%20%20%20%20%20%20%20%20%20%20%20%20%20%20%20%20%20%20%20%20%20%20%20%20%20%20%20%20%20%20%20%20%20%20%20%20%20%20%20%20%20%20%3C%2Flabel%3E%0A%20%20%20%20%20%20%20%20%20%20%20%20%20%20%20%20%20%20%20%20%20%20%20%20%20%20%20%20%20%20%20%20%20%20%20%20%20%20%20%20%20%20%20%20%3C%2Fdiv%3E%0A%20%20%20%20%20%20%20%20%20%20%20%20%20%20%20%20%20%20%20%20%20%20%20%20%20%20%20%20%20%20%20%20%20%20%20%20%20%20%20%20%20%20%20%20%3Cdiv%20class%3D%22radio%22%3E%0A%20%20%20%20%20%20%20%20%20%20%20%20%20%20%20%20%20%20%20%20%20%20%20%20%20%20%20%20%20%20%20%20%20%20%20%20%20%20%20%20%20%20%20%20%20%20%20%20%3Clabel%3E%0A%20%20%20%20%20%20%20%20%20%20%20%20%20%20%20%20%20%20%20%20%20%20%20%20%20%20%20%20%20%20%20%20%20%20%20%20%20%20%20%20%20%20%20%20%20%20%20%20%20%20%20%20%3Cinput%20type%3D%22radio%22%20name%3D%22optionsRadios%22%20id%3D%22optionsRadios2%22%20value%3D%22option2%22%2F%3ERadio%20Example%20Two%0A%20%20%20%20%20%20%20%20%20%20%20%20%20%20%20%20%20%20%20%20%20%20%20%20%20%20%20%20%20%20%20%20%20%20%20%20%20%20%20%20%20%20%20%20%20%20%20%20%3C%2Flabel%3E%0A%20%20%20%20%20%20%20%20%20%20%20%20%20%20%20%20%20%20%20%20%20%20%20%20%20%20%20%20%20%20%20%20%20%20%20%20%20%20%20%20%20%20%20%20%3C%2Fdiv%3E%0A%20%20%20%20%20%20%20%20%20%20%20%20%20%20%20%20%20%20%20%20%20%20%20%20%20%20%20%20%20%20%20%20%20%20%20%20%20%20%20%20%20%20%20%20%3Cdiv%20class%3D%22radio%22%3E%0A%20%20%20%20%20%20%20%20%20%20%20%20%20%20%20%20%20%20%20%20%20%20%20%20%20%20%20%20%20%20%20%20%20%20%20%20%20%20%20%20%20%20%20%20%20%20%20%20%3Clabel%3E%0A%20%20%20%20%20%20%20%20%20%20%20%20%20%20%20%20%20%20%20%20%20%20%20%20%20%20%20%20%20%20%20%20%20%20%20%20%20%20%20%20%20%20%20%20%20%20%20%20%20%20%20%20%3Cinput%20type%3D%22radio%22%20name%3D%22optionsRadios%22%20id%3D%22optionsRadios3%22%20value%3D%22option3%22%2F%3ERadio%20Example%20Three%0A%20%20%20%20%20%20%20%20%20%20%20%20%20%20%20%20%20%20%20%20%20%20%20%20%20%20%20%20%20%20%20%20%20%20%20%20%20%20%20%20%20%20%20%20%20%20%20%20%3C%2Flabel%3E%0A%20%20%20%20%20%20%20%20%20%20%20%20%20%20%20%20%20%20%20%20%20%20%20%20%20%20%20%20%20%20%20%20%20%20%20%20%20%20%20%20%20%20%20%20%3C%2Fdiv%3E%0A%20%20%20%20%20%20%20%20%20%20%20%20%20%20%20%20%20%20%20%20%20%20%20%20%20%20%20%20%20%20%20%20%20%20%20%20%20%20%20%20%3C%2Fdiv%3E%0A%20%20%20%20%20%20%20%20%20%20%20%20%20%20%20%20%20%20%20%20%20%20%20%20%20%20%20%20%20%20%20%20%20%20%20%20%20%20%20%20%0A%20%20%20%20%20%20%20%20%20%20%20%20%20%20%20%20%20%20%20%20%20%20%20%20%20%20%20%20%20%20%20%20%20%20%20%20%20%20%20%20%3Cdiv%20class%3D%22form-group%22%3E%0A%20%20%20%20%20%20%20%20%20%20%20%20%20%20%20%20%20%20%20%20%20%20%20%20%20%20%20%20%20%20%20%20%20%20%20%20%20%20%20%20%20%20%20%20%3Clabel%3ESelect%20Example%3C%2Flabel%3E%0A%20%20%20%20%20%20%20%20%20%20%20%20%20%20%20%20%20%20%20%20%20%20%20%20%20%20%20%20%20%20%20%20%20%20%20%20%20%20%20%20%20%20%20%20%3Cselect%20class%3D%22form-control%22%3E%0A%20%20%20%20%20%20%20%20%20%20%20%20%20%20%20%20%20%20%20%20%20%20%20%20%20%20%20%20%20%20%20%20%20%20%20%20%20%20%20%20%20%20%20%20%20%20%20%20%3Coption%3EOne%20Vale%3C%2Foption%3E%0A%20%20%20%20%20%20%20%20%20%20%20%20%20%20%20%20%20%20%20%20%20%20%20%20%20%20%20%20%20%20%20%20%20%20%20%20%20%20%20%20%20%20%20%20%20%20%20%20%3Coption%3ETwo%20Vale%3C%2Foption%3E%0A%20%20%20%20%20%20%20%20%20%20%20%20%20%20%20%20%20%20%20%20%20%20%20%20%20%20%20%20%20%20%20%20%20%20%20%20%20%20%20%20%20%20%20%20%20%20%20%20%3Coption%3EThree%20Vale%3C%2Foption%3E%0A%20%20%20%20%20%20%20%20%20%20%20%20%20%20%20%20%20%20%20%20%20%20%20%20%20%20%20%20%20%20%20%20%20%20%20%20%20%20%20%20%20%20%20%20%20%20%20%20%3Coption%3EFour%20Vale%3C%2Foption%3E%0A%20%20%20%20%20%20%20%20%20%20%20%20%20%20%20%20%20%20%20%20%20%20%20%20%20%20%20%20%20%20%20%20%20%20%20%20%20%20%20%20%20%20%20%20%3C%2Fselect%3E%0A%20%20%20%20%20%20%20%20%20%20%20%20%20%20%20%20%20%20%20%20%20%20%20%20%20%20%20%20%20%20%20%20%20%20%20%20%20%20%20%20%3C%2Fdiv%3E%0A%20%20%20%20%20%20%20%20%20%20%20%20%20%20%20%20%20%20%20%20%20%20%20%20%20%20%20%20%20%20%20%20%20%20%20%20%20%20%20%20%3Cdiv%20class%3D%22form-group%22%3E%0A%20%20%20%20%20%20%20%20%20%20%20%20%20%20%20%20%20%20%20%20%20%20%20%20%20%20%20%20%20%20%20%20%20%20%20%20%20%20%20%20%20%20%20%20%3Clabel%3EMultiple%20Select%20Example%3C%2Flabel%3E%0A%20%20%20%20%20%20%20%20%20%20%20%20%20%20%20%20%20%20%20%20%20%20%20%20%20%20%20%20%20%20%20%20%20%20%20%20%20%20%20%20%20%20%20%20%3Cselect%20multiple%20class%3D%22form-control%22%3E%0A%20%20%20%20%20%20%20%20%20%20%20%20%20%20%20%20%20%20%20%20%20%20%20%20%20%20%20%20%20%20%20%20%20%20%20%20%20%20%20%20%20%20%20%20%20%20%20%20%3Coption%3EOne%20Vale%3C%2Foption%3E%0A%20%20%20%20%20%20%20%20%20%20%20%20%20%20%20%20%20%20%20%20%20%20%20%20%20%20%20%20%20%20%20%20%20%20%20%20%20%20%20%20%20%20%20%20%20%20%20%20%3Coption%3ETwo%20Vale%3C%2Foption%3E%0A%20%20%20%20%20%20%20%20%20%20%20%20%20%20%20%20%20%20%20%20%20%20%20%20%20%20%20%20%20%20%20%20%20%20%20%20%20%20%20%20%20%20%20%20%20%20%20%20%3Coption%3EThree%20Vale%3C%2Foption%3E%0A%20%20%20%20%20%20%20%20%20%20%20%20%20%20%20%20%20%20%20%20%20%20%20%20%20%20%20%20%20%20%20%20%20%20%20%20%20%20%20%20%20%20%20%20%20%20%20%20%3Coption%3EFour%20Vale%3C%2Foption%3E%0A%20%20%20%20%20%20%20%20%20%20%20%20%20%20%20%20%20%20%20%20%20%20%20%20%20%20%20%20%20%20%20%20%20%20%20%20%20%20%20%20%20%20%20%20%3C%2Fselect%3E%0A%20%20%20%20%20%20%20%20%20%20%20%20%20%20%20%20%20%20%20%20%20%20%20%20%20%20%20%20%20%20%20%20%20%20%20%20%20%20%20%20%3C%2Fdiv%3E%0A%20%20%20%20%20%20%20%20%20%20%20%20%20%20%20%20%20%20%20%20%20%20%20%20%20%20%20%20%20%20%20%20%20%20%20%20%20%20%20%20%3Cbutton%20type%3D%22submit%22%20class%3D%22btn%20btn-default%22%3ESubmit%20Button%3C%2Fbutton%3E%0A%20%20%20%20%20%20%20%20%20%20%20%20%20%20%20%20%20%20%20%20%20%20%20%20%20%20%20%20%20%20%20%20%20%20%20%20%20%20%20%20%3Cbutton%20type%3D%22reset%22%20class%3D%22btn%20btn-primary%22%3EReset%20Button%3C%2Fbutton%3E%0A%0A%20%20%20%20%20%20%20%20%20%20%20%20%20%20%20%20%20%20%20%20%20%20%20%20%20%20%20%20%20%20%20%20%20%20%20%20%3C%2Fform%3E%0A%20%20%20%20%20%20%20%20%20%20%20%20%20%20%20%20%20%20%20%20%20%20%20%20%20%20%20%20%20%20%20%20%20%20%20%20%3Cbr%20%2F%3E%0A%20%20%20%20%20%20%20%20%20%20%20%20%20%20%20%20%20%20%20%20%20%20%20%20%20%20%20%20%20%20%20%20%20%20%20%20%20%20%3Ch3%3EWith%20radio%20%26%20checkboxes%3C%2Fh3%3E%0A%20%20%20%20%20%20%20%20%20%20%20%20%20%20%20%20%20%20%20%20%20%20%20%20%20%20%20%20%20%20%20%20%20%20%20%20%3Cform%3E%0A%0A%20%20%20%20%3Cdiv%20class%3D%22form-group%20input-group%22%3E%0A%20%20%20%20%20%20%3Cspan%20class%3D%22input-group-addon%22%3E%0A%20%20%20%20%20%20%20%20%3Cinput%20type%3D%22checkbox%22%20%2F%3E%0A%20%20%20%20%20%20%3C%2Fspan%3E%0A%20%20%20%20%20%20%3Cinput%20type%3D%22text%22%20class%3D%22form-control%22%20%2F%3E%0A%20%20%20%20%3C%2Fdiv%3E%0A%20%20%20%20%20%20%20%20%20%20%20%20%20%20%20%20%20%20%20%20%20%20%20%20%20%20%20%20%20%20%20%20%20%20%20%20%20%20%20%20%20%3Cdiv%20class%3D%22form-group%20input-group%22%3E%0A%20%20%20%20%20%20%3Cspan%20class%3D%22input-group-addon%22%3E%0A%20%20%20%20%20%20%20%20%3Cinput%20type%3D%22radio%22%20%2F%3E%0A%20%20%20%20%20%20%3C%2Fspan%3E%0A%20%20%20%20%20%20%3Cinput%20type%3D%22text%22%20class%3D%22form-control%22%20%2F%3E%0A%20%20%20%20%3C%2Fdiv%3E%0A%20%20%20%20%20%20%20%20%20%20%20%20%20%20%20%20%20%20%20%20%20%20%20%20%20%20%20%20%20%20%20%20%20%20%20%20%3C%2Fform%3E%0A%0A%20%20%20%20%20%20%20%20%20%20%20%20%20%20%20%20%20%20%20%20%20%20%20%20%20%20%20%20%20%20%20%20%20%0A%20%20%20%20%3C%2Fdiv%3E%0A%20%20%20%20%20%20%20%20%20%20%20%20%20%20%20%20%20%20%20%20%20%20%20%20%20%20%20%20%20%20%20%20%0A%20%20%20%20%20%20%20%20%20%20%20%20%20%20%20%20%20%20%20%20%20%20%20%20%20%20%20%20%20%20%20%20%3Cdiv%20class%3D%22col-md-6%22%3E%0A%20%20%20%20%20%20%20%20%20%20%20%20%20%20%20%20%20%20%20%20%20%20%20%20%20%20%20%20%20%20%20%20%20%20%20%20%3Ch3%3EDisabled%20Form%20State%20Examples%3C%2Fh3%3E%0A%20%20%20%20%20%20%20%20%20%20%20%20%20%20%20%20%20%20%20%20%20%20%20%20%20%20%20%20%20%20%20%20%20%20%20%20%3Cform%20role%3D%22form%22%3E%0A%20%20%20%20%20%20%20%20%20%20%20%20%20%20%20%20%20%20%20%20%20%20%20%20%20%20%20%20%20%20%20%20%20%20%20%20%20%20%20%20%3Cfieldset%20disabled%3D%22disabled%22%3E%0A%20%20%20%20%20%20%20%20%20%20%20%20%20%20%20%20%20%20%20%20%20%20%20%20%20%20%20%20%20%20%20%20%20%20%20%20%20%20%20%20%20%20%20%20%3Cdiv%20class%3D%22form-group%22%3E%0A%20%20%20%20%20%20%20%20%20%20%20%20%20%20%20%20%20%20%20%20%20%20%20%20%20%20%20%20%20%20%20%20%20%20%20%20%20%20%20%20%20%20%20%20%20%20%20%20%3Clabel%20for%3D%22disabledSelect%22%3EDisabled%20input%3C%2Flabel%3E%0A%20%20%20%20%20%20%20%20%20%20%20%20%20%20%20%20%20%20%20%20%20%20%20%20%20%20%20%20%20%20%20%20%20%20%20%20%20%20%20%20%20%20%20%20%20%20%20%20%3Cinput%20class%3D%22form-control%22%20id%3D%22disabledInput%22%20type%3D%22text%22%20placeholder%3D%22Disabled%20input%22%20disabled%20%2F%3E%0A%20%20%20%20%20%20%20%20%20%20%20%20%20%20%20%20%20%20%20%20%20%20%20%20%20%20%20%20%20%20%20%20%20%20%20%20%20%20%20%20%20%20%20%20%3C%2Fdiv%3E%0A%20%20%20%20%20%20%20%20%20%20%20%20%20%20%20%20%20%20%20%20%20%20%20%20%20%20%20%20%20%20%20%20%20%20%20%20%20%20%20%20%20%20%20%20%3Cdiv%20class%3D%22form-group%22%3E%0A%20%20%20%20%20%20%20%20%20%20%20%20%20%20%20%20%20%20%20%20%20%20%20%20%20%20%20%20%20%20%20%20%20%20%20%20%20%20%20%20%20%20%20%20%20%20%20%20%3Clabel%20for%3D%22disabledSelect%22%3EDisabled%20select%20%3C%2Flabel%3E%0A%20%20%20%20%20%20%20%20%20%20%20%20%20%20%20%20%20%20%20%20%20%20%20%20%20%20%20%20%20%20%20%20%20%20%20%20%20%20%20%20%20%20%20%20%20%20%20%20%3Cselect%20id%3D%22disabledSelect%22%20class%3D%22form-control%22%3E%0A%20%20%20%20%20%20%20%20%20%20%20%20%20%20%20%20%20%20%20%20%20%20%20%20%20%20%20%20%20%20%20%20%20%20%20%20%20%20%20%20%20%20%20%20%20%20%20%20%20%20%20%20%3Coption%3EDisabled%20select%3C%2Foption%3E%0A%20%20%20%20%20%20%20%20%20%20%20%20%20%20%20%20%20%20%20%20%20%20%20%20%20%20%20%20%20%20%20%20%20%20%20%20%20%20%20%20%20%20%20%20%20%20%20%20%3C%2Fselect%3E%0A%20%20%20%20%20%20%20%20%20%20%20%20%20%20%20%20%20%20%20%20%20%20%20%20%20%20%20%20%20%20%20%20%20%20%20%20%20%20%20%20%20%20%20%20%3C%2Fdiv%3E%0A%20%20%20%20%20%20%20%20%20%20%20%20%20%20%20%20%20%20%20%20%20%20%20%20%20%20%20%20%20%20%20%20%20%20%20%20%20%20%20%20%20%20%20%20%3Cdiv%20class%3D%22checkbox%22%3E%0A%20%20%20%20%20%20%20%20%20%20%20%20%20%20%20%20%20%20%20%20%20%20%20%20%20%20%20%20%20%20%20%20%20%20%20%20%20%20%20%20%20%20%20%20%20%20%20%20%3Clabel%3E%0A%20%20%20%20%20%20%20%20%20%20%20%20%20%20%20%20%20%20%20%20%20%20%20%20%20%20%20%20%20%20%20%20%20%20%20%20%20%20%20%20%20%20%20%20%20%20%20%20%20%20%20%20%3Cinput%20type%3D%22checkbox%22%20%2F%3EDisabled%20Checkbox%0A%20%20%20%20%20%20%20%20%20%20%20%20%20%20%20%20%20%20%20%20%20%20%20%20%20%20%20%20%20%20%20%20%20%20%20%20%20%20%20%20%20%20%20%20%20%20%20%20%3C%2Flabel%3E%0A%20%20%20%20%20%20%20%20%20%20%20%20%20%20%20%20%20%20%20%20%20%20%20%20%20%20%20%20%20%20%20%20%20%20%20%20%20%20%20%20%20%20%20%20%3C%2Fdiv%3E%0A%20%20%20%20%20%20%20%20%20%20%20%20%20%20%20%20%20%20%20%20%20%20%20%20%20%20%20%20%20%20%20%20%20%20%20%20%20%20%20%20%20%20%20%20%3Cbutton%20type%3D%22submit%22%20class%3D%22btn%20btn-primary%22%3EDisabled%20Button%3C%2Fbutton%3E%0A%20%20%20%20%20%20%20%20%20%20%20%20%20%20%20%20%20%20%20%20%20%20%20%20%20%20%20%20%20%20%20%20%20%20%20%20%20%20%20%20%3C%2Ffieldset%3E%0A%20%20%20%20%20%20%20%20%20%20%20%20%20%20%20%20%20%20%20%20%20%20%20%20%20%20%20%20%20%20%20%20%20%20%20%20%3C%2Fform%3E%0A%20%20%20%20%20%20%20%20%20%20%20%20%20%20%20%20%20%20%20%20%20%20%20%20%20%20%20%20%20%20%20%20%20%20%20%20%3Ch3%3EValidation%20State%20Examples%3C%2Fh3%3E%0A%20%20%20%20%20%20%20%20%20%20%20%20%20%20%20%20%20%20%20%20%20%20%20%20%20%20%20%20%20%20%20%20%20%20%20%20%3Cform%20role%3D%22form%22%3E%0A%20%20%20%20%20%20%20%20%20%20%20%20%20%20%20%20%20%20%20%20%20%20%20%20%20%20%20%20%20%20%20%20%20%20%20%20%20%20%20%20%3Cdiv%20class%3D%22form-group%20has-success%22%3E%0A%20%20%20%20%20%20%20%20%20%20%20%20%20%20%20%20%20%20%20%20%20%20%20%20%20%20%20%20%20%20%20%20%20%20%20%20%20%20%20%20%20%20%20%20%3Clabel%20class%3D%22control-label%22%20for%3D%22inputSuccess%22%3EInput%20with%20success%3C%2Flabel%3E%0A%20%20%20%20%20%20%20%20%20%20%20%20%20%20%20%20%20%20%20%20%20%20%20%20%20%20%20%20%20%20%20%20%20%20%20%20%20%20%20%20%20%20%20%20%3Cinput%20type%3D%22text%22%20class%3D%22form-control%22%20id%3D%22inputSuccess%22%3E%0A%20%20%20%20%20%20%20%20%20%20%20%20%20%20%20%20%20%20%20%20%20%20%20%20%20%20%20%20%20%20%20%20%20%20%20%20%20%20%20%20%3C%2Fdiv%3E%0A%20%20%20%20%20%20%20%20%20%20%20%20%20%20%20%20%20%20%20%20%20%20%20%20%20%20%20%20%20%20%20%20%20%20%20%20%20%20%20%20%3Cdiv%20class%3D%22form-group%20has-warning%22%3E%0A%20%20%20%20%20%20%20%20%20%20%20%20%20%20%20%20%20%20%20%20%20%20%20%20%20%20%20%20%20%20%20%20%20%20%20%20%20%20%20%20%20%20%20%20%3Clabel%20class%3D%22control-label%22%20for%3D%22inputWarning%22%3EInput%20with%20warning%3C%2Flabel%3E%0A%20%20%20%20%20%20%20%20%20%20%20%20%20%20%20%20%20%20%20%20%20%20%20%20%20%20%20%20%20%20%20%20%20%20%20%20%20%20%20%20%20%20%20%20%3Cinput%20type%3D%22text%22%20class%3D%22form-control%22%20id%3D%22inputWarning%22%3E%0A%20%20%20%20%20%20%20%20%20%20%20%20%20%20%20%20%20%20%20%20%20%20%20%20%20%20%20%20%20%20%20%20%20%20%20%20%20%20%20%20%3C%2Fdiv%3E%0A%20%20%20%20%20%20%20%20%20%20%20%20%20%20%20%20%20%20%20%20%20%20%20%20%20%20%20%20%20%20%20%20%20%20%20%20%20%20%20%20%3Cdiv%20class%3D%22form-group%20has-error%22%3E%0A%20%20%20%20%20%20%20%20%20%20%20%20%20%20%20%20%20%20%20%20%20%20%20%20%20%20%20%20%20%20%20%20%20%20%20%20%20%20%20%20%20%20%20%20%3Clabel%20class%3D%22control-label%22%20for%3D%22inputError%22%3EInput%20with%20error%3C%2Flabel%3E%0A%20%20%20%20%20%20%20%20%20%20%20%20%20%20%20%20%20%20%20%20%20%20%20%20%20%20%20%20%20%20%20%20%20%20%20%20%20%20%20%20%20%20%20%20%3Cinput%20type%3D%22text%22%20class%3D%22form-control%22%20id%3D%22inputError%22%3E%0A%20%20%20%20%20%20%20%20%20%20%20%20%20%20%20%20%20%20%20%20%20%20%20%20%20%20%20%20%20%20%20%20%20%20%20%20%20%20%20%20%3C%2Fdiv%3E%0A%20%20%20%20%20%20%20%20%20%20%20%20%20%20%20%20%20%20%20%20%20%20%20%20%20%20%20%20%20%20%20%20%20%20%20%20%3C%2Fform%3E%0A%20%20%20%20%20%20%20%20%20%20%20%20%20%20%20%20%20%20%20%20%20%20%20%20%20%20%20%20%20%20%20%20%20%20%20%20%3Ch3%3EInput%20Group%20Examples%3C%2Fh3%3E%0A%20%20%20%20%20%20%20%20%20%20%20%20%20%20%20%20%20%20%20%20%20%20%20%20%20%20%20%20%20%20%20%20%20%20%20%20%3Cform%20role%3D%22form%22%3E%0A%20%20%20%20%20%20%20%20%20%20%20%20%20%20%20%20%20%20%20%20%20%20%20%20%20%20%20%20%20%20%20%20%20%20%20%20%20%20%20%20%3Cdiv%20class%3D%22form-group%20input-group%22%3E%0A%20%20%20%20%20%20%20%20%20%20%20%20%20%20%20%20%20%20%20%20%20%20%20%20%20%20%20%20%20%20%20%20%20%20%20%20%20%20%20%20%20%20%20%20%3Cspan%20class%3D%22input-group-addon%22%3E%40%3C%2Fspan%3E%0A%20%20%20%20%20%20%20%20%20%20%20%20%20%20%20%20%20%20%20%20%20%20%20%20%20%20%20%20%20%20%20%20%20%20%20%20%20%20%20%20%20%20%20%20%3Cinput%20type%3D%22text%22%20class%3D%22form-control%22%20placeholder%3D%22Username%22%3E%0A%20%20%20%20%20%20%20%20%20%20%20%20%20%20%20%20%20%20%20%20%20%20%20%20%20%20%20%20%20%20%20%20%20%20%20%20%20%20%20%20%3C%2Fdiv%3E%0A%20%20%20%20%20%20%20%20%20%20%20%20%20%20%20%20%20%20%20%20%20%20%20%20%20%20%20%20%20%20%20%20%20%20%20%20%20%20%20%20%3Cdiv%20class%3D%22form-group%20input-group%22%3E%0A%20%20%20%20%20%20%20%20%20%20%20%20%20%20%20%20%20%20%20%20%20%20%20%20%20%20%20%20%20%20%20%20%20%20%20%20%20%20%20%20%20%20%20%20%3Cinput%20type%3D%22text%22%20class%3D%22form-control%22%3E%0A%20%20%20%20%20%20%20%20%20%20%20%20%20%20%20%20%20%20%20%20%20%20%20%20%20%20%20%20%20%20%20%20%20%20%20%20%20%20%20%20%20%20%20%20%3Cspan%20class%3D%22input-group-addon%22%3E.00%3C%2Fspan%3E%0A%20%20%20%20%20%20%20%20%20%20%20%20%20%20%20%20%20%20%20%20%20%20%20%20%20%20%20%20%20%20%20%20%20%20%20%20%20%20%20%20%3C%2Fdiv%3E%0A%20%20%20%20%20%20%20%20%20%20%20%20%20%20%20%20%20%20%20%20%20%20%20%20%20%20%20%20%20%20%20%20%20%20%20%20%20%20%20%20%3Cdiv%20class%3D%22form-group%20input-group%22%3E%0A%20%20%20%20%20%20%20%20%20%20%20%20%20%20%20%20%20%20%20%20%20%20%20%20%20%20%20%20%20%20%20%20%20%20%20%20%20%20%20%20%20%20%20%20%3Cspan%20class%3D%22input-group-addon%22%3E%3Ci%20class%3D%22fa%20fa-eur%22%3E%3C%2Fi%3E%0A%20%20%20%20%20%20%20%20%20%20%20%20%20%20%20%20%20%20%20%20%20%20%20%20%20%20%20%20%20%20%20%20%20%20%20%20%20%20%20%20%20%20%20%20%3C%2Fspan%3E%0A%20%20%20%20%20%20%20%20%20%20%20%20%20%20%20%20%20%20%20%20%20%20%20%20%20%20%20%20%20%20%20%20%20%20%20%20%20%20%20%20%20%20%20%20%3Cinput%20type%3D%22text%22%20class%3D%22form-control%22%20placeholder%3D%22Font%20Awesome%20Icon%22%3E%0A%20%20%20%20%20%20%20%20%20%20%20%20%20%20%20%20%20%20%20%20%20%20%20%20%20%20%20%20%20%20%20%20%20%20%20%20%20%20%20%20%3C%2Fdiv%3E%0A%20%20%20%20%20%20%20%20%20%20%20%20%20%20%20%20%20%20%20%20%20%20%20%20%20%20%20%20%20%20%20%20%20%20%20%20%20%20%20%20%3Cdiv%20class%3D%22form-group%20input-group%22%3E%0A%20%20%20%20%20%20%20%20%20%20%20%20%20%20%20%20%20%20%20%20%20%20%20%20%20%20%20%20%20%20%20%20%20%20%20%20%20%20%20%20%20%20%20%20%3Cspan%20class%3D%22input-group-addon%22%3E%24%3C%2Fspan%3E%0A%20%20%20%20%20%20%20%20%20%20%20%20%20%20%20%20%20%20%20%20%20%20%20%20%20%20%20%20%20%20%20%20%20%20%20%20%20%20%20%20%20%20%20%20%3Cinput%20type%3D%22text%22%20class%3D%22form-control%22%3E%0A%20%20%20%20%20%20%20%20%20%20%20%20%20%20%20%20%20%20%20%20%20%20%20%20%20%20%20%20%20%20%20%20%20%20%20%20%20%20%20%20%20%20%20%20%3Cspan%20class%3D%22input-group-addon%22%3E.00%3C%2Fspan%3E%0A%20%20%20%20%20%20%20%20%20%20%20%20%20%20%20%20%20%20%20%20%20%20%20%20%20%20%20%20%20%20%20%20%20%20%20%20%20%20%20%20%3C%2Fdiv%3E%0A%20%20%20%20%20%20%20%20%20%20%20%20%20%20%20%20%20%20%20%20%20%20%20%20%20%20%20%20%20%20%20%20%20%20%20%20%20%20%20%20%3Cdiv%20class%3D%22form-group%20input-group%22%3E%0A%20%20%20%20%20%20%20%20%20%20%20%20%20%20%20%20%20%20%20%20%20%20%20%20%20%20%20%20%20%20%20%20%20%20%20%20%20%20%20%20%20%20%20%20%3Cinput%20type%3D%22text%22%20class%3D%22form-control%22%3E%0A%20%20%20%20%20%20%20%20%20%20%20%20%20%20%20%20%20%20%20%20%20%20%20%20%20%20%20%20%20%20%20%20%20%20%20%20%20%20%20%20%20%20%20%20%3Cspan%20class%3D%22input-group-btn%22%3E%0A%20%20%20%20%20%20%20%20%20%20%20%20%20%20%20%20%20%20%20%20%20%20%20%20%20%20%20%20%20%20%20%20%20%20%20%20%20%20%20%20%20%20%20%20%20%20%20%20%3Cbutton%20class%3D%22btn%20btn-default%22%20type%3D%22button%22%3E%3Ci%20class%3D%22fa%20fa-search%22%3E%3C%2Fi%3E%0A%20%20%20%20%20%20%20%20%20%20%20%20%20%20%20%20%20%20%20%20%20%20%20%20%20%20%20%20%20%20%20%20%20%20%20%20%20%20%20%20%20%20%20%20%20%20%20%20%3C%2Fbutton%3E%0A%20%20%20%20%20%20%20%20%20%20%20%20%20%20%20%20%20%20%20%20%20%20%20%20%20%20%20%20%20%20%20%20%20%20%20%20%20%20%20%20%20%20%20%20%3C%2Fspan%3E%0A%20%20%20%20%20%20%20%20%20%20%20%20%20%20%20%20%20%20%20%20%20%20%20%20%20%20%20%20%20%20%20%20%20%20%20%20%20%20%20%20%3C%2Fdiv%3E%0A%20%20%20%20%20%20%20%20%20%20%20%20%20%20%20%20%20%20%20%20%20%20%20%20%20%20%20%20%20%20%20%20%20%20%20%20%3C%2Fform%3E%0A%20%20%20%20%20%20%20%20%20%20%20%20%20%20%20%20%20%20%20%20%20%20%20%20%20%20%20%20%20%20%20%20%20%20%20%20%3Ch3%3EDifferent%20Size%20Input%20Groups%3C%2Fh3%3E%0A%20%20%20%20%20%20%20%20%20%20%20%20%20%20%20%20%20%20%20%20%20%20%20%20%20%20%20%20%20%20%20%20%20%20%20%20%20%3Cform%20role%3D%22form%22%3E%0A%20%20%3Cdiv%20class%3D%22%20form-group%20input-group%20input-group-lg%22%3E%0A%20%20%3Cspan%20class%3D%22input-group-addon%22%3E%40%3C%2Fspan%3E%0A%20%20%3Cinput%20type%3D%22text%22%20class%3D%22form-control%22%20placeholder%3D%22Username%22%20%2F%3E%0A%3C%2Fdiv%3E%0A%0A%3Cdiv%20class%3D%22form-group%20input-group%22%3E%0A%20%20%3Cspan%20class%3D%22input-group-addon%22%3E%40%3C%2Fspan%3E%0A%20%20%3Cinput%20type%3D%22text%22%20class%3D%22form-control%22%20placeholder%3D%22Username%22%20%2F%3E%0A%3C%2Fdiv%3E%0A%0A%3Cdiv%20class%3D%22form-group%20input-group%20input-group-sm%22%3E%0A%20%20%3Cspan%20class%3D%22input-group-addon%22%3E%40%3C%2Fspan%3E%0A%20%20%3Cinput%20type%3D%22text%22%20class%3D%22form-control%22%20placeholder%3D%22Username%22%20%2F%3E%0A%3C%2Fdiv%3E%0A%20%20%20%20%20%20%20%20%20%20%20%20%20%20%20%20%20%20%20%20%20%20%20%20%20%20%20%20%20%20%20%20%20%20%20%20%20%20%20%20%20%0A%20%20%20%20%20%20%20%20%20%20%20%20%20%20%20%20%20%20%20%20%20%20%20%20%20%20%20%20%20%20%20%20%20%20%20%20%20%3C%2Fform%3E%0A%20%20%20%20%20%20%20%20%20%20%20%20%20%20%20%20%20%20%20%20%20%20%20%20%20%20%20%20%20%20%20%20%20%20%20%20%3Ch3%3EDifferent%20Size%20Input%20Groups%3C%2Fh3%3E%0A%20%20%20%20%20%20%20%20%20%20%20%20%20%20%20%20%20%20%20%20%20%20%20%20%20%20%20%20%20%20%20%20%20%20%20%20%20%3Cform%20role%3D%22form%22%3E%0A%20%20%20%20%20%20%20%20%20%20%20%20%20%20%20%20%20%20%20%20%20%20%20%20%20%20%20%20%20%20%20%20%20%20%3Cdiv%20class%3D%22input-group%22%3E%0A%20%20%20%20%20%20%3Cspan%20class%3D%22form-group%20input-group-btn%22%3E%0A%20%20%20%20%20%20%20%20%3Cbutton%20class%3D%22btn%20btn-default%22%20type%3D%22button%22%3EGo!%3C%2Fbutton%3E%0A%20%20%20%20%20%20%3C%2Fspan%3E%0A%20%20%20%20%20%20%3Cinput%20type%3D%22text%22%20class%3D%22form-control%22%20%2F%3E%0A%20%20%20%20%3C%2Fdiv%3E%0A%3Cbr%20%2F%3E%0A%20%20%20%20%20%20%20%20%20%20%20%20%20%20%20%20%20%20%20%20%20%20%20%20%20%20%20%20%20%20%20%20%20%20%20%20%20%20%20%20%20%20%20%3Cdiv%20class%3D%22input-group%22%3E%0A%20%20%20%20%20%0A%20%20%20%20%20%20%3Cinput%20type%3D%22text%22%20class%3D%22form-control%22%20%2F%3E%0A%20%20%20%20%20%20%20%20%20%20%20%20%20%20%20%20%20%20%20%20%20%20%20%20%20%20%20%20%20%20%20%20%20%20%20%20%20%20%20%20%20%20%20%20%20%20%20%20%3Cspan%20class%3D%22form-group%20input-group-btn%22%3E%0A%20%20%20%20%20%20%20%20%3Cbutton%20class%3D%22btn%20btn-default%22%20type%3D%22button%22%3EGo!%3C%2Fbutton%3E%0A%20%20%20%20%20%20%3C%2Fspan%3E%0A%20%20%20%20%3C%2Fdiv%3E%0A%20%20%20%20%20%20%20%20%20%20%20%20%20%20%20%20%20%20%20%20%20%20%20%20%20%20%20%20%20%20%20%20%20%20%20%20%20%20%20%20%20%3C%2Fform%3E%0A%20%20%20%20%20%20%20%20%20%20%20%20%20%20%20%20%20%20%20%20%20%20%20%20%20%20%20%20%20%20%20%20%3C%2Fdiv%3E%0A%20%20%20%20%20%20%20%20%20%20%20%20%20%20%20%20%20%20%20%20%20%20%20%20%20%20%20%20%3C%2Fdiv%3E%0A%20%20%20%20%20%20%20%20%20%20%20%20%20%20%20%20%20%20%20%20%20%20%20%20%3C%2Fdiv%3E%0A%20%20%20%20%20%20%20%20%20%20%20%20%20%20%20%20%20%20%20%20%3C%2Fdiv%3E%0A%20%20%20%20%20%20%20%20%20%20%20%20%20%20%20%20%20%20%20%20%20%3C!--%20End%20Form%20Elements%20--%3E%0A%20%20%20%20%20%20%20%20%20%20%20%20%20%20%20%20%3C%2Fdiv%3E%0A%20%20%20%20%20%20%20%20%20%20%20%20%3C%2Fdiv%3E%0A%20%20%20%20%20%20%20%20%20%20%20%20%20%20%20%20%3C!--%20%2F.%20ROW%20%20--%3E%0A%20%20%20%20%20%20%20%20%20%20%20%20%20%20%20%20%3Cdiv%20class%3D%22row%22%3E%0A%20%20%20%20%20%20%20%20%20%20%20%20%20%20%20%20%20%20%20%20%3Cdiv%20class%3D%22col-md-12%22%3E%0A%20%20%20%20%20%20%20%20%20%20%20%20%20%20%20%20%20%20%20%20%20%20%20%20%3Ch3%3EMore%20Customization%3C%2Fh3%3E%0A%20%20%20%20%20%20%20%20%20%20%20%20%20%20%20%20%20%20%20%20%20%20%20%20%20%3Cp%3E%0A%20%20%20%20%20%20%20%20%20%20%20%20%20%20%20%20%20%20%20%20%20%20%20%20For%20more%20customization%20for%20this%20template%20or%20its%20components%20please%20visit%20official%20bootstrap%20website%20i.e%20getbootstrap.com%20or%20%3Ca%20href%3D%22http%3A%2F%2Fgetbootstrap.com%2Fcomponents%2F%22%20target%3D%22_blank%22%3Eclick%20here%3C%2Fa%3E%20.%20We%20hope%20you%20will%20enjoy%20our%20template.%20This%20template%20is%20easy%20to%20use%2C%20light%20weight%20and%20made%20with%20love%20by%20binarycart.com%20%0A%20%20%20%20%20%20%20%20%20%20%20%20%20%20%20%20%20%20%20%20%20%20%20%20%3C%2Fp%3E%0A%20%20%20%20%20%20%20%20%20%20%20%20%20%20%20%20%20%20%20%20%3C%2Fdiv%3E%0A%20%20%20%20%20%20%20%20%20%20%20%20%20%20%20%20%3C%2Fdiv%3E%0A%20%20%20%20%20%20%20%20%20%20%20%20%20%20%20%20%3C!--%20%2F.%20ROW%20%20--%3E%0A%20%20%20%20%3C%2Fdiv%3E%0A',0);
INSERT INTO `page-blocks` VALUES  (47435,46837,'htmltext_write','formatFieldHtmltext','fieldname=testhtmltextwrite&toread=0&towrite=1&value&required=1&readonly=0&system=0&multivalued=0&default=htmltext&label=Htmltext&help=A HTML text field',0),
 (47436,46837,'htmltext_read','formatFieldHtmltext','fieldname=testhtmltextread&toread=1&towrite=0&value&required=1&readonly=0&system=0&multivalued=0&value=htmltext&label=Htmltext&help=A HTML text field',0),
 (50170,50117,'content','getNodeTypeDefHtml','nodetype=notes',0),
 (50169,0,'footCopy','echoHTML','html=%3Cscript%3E%0A%20%20(function(i%2Cs%2Co%2Cg%2Cr%2Ca%2Cm)%7Bi%5B%27GoogleAnalyticsObject%27%5D%3Dr%3Bi%5Br%5D%3Di%5Br%5D%7C%7Cfunction()%7B%0A%20%20(i%5Br%5D.q%3Di%5Br%5D.q%7C%7C%5B%5D).push(arguments)%7D%2Ci%5Br%5D.l%3D1*new%20Date()%3Ba%3Ds.createElement(o)%2C%0A%20%20m%3Ds.getElementsByTagName(o)%5B0%5D%3Ba.async%3D1%3Ba.src%3Dg%3Bm.parentNode.insertBefore(a%2Cm)%0A%20%20%7D)(window%2Cdocument%2C%27script%27%2C%27%2F%2Fwww.google-analytics.com%2Fanalytics.js%27%2C%27ga%27)%3B%0A%0A%20%20ga(%27create%27%2C%20%27UA-62530992-1%27%2C%20%27auto%27)%3B%0A%20%20ga(%27send%27%2C%20%27pageview%27)%3B%0A%0A%3C%2Fscript%3E',10),
 (51806,1,'colRight','echoHTML','html=%3Clegend%3EWelcome%20to%20Pharinix%3C%2Flegend%3E%0AI%20created%20a%20public%20data%20type%20with%20name%20Notes%2C%20you%20can%20see%20the%20definition%20in%20the%20type%20menu%20at%20top%20left%20of%20this%20page.%3Cbr%2F%3E%0AWith%20help%20of%20the%20Remote%20API%20form%20you%20can%20create%20new%20records%2C%20read%2C%20etc...%20I%20created%202%20records%20too%2C%20protected%20by%20account%20access%20control%2C%20can%20you%20read%20it%3F%20I%20think%20that%20no%20%3AP%3Cbr%2F%3E%0APlease%20help%20me%20adding%20issues%20to%20the%20GitHub%20proyect.%3Cbr%2F%3E%0AThanks%20by%20try%20Pharinix',0);
CREATE TABLE `pages` (
  `id` int(10) unsigned NOT NULL AUTO_INCREMENT,
  `name` varchar(250) NOT NULL,
  `template` varchar(250) NOT NULL,
  `title` varchar(250) NOT NULL,
  `description` longtext NOT NULL,
  `keys` longtext NOT NULL,
  PRIMARY KEY (`id`)
) ENGINE=MyISAM AUTO_INCREMENT=51753 DEFAULT CHARSET=latin1;
INSERT INTO `pages` VALUES  (1,'home','etc/templates/pages/two_column.xml','Home','',''),
 (4,'help/command','etc/templates/pages/default.xml','Command\'s help','',''),
 (3,'404','etc/templates/pages/default.xml','Page not found','',''),
 (9897,'node_type_group_8','etc/templates/pages/default.xml','Node 8','',''),
 (10,'template/editor','etc/templates/pages/default.xml','Template editor','',''),
 (11,'help/icons','etc/templates/pages/default.xml','Icons list','',''),
 (9896,'node_type_user_9','etc/templates/pages/default.xml','Node 9','',''),
 (9895,'node_type_group_7','etc/templates/pages/default.xml','Node 7','',''),
 (972,'node_type_algo','etc/templates/pages/default.xml','algo node type','',''),
 (3191,'node_type_user','etc/templates/pages/default.xml','user node type','',''),
 (3192,'node_type_group','etc/templates/pages/default.xml','group node type','',''),
 (3469,'node_type_algo_1','etc/templates/pages/default.xml','Node 1','',''),
 (9885,'node_type_group_2','etc/templates/pages/default.xml','Node 2','',''),
 (9886,'node_type_user_4','etc/templates/pages/default.xml','Node 4','',''),
 (9887,'node_type_group_3','etc/templates/pages/default.xml','Node 3','',''),
 (9888,'node_type_user_5','etc/templates/pages/default.xml','Node 5','',''),
 (9889,'node_type_group_4','etc/templates/pages/default.xml','Node 4','',''),
 (9890,'node_type_user_6','etc/templates/pages/default.xml','Node 6','',''),
 (9891,'node_type_group_5','etc/templates/pages/default.xml','Node 5','',''),
 (9892,'node_type_user_7','etc/templates/pages/default.xml','Node 7','',''),
 (9893,'node_type_group_6','etc/templates/pages/default.xml','Node 6','',''),
 (9894,'node_type_user_8','etc/templates/pages/default.xml','Node 8','',''),
 (9898,'node_type_user_10','etc/templates/pages/default.xml','Node 10','',''),
 (9899,'node_type_group_9','etc/templates/pages/default.xml','Node 9','',''),
 (9900,'node_type_user_11','etc/templates/pages/default.xml','Node 11','',''),
 (9901,'node_type_group_10','etc/templates/pages/default.xml','Node 10','',''),
 (9902,'node_type_user_12','etc/templates/pages/default.xml','Node 12','',''),
 (9903,'node_type_group_11','etc/templates/pages/default.xml','Node 11','',''),
 (9904,'node_type_user_13','etc/templates/pages/default.xml','Node 13','',''),
 (9905,'node_type_group_12','etc/templates/pages/default.xml','Node 12','',''),
 (9907,'node_type_group_13','etc/templates/pages/default.xml','Node 13','',''),
 (9909,'node_type_group_14','etc/templates/pages/default.xml','Node 14','',''),
 (9914,'node_type_user_18','etc/templates/pages/default.xml','Node 18','',''),
 (9913,'node_type_group_16','etc/templates/pages/default.xml','Node 16','',''),
 (9923,'node_type_group_21','etc/templates/pages/default.xml','Node 21','',''),
 (9924,'node_type_user_23','etc/templates/pages/default.xml','Node 23','',''),
 (47385,'help/forms','etc/templates/pages/default.xml','Forms','',''),
 (47384,'help/ui','etc/templates/pages/default.xml','UI Elements','',''),
 (46837,'help/formatters','etc/templates/pages/formatter.xml','Formatters gallery','',''),
 (21393,'node_type_user_67','etc/templates/pages/default.xml','Node 67','',''),
 (21392,'node_type_group_66','etc/templates/pages/default.xml','Node 66','',''),
 (21390,'node_type_group_65','etc/templates/pages/default.xml','Node 65','',''),
 (21391,'node_type_user_66','etc/templates/pages/default.xml','Node 66','',''),
 (50117,'node_type_notes','etc/templates/pages/default.xml','notes node type','',''),
 (38902,'node_type_group_1713','etc/templates/pages/default.xml','Node 1713','',''),
 (36313,'node_type_nuevo','etc/templates/pages/default.xml','nuevo node type','',''),
 (47383,'tab_panel','etc/templates/pages/default.xml','Tabs ','',''),
 (38903,'node_type_user_1713','etc/templates/pages/default.xml','Node 1713','',''),
 (33259,'node_type_user_1327','etc/templates/pages/default.xml','Node 1327','',''),
 (33258,'node_type_group_1327','etc/templates/pages/default.xml','Node 1327','',''),
 (32775,'node_type_otracosa','etc/templates/pages/default.xml','otracosa node type','','');
CREATE TABLE `sec` (
  `id` int(10) unsigned NOT NULL AUTO_INCREMENT,
  `path` varchar(250) NOT NULL,
  `permissions` int(10) unsigned NOT NULL DEFAULT '0',
  `user` int(10) unsigned NOT NULL COMMENT 'User owner',
  `group` int(10) unsigned NOT NULL COMMENT 'Group owner',
  PRIMARY KEY (`id`),
  KEY `path` (`path`),
  KEY `group` (`group`),
  KEY `user` (`user`)
) ENGINE=MyISAM DEFAULT CHARSET=utf8;
CREATE TABLE `url_rewrite` (
  `id` int(10) unsigned NOT NULL AUTO_INCREMENT,
  `url` longtext,
  `rewriteto` longtext,
  `type` varchar(1) NOT NULL DEFAULT 'r',
  `priority` int(10) unsigned NOT NULL DEFAULT '0',
  PRIMARY KEY (`id`),
  KEY `url` (`url`(250))
) ENGINE=MyISAM AUTO_INCREMENT=51874 DEFAULT CHARSET=latin1;
INSERT INTO `url_rewrite` VALUES  (1,'home','command=pageToHTML&page=home','r',0),
 (3,'help/command','command=pageToHTML&page=help/command','r',0),
 (13,'template/editor','command=pageToHTML&page=template/editor','r',0),
 (14,'help/icons','command=pageToHTML&page=help/icons','r',0),
 (47493,'help/ui_elements','command=pageToHTML&page=help/ui','r',0),
 (47494,'help/forms','command=pageToHTML&page=help/forms','r',0),
 (46945,'help/console','command=pageToHTML&page=home','r',0),
 (46944,'help/formatters','command=pageToHTML&page=help/formatters','r',0),
 (47492,'help/tabs_panels','command=pageToHTML&page=tab_panel','r',0),
 (51324,'node/$type/$id','command=pageToHTML&page=node_type_$type_$id','m',0),
 (51873,'node/type/$type','command=pageToHTML&page=node_type_$type','m',10),
 (51326,'node/$type/$id/json','command=getNode&nodetype=$type&node=$id&interface=echoJson','m',0);



/*!40101 SET SQL_MODE=@OLD_SQL_MODE */;
/*!40014 SET FOREIGN_KEY_CHECKS=@OLD_FOREIGN_KEY_CHECKS */;
/*!40014 SET UNIQUE_CHECKS=@OLD_UNIQUE_CHECKS */;
/*!40101 SET CHARACTER_SET_CLIENT=@OLD_CHARACTER_SET_CLIENT */;
/*!40101 SET CHARACTER_SET_RESULTS=@OLD_CHARACTER_SET_RESULTS */;
/*!40101 SET COLLATION_CONNECTION=@OLD_COLLATION_CONNECTION */;
/*!40101 SET CHARACTER_SET_CLIENT=@OLD_CHARACTER_SET_CLIENT */;
