-- MySQL Administrator dump 1.4
--
-- ------------------------------------------------------
-- Server version	5.6.20


/*!40101 SET @OLD_CHARACTER_SET_CLIENT=@@CHARACTER_SET_CLIENT */;
/*!40101 SET @OLD_CHARACTER_SET_RESULTS=@@CHARACTER_SET_RESULTS */;
/*!40101 SET @OLD_COLLATION_CONNECTION=@@COLLATION_CONNECTION */;
/*!40101 SET NAMES utf8 */;

/*!40014 SET @OLD_UNIQUE_CHECKS=@@UNIQUE_CHECKS, UNIQUE_CHECKS=0 */;
/*!40014 SET @OLD_FOREIGN_KEY_CHECKS=@@FOREIGN_KEY_CHECKS, FOREIGN_KEY_CHECKS=0 */;
/*!40101 SET @OLD_SQL_MODE=@@SQL_MODE, SQL_MODE='NO_AUTO_VALUE_ON_ZERO' */;


--
-- Create schema miana
--

CREATE DATABASE IF NOT EXISTS miana;
USE miana;
CREATE TABLE `booting` (
  `id` int(10) unsigned NOT NULL AUTO_INCREMENT,
  `command` varchar(250) NOT NULL,
  `parameters` longtext NOT NULL,
  `priority` int(10) unsigned NOT NULL,
  `ref` varchar(250) NOT NULL,
  PRIMARY KEY (`id`)
) ENGINE=MyISAM AUTO_INCREMENT=182 DEFAULT CHARSET=latin1;
CREATE TABLE `node_algo` (
  `id` int(10) unsigned NOT NULL AUTO_INCREMENT,
  `group_owner` int(10) unsigned DEFAULT '0',
  `user_owner` int(10) unsigned DEFAULT '0',
  `access` int(11) DEFAULT '3904',
  `modifier` int(10) unsigned DEFAULT '0',
  `modified` datetime DEFAULT NULL,
  `creator` int(10) unsigned DEFAULT '0',
  `created` datetime DEFAULT NULL,
  `title` varchar(250) DEFAULT '',
  PRIMARY KEY (`id`)
) ENGINE=MyISAM AUTO_INCREMENT=5 DEFAULT CHARSET=latin1;
INSERT INTO `node_algo` VALUES  (1,0,0,3904,0,'2015-04-17 19:41:34',0,'2015-03-26 20:33:13','Hola'),
 (2,21,0,3904,0,NULL,0,NULL,'Grupo'),
 (3,0,23,3904,0,NULL,0,NULL,'Propietario'),
 (4,0,0,15,0,NULL,0,NULL,'Todos');
CREATE TABLE `node_formats` (
  `id` int(10) unsigned NOT NULL AUTO_INCREMENT,
  `command` varchar(250) NOT NULL,
  `type` varchar(250) NOT NULL,
  `read` varchar(1) NOT NULL DEFAULT '0',
  `write` varchar(1) NOT NULL DEFAULT '0',
  `default` varchar(1) NOT NULL DEFAULT '0',
  PRIMARY KEY (`id`)
) ENGINE=MyISAM AUTO_INCREMENT=9 DEFAULT CHARSET=latin1;
INSERT INTO `node_formats` VALUES  (1,'formatFieldLongtext','longtext','1','1','1'),
 (2,'formatFieldBool','bool','1','1','1'),
 (3,'formatFieldDouble','double','1','1','1'),
 (4,'formatFieldInteger','integer','1','1','1'),
 (5,'formatFieldString','string','1','1','1'),
 (6,'formatFieldDate','datetime','1','1','1'),
 (7,'formatFieldPassword','password','1','1','1'),
 (8,'formatFieldHtmltext','htmltext','1','1','1');
CREATE TABLE `node_group` (
  `id` int(10) unsigned NOT NULL AUTO_INCREMENT,
  `description` longtext,
  `group_owner` int(10) unsigned DEFAULT '0',
  `user_owner` int(10) unsigned DEFAULT '0',
  `access` int(11) DEFAULT '3904',
  `modifier` int(10) unsigned DEFAULT '0',
  `modified` datetime DEFAULT NULL,
  `creator` int(10) unsigned DEFAULT '0',
  `created` datetime DEFAULT NULL,
  `title` varchar(250) DEFAULT '',
  PRIMARY KEY (`id`)
) ENGINE=MyISAM AUTO_INCREMENT=5806 DEFAULT CHARSET=latin1;
INSERT INTO `node_group` VALUES  (219,NULL,0,0,3904,0,NULL,0,NULL,'sudoers'),
 (21,NULL,0,0,3904,2,'2015-04-02 23:44:27',2,'2015-04-02 23:44:27','PSF'),
 (5795,NULL,0,0,3904,23,'2015-09-06 11:42:43',0,'2015-09-06 11:42:43','user'),
 (5804,NULL,0,0,3904,2,'2015-09-10 22:57:46',0,'2015-09-10 22:57:46','testlogin'),
 (5803,NULL,0,0,3904,2,'2015-09-10 22:57:46',0,'2015-09-10 22:57:46','testlogin2'),
 (5802,NULL,0,0,3904,2,'2015-09-06 15:41:19',0,'2015-09-06 15:41:19','Example'),
 (5801,NULL,0,0,3904,23,'2015-09-06 13:22:29',0,'2015-09-06 13:22:29','phpsysinfo'),
 (5805,NULL,0,0,3904,23,'2015-10-26 22:30:47',0,'2015-10-26 22:30:47','useradmin');
CREATE TABLE `node_menu` (
  `id` int(10) unsigned NOT NULL AUTO_INCREMENT,
  `icon` varchar(250) DEFAULT '',
  `havegroup` varchar(250) DEFAULT '',
  `active` varchar(1) DEFAULT '1',
  `aling` varchar(250) DEFAULT 'left',
  `order` int(11) DEFAULT '100',
  `slugname` varchar(250) DEFAULT '',
  `isbrand` varchar(1) DEFAULT '0',
  `isnotsudoed` varchar(1) DEFAULT '0',
  `isnotloged` varchar(1) DEFAULT '0',
  `issudoed` varchar(1) DEFAULT '0',
  `isloged` varchar(1) DEFAULT '0',
  `params` longtext,
  `cmd` varchar(250) DEFAULT '',
  `onlyparent` varchar(1) DEFAULT '0',
  `opennew` varchar(1) DEFAULT '0',
  `linkto` varchar(250) DEFAULT '0',
  `parent` int(10) unsigned DEFAULT '0',
  `modifier` int(10) unsigned DEFAULT '0',
  `modified` datetime DEFAULT NULL,
  `creator` int(10) unsigned DEFAULT '0',
  `created` datetime DEFAULT NULL,
  `access` int(11) DEFAULT '3904',
  `group_owner` int(10) unsigned DEFAULT '0',
  `user_owner` int(10) unsigned DEFAULT '0',
  `title` varchar(250) DEFAULT '',
  PRIMARY KEY (`id`)
) ENGINE=MyISAM AUTO_INCREMENT=22 DEFAULT CHARSET=latin1;
INSERT INTO `node_menu` VALUES  (1,'','','1','left',100,'main','0','0','1','0','1','','','','0','',0,23,'2015-10-08 21:42:56',0,'2015-10-08 21:42:56',3908,0,0,'main'),
 (4,'','','1','left',100,'main_brand','1','0','1','0','1','','','0','0','/',1,23,'2015-10-08 21:58:52',0,'2015-10-08 21:58:52',3908,0,0,'Pharinix'),
 (5,'','','1','right',200,'main_login_form','0','0','1','0','0','','inlineLoginForm','0','0','',1,23,'2015-10-08 22:03:35',0,'2015-10-08 22:03:35',3908,0,0,''),
 (6,'','sudoers','1','right',200,'main_get_root','0','1','0','0','0','','inlineGetRootForm','0','0','',1,23,'2015-10-08 22:12:48',0,'2015-10-08 22:12:48',3908,0,0,''),
 (7,'','','1','right',200,'main_exit_root','0','0','0','1','0','','inlineExitRootForm','0','0','',1,23,'2015-10-08 22:13:30',0,'2015-10-08 22:13:30',3908,0,0,''),
 (8,'','','1','right',300,'main_logout','0','0','0','0','1','','inlineLogoutForm','0','0','',1,23,'2015-10-08 22:16:29',0,'2015-10-08 22:15:18',3908,0,0,'Logout'),
 (9,'glyphicon glyphicon-question-sign','','1','right',400,'main_help','0','0','1','0','1','','','1','','',1,23,'2015-10-09 18:12:15',0,'2015-10-09 18:12:15',3908,0,0,'Help'),
 (10,'glyphicon glyphicon-wrench','','1','right',500,'main_types','0','0','1','0','1','','','1','','',1,23,'2015-10-09 18:12:37',0,'2015-10-09 18:12:37',3908,0,0,'Types'),
 (11,'','','1','left',10,'main_help_console','0','0','1','0','1','','','0','','help/console',9,23,'2015-10-09 18:20:00',0,'2015-10-09 18:20:00',3908,0,0,'Console'),
 (12,'','','1','left',20,'main_help_commands','0','0','1','0','1','','','0','','help/command',9,23,'2015-10-09 18:20:53',0,'2015-10-09 18:20:53',3908,0,0,'Commands'),
 (13,'','','1','left',30,'main_help_formatters_demo','0','0','1','0','1','','','0','','help/formatters',9,23,'2015-10-09 18:21:54',0,'2015-10-09 18:21:54',3908,0,0,'Formatters demo'),
 (14,'','','1','left',40,'main_help_sep1','0','0','1','0','1','','','0','','',9,23,'2015-10-09 18:22:25',0,'2015-10-09 18:22:25',3908,0,0,'-'),
 (15,'','','1','left',50,'main_help_bootstrap_icons','0','0','1','0','1','','','0','','help/icons',9,23,'2015-10-09 18:23:12',0,'2015-10-09 18:23:12',3908,0,0,'Bootstrap icons'),
 (16,'','','1','left',60,'main_help_tabs_panels','0','0','1','0','1','','','0','','help/tabs_panels',9,23,'2015-10-09 18:23:45',0,'2015-10-09 18:23:45',3908,0,0,'Tabs & Panels'),
 (17,'','','1','left',70,'main_help_ui_elements','0','0','1','0','1','','','0','','help/ui_elements',9,23,'2015-10-09 18:24:11',0,'2015-10-09 18:24:11',3908,0,0,'UI Elements'),
 (18,'','','1','left',80,'main_help_forms','0','0','1','0','1','','','0','','help/forms',9,23,'2015-10-09 18:24:34',0,'2015-10-09 18:24:34',3908,0,0,'Forms'),
 (19,'','','1','left',10,'main_types_dropdown','0','0','1','0','1','','inlineSubNodeTypesForm','0','','',10,23,'2015-10-09 18:27:16',0,'2015-10-09 18:27:16',3908,0,0,''),
 (20,'glyphicon glyphicon-home','','1','left',150,'main_home','0','0','1','1','1',NULL,'','0','0','/',1,23,'2015-10-08 21:58:52',0,'2015-10-08 21:58:52',3908,0,0,'Home'),
 (21,'','','1','right',350,'main_sep1','0','0','1','0','1',NULL,'','0','0','',1,23,'2015-10-08 21:58:52',0,'2015-10-08 21:58:52',3908,0,0,'-');
CREATE TABLE `node_modules` (
  `id` int(10) unsigned NOT NULL AUTO_INCREMENT,
  `version` varchar(250) DEFAULT '',
  `meta` longtext,
  `path` varchar(250) DEFAULT '',
  `modifier` int(10) unsigned DEFAULT '0',
  `modified` datetime DEFAULT NULL,
  `creator` int(10) unsigned DEFAULT '0',
  `created` datetime DEFAULT NULL,
  `access` int(11) DEFAULT '3904',
  `group_owner` int(10) unsigned DEFAULT '0',
  `user_owner` int(10) unsigned DEFAULT '0',
  `title` varchar(250) DEFAULT '',
  PRIMARY KEY (`id`)
) ENGINE=MyISAM AUTO_INCREMENT=830 DEFAULT CHARSET=latin1;
INSERT INTO `node_modules` VALUES  (477,'1.5','{\"meta\":{\"name\":\"phpSysInfo v 3.2.2\",\"slugname\":\"phpsysinfo\",\"version\":\"1.5\",\"autor\":\"Copyright (c), 1999-2008, Uriah Welcome (precision@users.sf.net)\\nCopyright (c), 1999-2009, Michael Cramer (bigmichi1@users.sf.net)\\nCopyright (c), 2007-2008, Audun Larsen (xqus@users.sf.net)\\nCopyright (c), 2007-2015, Erkan Valentin\\nCopyright (c), 2009-2015, Mieczyslaw Nalewaj (namiltd@users.sf.net)\\nCopyright (c), 2010-2012, Damien Roth (iysaak@users.sf.net)\\nPharinix mod Copyright (c), 2015, Pedro Pelaez (aaaaa976@gmail.com)\",\"website\":\"https:\\/\\/github.com\\/PSF1\\/pharinix_mod_phpsysinfo\",\"description\":\"phpSysInfo: a customizable PHP script that displays information about your system nicely\",\"licence\":\"GNU GENERAL PUBLIC LICENSE Version 2, June 1991\"},\"configuration\":{\"[phpsysinfo]\":{\"default_group\":\"\'phpsysinfo\'\"}},\"booting\":[],\"bin_paths\":[\"bin\\/\"],\"nodetypes\":{\"psihost\":{\"url\":{\"type\":\"string\",\"iskey\":false,\"length\":0,\"required\":true,\"locked\":false,\"readOnly\":false,\"system\":false,\"multivalued\":false,\"default\":\"\",\"label\":\"Host\",\"help\":\"Pharinix host\'s url with phpSysInfo installed.\"},\"user\":{\"type\":\"string\",\"iskey\":false,\"length\":0,\"required\":false,\"locked\":false,\"readOnly\":false,\"system\":false,\"multivalued\":false,\"default\":\"\",\"label\":\"User\",\"help\":\"User name that can call commands.\"},\"pass\":{\"type\":\"string\",\"iskey\":false,\"length\":0,\"required\":false,\"locked\":false,\"readOnly\":false,\"system\":false,\"multivalued\":false,\"default\":\"\",\"label\":\"Password\",\"help\":\"User password that can call commands.\"}}},\"sql\":{},\"install\":[{\"addNode\":{\"nodetype\":\"group\",\"title\":\"phpsysinfo\"}},{\"delNodeField\":{\"nodetype\":\"psihost\",\"name\":\"title\"}}],\"uninstall\":[],\"requirements\":{\"pharinix\":\"1.09.x\",\"raphael_js\":\"2.1.4\"},\"platforms\":[\"win\",\"linux\"]}','usr/phpsysinfo/',23,'2015-09-06 13:22:29',0,'2015-09-06 13:22:29',3904,0,0,'phpsysinfo'),
 (748,'2.1.4','{\"meta\":{\"name\":\"Rapha\\u00ebl - JavaScript Vector Library\",\"slugname\":\"raphael_js\",\"version\":\"2.1.4\",\"autor\":\"Copyright \\u00a9 2008-2012 Dmitry Baranovskiy (http:\\/\\/raphaeljs.com), Copyright \\u00a9 2008-2012 Sencha Labs (http:\\/\\/sencha.com)\",\"website\":\"https:\\/\\/github.com\\/PSF1\\/pharinix_mod_raphael\",\"description\":\"Small JavaScript library that should simplify your work with vector graphics on the web.\",\"licence\":\"MIT License\"},\"configuration\":{},\"booting\":[],\"bin_paths\":[\"bin\\/\"],\"nodetypes\":{},\"sql\":{},\"install\":[],\"uninstall\":[],\"requirements\":{\"pharinix\":\"1.07.x\"},\"platforms\":[\"win\",\"linux\"]}','usr/raphael_js/',23,'2015-10-26 21:46:25',0,'2015-10-26 21:46:25',3904,0,0,'raphael_js'),
 (722,'3.0.2','{\"meta\":{\"name\":\"Bootstrap dual listbox\",\"slugname\":\"pharinix_mod_bootstrap_duallistbox\",\"version\":\"3.0.2\",\"autor\":\"Copyright 2013-2014 Istv\\u00e1n Ujj-M\\u00e9sz\\u00e1ros, Copyright (c), 2015, Pedro Pelaez (aaaaa976@gmail.com)\",\"website\":\"https:\\/\\/github.com\\/PSF1\\/pharinix_mod_bootstrap_duallistbox\",\"description\":\"Responsive dual listbox widget optimized for Twitter Bootstrap.\",\"licence\":\"Apache License, Version 2.0\"},\"configuration\":{},\"booting\":[],\"bin_paths\":[\"bin\\/\"],\"nodetypes\":{},\"sql\":{},\"install\":[],\"uninstall\":[],\"requirements\":{\"pharinix\":\"1.09.x\"},\"platforms\":[\"win\",\"linux\"]}','usr/pharinix_mod_bootstrap_duallistbox/',23,'2015-10-16 18:05:17',0,'2015-10-16 18:05:17',3904,0,0,'pharinix_mod_bootstrap_duallistbox'),
 (726,'0.5.2','{\"meta\":{\"name\":\"Bootstrap form validator\",\"slugname\":\"pharinix_mod_bootstrapvalidator\",\"version\":\"0.5.2\",\"autor\":\"(c) 2013 - 2014 Nguyen Huu Phuoc, Copyright (c), 2015, Pedro Pelaez (aaaaa976@gmail.com)\",\"website\":\"https:\\/\\/github.com\\/PSF1\\/pharinix_mod_bootstrapvalidator\",\"description\":\"The best jQuery plugin to validate form fields. Designed to use with Bootstrap 3.\",\"licence\":\"MIT\"},\"configuration\":{},\"booting\":[],\"bin_paths\":[\"bin\\/\"],\"nodetypes\":{},\"sql\":{},\"install\":[],\"uninstall\":[],\"requirements\":{\"pharinix\":\"1.09.x\"},\"platforms\":[\"win\",\"linux\"]}','usr/pharinix_mod_bootstrapvalidator/',23,'2015-10-17 01:04:53',0,'2015-10-17 01:04:53',3904,0,0,'pharinix_mod_bootstrapvalidator'),
 (727,'1.0','{\"meta\":{\"name\":\"User GUI\",\"slugname\":\"pharinix_mod_usergui\",\"version\":\"1.0\",\"autor\":\"Copyright (c), 2015, Pedro Pelaez (aaaaa976@gmail.com)\",\"website\":\"\",\"description\":\"Pharinix visual user management.\",\"licence\":\"GNU GENERAL PUBLIC LICENSE Version 2, June 1991\"},\"configuration\":{},\"booting\":[],\"bin_paths\":[\"bin\\/\"],\"nodetypes\":{},\"sql\":{},\"install\":[],\"uninstall\":[],\"requirements\":{\"pharinix\":\"1.09.x\",\"pharinix_mod_bootstrap_duallistbox\":\"3.0.2\",\"pharinix_mod_bootstrapvalidator\":\"0.5.2\"},\"platforms\":[\"win\",\"linux\"]}','usr/pharinix_mod_usergui/',23,'2015-10-17 01:05:10',0,'2015-10-17 01:05:10',3904,0,0,'pharinix_mod_usergui'),
 (737,'2.2.6','{\"meta\":{\"name\":\"Bootstrap modal\",\"slugname\":\"pharinix_mod_bootstrap_modal\",\"version\":\"2.2.6\",\"autor\":\"Copyright 2012 Jordan Schroter, Copyright (c), 2015, Pedro Pelaez (aaaaa976@gmail.com)\",\"website\":\"https:\\/\\/github.com\\/PSF1\\/pharinix_mod_bootstrap_modal\",\"description\":\"Extends the default Bootstrap Modal class. Responsive, stackable, ajax and more.\",\"licence\":\"Apache License Version 2.0, January 2004\"},\"configuration\":{},\"booting\":[],\"bin_paths\":[\"bin\\/\"],\"nodetypes\":{},\"sql\":{},\"install\":[],\"uninstall\":[],\"requirements\":{\"pharinix\":\"1.09.x\"},\"platforms\":[\"win\",\"linux\"]}','usr/pharinix_mod_bootstrap_modal/',23,'2015-10-18 12:04:47',0,'2015-10-18 12:04:47',3904,0,0,'pharinix_mod_bootstrap_modal'),
 (738,'1.0','{\"meta\":{\"name\":\"Bootstrap 3 dialog\",\"slugname\":\"pharinix_mod_bootstrap3_dialog\",\"version\":\"1.0\",\"autor\":\"Copyright 2015 javanoob@hotmail.com, Copyright (c), 2015, Pedro Pelaez (aaaaa976@gmail.com)\",\"website\":\"https:\\/\\/github.com\\/PSF1\\/pharinix_mod_bootstrap3_dialog\",\"description\":\"Make use of Bootstrap Modal more monkey-friendly.\",\"licence\":\"MIT License\"},\"configuration\":{},\"booting\":[],\"bin_paths\":[\"bin\\/\"],\"nodetypes\":{},\"sql\":{},\"install\":[],\"uninstall\":[],\"requirements\":{\"pharinix\":\"1.09.x\"},\"platforms\":[\"win\",\"linux\"]}','usr/pharinix_mod_bootstrap3_dialog/',23,'2015-10-18 12:19:27',0,'2015-10-18 12:19:27',3904,0,0,'pharinix_mod_bootstrap3_dialog');
CREATE TABLE `node_notes` (
  `id` int(10) unsigned NOT NULL AUTO_INCREMENT,
  `note` longtext,
  `modifier` int(10) unsigned DEFAULT '0',
  `modified` datetime DEFAULT NULL,
  `creator` int(10) unsigned DEFAULT '0',
  `created` datetime DEFAULT NULL,
  `access` int(11) DEFAULT '3904',
  `group_owner` int(10) unsigned DEFAULT '0',
  `user_owner` int(10) unsigned DEFAULT '0',
  `title` varchar(250) DEFAULT '',
  PRIMARY KEY (`id`)
) ENGINE=MyISAM AUTO_INCREMENT=7 DEFAULT CHARSET=latin1;
INSERT INTO `node_notes` VALUES  (1,NULL,2,'2015-05-02 09:45:17',2,'2015-05-02 09:45:17',3908,0,0,'Note'),
 (2,NULL,2,'2015-05-02 09:49:09',2,'2015-05-02 09:49:09',3904,0,0,'Note'),
 (3,NULL,2,'2015-05-02 10:06:02',2,'2015-05-02 10:06:02',3904,0,0,'otra nota'),
 (4,NULL,2,'2015-05-02 10:11:45',2,'2015-05-02 10:11:45',3904,0,2,'a ver este....'),
 (5,'This node don\'t have self URL, it use mapping...',0,'2015-05-15 18:44:01',0,'2015-05-15 18:44:01',3904,0,0,'A new note...'),
 (6,'Contenido de la nota',23,'2015-09-13 10:05:02',23,'2015-09-13 10:05:02',3904,219,23,'Nota de Ejemplo para Alfredo');
CREATE TABLE `node_nuevo` (
  `id` int(10) unsigned NOT NULL AUTO_INCREMENT,
  `modifier` int(10) unsigned DEFAULT '0',
  `modified` datetime DEFAULT NULL,
  `creator` int(10) unsigned DEFAULT '0',
  `created` datetime DEFAULT NULL,
  `access` int(11) DEFAULT '3904',
  `group_owner` int(10) unsigned DEFAULT '0',
  `user_owner` int(10) unsigned DEFAULT '0',
  `title` varchar(250) DEFAULT '',
  PRIMARY KEY (`id`)
) ENGINE=MyISAM DEFAULT CHARSET=latin1;
CREATE TABLE `node_otracosa` (
  `id` int(10) unsigned NOT NULL AUTO_INCREMENT,
  `modifier` int(10) unsigned DEFAULT '0',
  `modified` datetime DEFAULT NULL,
  `creator` int(10) unsigned DEFAULT '0',
  `created` datetime DEFAULT NULL,
  `access` int(11) DEFAULT '3904',
  `group_owner` int(10) unsigned DEFAULT '0',
  `user_owner` int(10) unsigned DEFAULT '0',
  `title` varchar(250) DEFAULT '',
  PRIMARY KEY (`id`)
) ENGINE=MyISAM DEFAULT CHARSET=latin1;
CREATE TABLE `node_psihost` (
  `id` int(10) unsigned NOT NULL AUTO_INCREMENT,
  `pass` varchar(250) DEFAULT '',
  `user` varchar(250) DEFAULT '',
  `url` varchar(250) DEFAULT '',
  `modifier` int(10) unsigned DEFAULT '0',
  `modified` datetime DEFAULT NULL,
  `creator` int(10) unsigned DEFAULT '0',
  `created` datetime DEFAULT NULL,
  `access` int(11) DEFAULT '3904',
  `group_owner` int(10) unsigned DEFAULT '0',
  `user_owner` int(10) unsigned DEFAULT '0',
  PRIMARY KEY (`id`)
) ENGINE=MyISAM AUTO_INCREMENT=9 DEFAULT CHARSET=latin1;
INSERT INTO `node_psihost` VALUES  (2,'','','http://inicial.cloudapp.net/',23,'2015-09-06 13:32:02',0,'2015-09-06 13:32:02',3904,0,0),
 (3,'','','http://wrong.example.com/',23,'2015-09-06 14:28:26',0,'2015-09-06 14:28:26',3904,0,0),
 (6,'','','http://try-pharinix.rhcloud.com/',23,'2015-09-06 19:14:55',0,'2015-09-06 19:14:55',3904,0,0),
 (8,'rueiwoqp','aaaaa976@gmail.com','http://suraventura.agiliacenter.com/monitor/',23,'2015-11-02 12:23:18',0,'2015-11-02 12:23:18',3904,5801,0);
CREATE TABLE `node_relation_user_groups_group` (
  `id` int(10) unsigned NOT NULL AUTO_INCREMENT,
  `type1` int(10) unsigned NOT NULL,
  `type2` int(10) unsigned NOT NULL,
  PRIMARY KEY (`id`),
  KEY `type1` (`type1`),
  KEY `type2` (`type2`)
) ENGINE=MyISAM AUTO_INCREMENT=9143 DEFAULT CHARSET=latin1;
INSERT INTO `node_relation_user_groups_group` VALUES  (64,23,219),
 (21,23,21),
 (6558,5695,5695),
 (5849,5044,5044),
 (6612,5745,5745),
 (6666,5795,0),
 (6719,5844,0),
 (8615,7582,5805),
 (8614,7582,5795);
CREATE TABLE `node_servicios` (
  `id` int(10) unsigned NOT NULL AUTO_INCREMENT,
  `descripcion` longtext,
  `modifier` int(10) unsigned DEFAULT '0',
  `modified` datetime DEFAULT NULL,
  `creator` int(10) unsigned DEFAULT '0',
  `created` datetime DEFAULT NULL,
  `access` int(11) DEFAULT '3904',
  `group_owner` int(10) unsigned DEFAULT '0',
  `user_owner` int(10) unsigned DEFAULT '0',
  `title` varchar(250) DEFAULT '',
  PRIMARY KEY (`id`)
) ENGINE=MyISAM DEFAULT CHARSET=latin1;
CREATE TABLE `node_type` (
  `id` int(10) unsigned NOT NULL AUTO_INCREMENT,
  `name` varchar(250) NOT NULL,
  `created` datetime NOT NULL,
  `creator_node_user` int(10) unsigned NOT NULL COMMENT '''User ID''',
  `modified` datetime NOT NULL,
  `modifier_node_user` int(10) unsigned NOT NULL COMMENT '''User ID''',
  `locked` varchar(1) DEFAULT '0' COMMENT 'System node type',
  `label_field` varchar(250) NOT NULL COMMENT 'Field that I can use to list',
  `user_owner` int(10) unsigned NOT NULL,
  `group_owner` int(10) unsigned NOT NULL,
  `access` int(10) unsigned NOT NULL,
  PRIMARY KEY (`id`)
) ENGINE=MyISAM AUTO_INCREMENT=25761 DEFAULT CHARSET=latin1;
INSERT INTO `node_type` VALUES  (8,'algo','2015-03-21 13:21:14',0,'2015-04-17 18:38:55',0,'0','title',0,0,3904),
 (555,'user','2015-03-21 18:56:43',0,'2015-08-21 18:06:12',0,'1','name',0,0,3904),
 (556,'group','2015-03-21 19:10:19',0,'2015-10-03 18:27:56',0,'1','title',0,0,3904),
 (8180,'otracosa','2015-04-11 17:59:42',0,'2015-04-11 17:59:42',0,'0','title',0,0,3904),
 (8935,'nuevo','2015-04-17 17:03:39',0,'2015-04-17 17:03:39',0,'0','title',0,0,3904),
 (11772,'notes','2015-05-02 09:44:01',0,'2015-05-13 23:48:54',0,'0','title',0,0,15),
 (23720,'menu','2015-10-03 17:04:41',0,'2015-10-09 18:59:09',0,'1','title',0,0,3908),
 (21471,'servicios','2015-09-13 10:09:03',0,'2015-09-13 10:17:47',0,'0','title',0,0,3904),
 (16471,'modules','2015-08-05 16:54:35',0,'2015-08-05 23:56:30',0,'1','title',0,0,3904),
 (20880,'psihost','2015-09-06 13:22:29',0,'2015-09-06 13:22:29',0,'0','title',0,0,3904);
CREATE TABLE `node_type_field` (
  `id` int(10) unsigned NOT NULL AUTO_INCREMENT,
  `name` varchar(250) NOT NULL,
  `type` varchar(250) NOT NULL,
  `len` int(10) unsigned NOT NULL,
  `required` varchar(1) NOT NULL DEFAULT '0' COMMENT 'Field required',
  `readonly` varchar(1) NOT NULL DEFAULT '0' COMMENT 'Not writeble field',
  `locked` varchar(1) NOT NULL DEFAULT '0' COMMENT 'The cant be erased of the type',
  `node_type` int(10) unsigned NOT NULL,
  `default` longtext NOT NULL COMMENT 'Default value',
  `label` varchar(250) NOT NULL,
  `help` longtext NOT NULL,
  `multi` varchar(1) NOT NULL DEFAULT '0' COMMENT 'Multivalue',
  `iskey` varchar(1) NOT NULL DEFAULT '0',
  PRIMARY KEY (`id`)
) ENGINE=MyISAM AUTO_INCREMENT=232587 DEFAULT CHARSET=latin1;
INSERT INTO `node_type_field` VALUES  (12403,'modifier','user',0,'0','1','1',556,'0','Modifier user','','0','0'),
 (12402,'modified','datetime',0,'0','1','1',556,'','Modified date','','0','0'),
 (12401,'creator','user',0,'0','1','1',556,'0','User creator','','0','0'),
 (12400,'created','datetime',0,'0','1','1',556,'','Creation date','','0','0'),
 (12399,'title','string',250,'1','0','0',556,'','Title','A title string for this node.','0','0'),
 (12398,'groups','group',0,'0','0','0',555,'0','Groups','User groups','1','0'),
 (12397,'mail','string',250,'0','0','0',555,'','Mail','User email to login.','0','1'),
 (12396,'pass','password',250,'0','0','0',555,'','Password','Password to access.','0','0'),
 (12395,'name','string',250,'0','0','0',555,'','User name','It can be any.','0','0'),
 (12394,'modifier','user',0,'0','1','1',555,'0','Modifier user','','0','0'),
 (12393,'modified','datetime',0,'0','1','1',555,'','Modified date','','0','0'),
 (12392,'creator','user',0,'0','1','1',555,'0','User creator','','0','0'),
 (12391,'created','datetime',0,'0','1','1',555,'','Creation date','','0','0'),
 (9121,'title','string',250,'1','0','0',8,'','Title','A title string for this node.','0','0'),
 (9122,'created','datetime',0,'0','1','1',8,'','Creation date','','0','0'),
 (9123,'creator','user',0,'0','1','1',8,'0','User creator','','0','0'),
 (9124,'modified','datetime',0,'0','1','1',8,'','Modified date','','0','0'),
 (9125,'modifier','user',0,'0','1','1',8,'0','Modifier user','','0','0'),
 (12390,'title','string',250,'1','0','0',555,'','Title','A title string for this node.','0','0'),
 (215044,'slugname','string',250,'1','0','1',23720,'','Slugname','A required unique name used how reference','0','1'),
 (215043,'isbrand','bool',0,'0','0','0',23720,'0','Is brand?','Show this option how a menu title, or brand','0','0'),
 (215042,'isnotsudoed','bool',0,'0','0','0',23720,'0','User is not sudoed','Show option if the user is not root','0','0'),
 (217225,'havegroup','string',250,'0','0','0',23720,'','Required user group','Show option if the user have this group','0','0'),
 (215041,'isnotloged','bool',0,'0','0','0',23720,'0','User is not loged','Show option if the user is not loged','0','0'),
 (215039,'issudoed','bool',0,'0','0','0',23720,'0','User is sudoed','Show option if the user is root','0','0'),
 (215033,'linkto','string',250,'0','0','0',23720,'0','Link to','URL linked from this option, if set value \'command\' it execute the command, and parameters, associated','0','0'),
 (83178,'group_owner','group',0,'0','0','1',8,'0','Group','Owner group','0','0'),
 (83177,'user_owner','user',0,'0','0','1',8,'0','Owner','Owner user','0','0'),
 (83176,'access','nodesec',0,'0','0','1',8,'3904','Access','Access control flags.','0','0'),
 (83155,'group_owner','group',0,'0','0','1',556,'0','Group','Owner group','0','0'),
 (83153,'user_owner','user',0,'0','0','1',556,'0','Owner','Owner user','0','0'),
 (83154,'group_owner','group',0,'0','0','1',555,'0','Group','Owner group','0','0'),
 (83152,'user_owner','user',0,'0','0','1',555,'0','Owner','Owner user','0','0'),
 (83151,'access','nodesec',0,'0','0','1',556,'3904','Access','Access control flags.','0','0'),
 (83150,'access','nodesec',0,'0','0','1',555,'3904','Access','Access control flags.','0','0'),
 (76155,'modifier','user',0,'0','1','1',8180,'0','Modifier user','','0','0'),
 (76154,'modified','datetime',0,'0','1','1',8180,'','Modified date','','0','0'),
 (76153,'creator','user',0,'0','1','1',8180,'0','User creator','','0','0'),
 (65416,'order','integer',0,'0','0','0',7,'','Field','','0','0'),
 (76152,'created','datetime',0,'0','1','1',8180,'','Creation date','','0','0'),
 (65415,'modifier','user',0,'0','1','1',7,'0','Modifier user','','0','0'),
 (65414,'modified','datetime',0,'0','1','1',7,'','Modified date','','0','0'),
 (65413,'creator','user',0,'0','1','1',7,'0','User creator','','0','0'),
 (65412,'created','datetime',0,'0','1','1',7,'','Creation date','','0','0'),
 (65411,'access','nodesec',0,'0','0','1',7,'3904','Access','Access control flags.','0','0'),
 (65410,'group_owner','group',0,'0','0','1',7,'0','Group','Owner group','0','0'),
 (65409,'user_owner','user',0,'0','0','1',7,'0','Owner','Owner user','0','0'),
 (65408,'title','string',250,'1','0','0',7,'','Title','A title string for this node.','0','0'),
 (76151,'access','nodesec',0,'0','0','1',8180,'3904','Access','Access control flags.','0','0'),
 (76150,'group_owner','group',0,'0','0','1',8180,'0','Group','Owner group','0','0'),
 (76149,'user_owner','user',0,'0','0','1',8180,'0','Owner','Owner user','0','0'),
 (76148,'title','string',250,'1','0','0',8180,'','Title','A title string for this node.','0','0'),
 (83149,'modifier','user',0,'0','1','1',8935,'0','Modifier user','','0','0'),
 (83148,'modified','datetime',0,'0','1','1',8935,'','Modified date','','0','0'),
 (83147,'creator','user',0,'0','1','1',8935,'0','User creator','','0','0'),
 (83142,'title','string',250,'1','0','0',8935,'','Title','A title string for this node.','0','0'),
 (83146,'created','datetime',0,'0','1','1',8935,'','Creation date','','0','0'),
 (83145,'access','nodesec',0,'0','0','1',8935,'3904','Access','Access control flags.','0','0'),
 (83144,'group_owner','group',0,'0','0','1',8935,'0','Group','Owner group','0','0'),
 (83143,'user_owner','user',0,'0','0','1',8935,'0','Owner','Owner user','0','0'),
 (215032,'parent','menu',0,'0','0','0',23720,'0','Parent','Owner option','0','0'),
 (215031,'modifier','user',0,'0','1','1',23720,'0','Modifier user','','0','0'),
 (215030,'modified','datetime',0,'0','1','1',23720,'','Modified date','','0','0'),
 (215027,'access','nodesec',0,'0','0','1',23720,'3904','Access','Access control flags.','0','0'),
 (215029,'creator','user',0,'0','1','1',23720,'0','User creator','','0','0'),
 (215028,'created','datetime',0,'0','1','1',23720,'','Creation date','','0','0'),
 (215026,'group_owner','group',0,'0','0','1',23720,'0','Group','Owner group','0','0'),
 (148185,'path','string',250,'1','0','1',16471,'','Module install path.','Path to the installed module.','0','0'),
 (148186,'meta','longtext',0,'1','0','1',16471,'','Meta','Module meta information.','0','0'),
 (148184,'modifier','user',0,'0','1','1',16471,'0','Modifier user','','0','0'),
 (148183,'modified','datetime',0,'0','1','1',16471,'','Modified date','','0','0'),
 (109354,'modifier','user',0,'0','1','1',11772,'0','Modifier user','','0','0'),
 (109353,'modified','datetime',0,'0','1','1',11772,'','Modified date','','0','0'),
 (109352,'creator','user',0,'0','1','1',11772,'0','User creator','','0','0'),
 (109351,'created','datetime',0,'0','1','1',11772,'','Creation date','','0','0'),
 (109350,'access','nodesec',0,'0','0','1',11772,'3904','Access','Access control flags.','0','0'),
 (109349,'group_owner','group',0,'0','0','1',11772,'0','Group','Owner group','0','0'),
 (109348,'user_owner','user',0,'0','0','1',11772,'0','Owner','Owner user','0','0'),
 (109347,'title','string',250,'1','0','0',11772,'','Title','A title string for this node.','0','0'),
 (148182,'creator','user',0,'0','1','1',16471,'0','User creator','','0','0'),
 (148181,'created','datetime',0,'0','1','1',16471,'','Creation date','','0','0'),
 (148180,'access','nodesec',0,'0','0','1',16471,'3904','Access','Access control flags.','0','0'),
 (148179,'group_owner','group',0,'0','0','1',16471,'0','Group','Owner group','0','0'),
 (148178,'user_owner','user',0,'0','0','1',16471,'0','Owner','Owner user','0','0'),
 (148177,'title','string',250,'1','0','0',16471,'','Title','A title string for this node.','0','0'),
 (112562,'note','longtext',0,'1','0','0',11772,'','Note','A long text','0','0'),
 (148187,'version','string',250,'1','0','1',16471,'','Version','Module version','0','0'),
 (215024,'title','string',250,'1','0','0',23720,'','Title','A title string for this node.','0','0'),
 (215025,'user_owner','user',0,'0','0','1',23720,'0','Owner','Owner user','0','0'),
 (161493,'language','string',10,'0','0','1',555,'','Language','Primary user language','0','0'),
 (194295,'descripcion','longtext',0,'0','0','0',21471,'','Descripción','Una descripción del servicio...','0','0'),
 (215038,'isloged','bool',0,'0','0','0',23720,'0','User Is logged','Show option if the user is logged','0','0'),
 (194287,'title','string',250,'1','0','0',21471,'','Title','A title string for this node.','0','0'),
 (194288,'user_owner','user',0,'0','0','1',21471,'0','Owner','Owner user','0','0'),
 (194289,'group_owner','group',0,'0','0','1',21471,'0','Group','Owner group','0','0'),
 (194290,'access','nodesec',0,'0','0','1',21471,'3904','Access','Access control flags.','0','0'),
 (194291,'created','datetime',0,'0','1','1',21471,'','Creation date','','0','0'),
 (194292,'creator','user',0,'0','1','1',21471,'0','User creator','','0','0'),
 (194293,'modified','datetime',0,'0','1','1',21471,'','Modified date','','0','0'),
 (194294,'modifier','user',0,'0','1','1',21471,'0','Modifier user','','0','0'),
 (188846,'pass','string',250,'0','0','0',20880,'','Password','User password that can call commands.','0','0'),
 (188845,'user','string',250,'0','0','0',20880,'','User','User name that can call commands.','0','0'),
 (188844,'url','string',250,'1','0','0',20880,'','Host','Pharinix host\'s url with phpSysInfo installed.','0','0'),
 (188843,'modifier','user',0,'0','1','1',20880,'0','Modifier user','','0','0'),
 (188842,'modified','datetime',0,'0','1','1',20880,'','Modified date','','0','0'),
 (188841,'creator','user',0,'0','1','1',20880,'0','User creator','','0','0'),
 (188840,'created','datetime',0,'0','1','1',20880,'','Creation date','','0','0'),
 (188839,'access','nodesec',0,'0','0','1',20880,'3904','Access','Access control flags.','0','0'),
 (188838,'group_owner','group',0,'0','0','1',20880,'0','Group','Owner group','0','0'),
 (188837,'user_owner','user',0,'0','0','1',20880,'0','Owner','Owner user','0','0'),
 (215037,'params','longtext',0,'0','0','0',23720,'','Parameters','Command parameters if linkto value is \'command\'','0','0'),
 (215036,'cmd','string',250,'0','0','0',23720,'','Command','Command to execute if linkto value is \'command\'','0','0'),
 (215034,'opennew','bool',0,'0','0','0',23720,'0','New windows','Open in a new window or tab','0','0'),
 (215035,'onlyparent','bool',0,'0','0','0',23720,'0','Is only a root option?','Check if it\'s only a parent option without action','0','0'),
 (215045,'description','longtext',0,'0','0','1',556,'','Description','Help about the use of this group','0','0'),
 (216134,'order','integer',0,'0','0','1',23720,'100','Order','Order value, 0 first.','0','0'),
 (216135,'aling','string',250,'0','0','0',23720,'left','Align','Menu alignment, it could be center, left or right','0','0'),
 (216136,'active','bool',0,'0','0','1',23720,'1','Active','Is this menu active?','0','0'),
 (217226,'icon','string',250,'0','0','0',23720,'','Icon','Icon to show about the menu option','0','0');
CREATE TABLE `node_user` (
  `id` int(10) unsigned NOT NULL AUTO_INCREMENT,
  `language` varchar(10) DEFAULT NULL,
  `group_owner` int(10) unsigned DEFAULT '0',
  `user_owner` int(10) unsigned DEFAULT '0',
  `access` int(11) DEFAULT '3904',
  `groups` int(10) unsigned DEFAULT '0',
  `mail` varchar(250) DEFAULT '',
  `pass` varchar(250) DEFAULT NULL,
  `name` varchar(250) DEFAULT '',
  `modifier` int(10) unsigned DEFAULT '0',
  `modified` datetime DEFAULT NULL,
  `creator` int(10) unsigned DEFAULT '0',
  `created` datetime DEFAULT NULL,
  `title` varchar(250) DEFAULT '',
  PRIMARY KEY (`id`)
) ENGINE=MyISAM AUTO_INCREMENT=8058 DEFAULT CHARSET=latin1;
INSERT INTO `node_user` VALUES  (2,'',0,0,3904,0,'guest@localhost','','guest',1,'0000-00-00 00:00:00',1,'0000-00-00 00:00:00','Guest'),
 (23,'en',0,23,3904,0,'aaaaa976@gmail.com','0cc175b9c0f1b6a831c399e269772661','PSF',23,'2015-10-26 21:36:37',2,'2015-04-02 23:44:27','Pedro Peláez'),
 (7582,NULL,0,7582,3904,0,'otro@mail','0cc175b9c0f1b6a831c399e269772661','Otro',7582,'2015-11-02 12:09:13',0,'2015-10-26 21:09:23','Otro');
CREATE TABLE `page-blocks` (
  `id` int(10) unsigned NOT NULL AUTO_INCREMENT,
  `idpage` int(10) unsigned NOT NULL,
  `idcol` varchar(250) NOT NULL,
  `command` varchar(250) NOT NULL,
  `parameters` longtext NOT NULL,
  `priority` int(10) unsigned NOT NULL,
  PRIMARY KEY (`id`)
) ENGINE=MyISAM AUTO_INCREMENT=108073 DEFAULT CHARSET=latin1;
INSERT INTO `page-blocks` VALUES  (9,1,'colRight','execForm','',1),
 (10,0,'footCopy','echoHTML','html=%3Ch4%3EPharinix%20Copyright%20%C2%A9%20%3C%3Fphp%20echo%20date(%22Y%22)%3B%20%3F%3E%20Pedro%20Pelaez%3C%2Fh4%3E%0A%3Ch5%3EGNU%20Software%3C%2Fh5%3E',0),
 (69332,69246,'colLeft','textUrlEncoder','',10),
 (107560,3191,'content','echo','nodetype=$type',5),
 (69330,69246,'colRight','execForm','',1),
 (69331,69246,'colLeft','manHelpOnline','',1),
 (12,3,'content','echoHTML','html=%3Ch1%3EPage%20not%20found%3A%20%3C%3Fphp%20echo%20%22%27%7B%24_GET%5B%22rewrite%22%5D%7D%27%22%3B%3F%3E%3C%2Fh1%3E',0),
 (14,1,'colLeft','textUrlEncoder','',10),
 (13,4,'content','commandHelp',' ',0),
 (21,10,'content','templateEditor','',0),
 (22,11,'content','iconsList','',0),
 (428,1,'colLeft','manHelpOnline','',1),
 (3214,3191,'content','getNodeTypeDefHtml','nodetype=$type',0),
 (3492,3469,'content','getNodeHtml','nodetype=$type&node=$id',0),
 (46873,46837,'bool_write','formatFieldBool','fieldname=testboolwrite&toread=0&towrite=1&value&required=1&readonly=0&system=0&multivalued=0&label=Bool&help=A bool field',0),
 (46872,46837,'longtext_read','formatFieldLongtext','fieldname=testlongtextread&toread=1&towrite=0&value&required=1&readonly=0&system=0&multivalued=0&value=longtext&label=Longtext&help=A long text field',0),
 (46871,46837,'longtext_write','formatFieldLongtext','fieldname=testlongtextwrite&toread=0&towrite=1&value&required=1&readonly=0&system=0&multivalued=0&default=longtext&label=Longtext&help=A long text field',0),
 (46874,46837,'bool_read','formatFieldBool','fieldname=testboolwrite&toread=1&towrite=0&value=1&required=1&readonly=0&system=0&multivalued=0&label=Bool&help=A bool field',0),
 (46876,46837,'double_read','formatFieldDouble','fieldname=testdoubleread&toread=1&towrite=0&value=100&required=1&readonly=0&system=0&multivalued=0&label=Double&help=A double field',0),
 (46875,46837,'double_write','formatFieldDouble','fieldname=testdoublewrite&toread=0&towrite=1&value=100&required=1&readonly=0&system=0&multivalued=0&label=Double&help=A double field',0),
 (46877,46837,'integer_write','formatFieldInteger','fieldname=testintegerwrite&toread=0&towrite=1&value=100&required=1&readonly=0&system=0&multivalued=0&label=Integer&help=A integer field',0),
 (46878,46837,'integer_read','formatFieldInteger','fieldname=testintegerread&toread=1&towrite=0&value=100&required=1&readonly=0&system=0&multivalued=0&label=Integer&help=A integer field',0),
 (46879,46837,'string_write','formatFieldString','fieldname=teststringwrite&toread=0&towrite=1&value=String&required=1&readonly=0&system=0&multivalued=0&label=String&help=A string field',0),
 (46880,46837,'string_read','formatFieldString','fieldname=teststringread&toread=1&towrite=0&value=String&required=1&readonly=0&system=0&multivalued=0&label=String&help=A string field',0),
 (46881,46837,'password_write','formatFieldPassword','fieldname=testpasswordwrite&toread=0&towrite=1&value=password&required=1&readonly=0&system=0&multivalued=0&label=Password&help=A password field',0),
 (46882,46837,'password_read','formatFieldPassword','fieldname=testpasswordread&toread=1&towrite=0&value=password&required=1&readonly=0&system=0&multivalued=0&label=Password&help=A password field',0),
 (46883,46837,'datetime_write','formatFieldDate','fieldname=testdatewrite&toread=0&towrite=1&value=24-04-2015&required=1&readonly=0&system=0&multivalued=0&label=Date&help=A datetime field',0),
 (46884,46837,'datetime_read','formatFieldDate','fieldname=testdateread&toread=1&towrite=0&value=24-04-2015&required=1&readonly=0&system=0&multivalued=0&label=Date&help=A datetime field',0),
 (46885,46837,'headblock','echoHTML','html=<legend>Formatters demo</legend>',0),
 (47432,47383,'content','echoHTML','html=%3Cdiv%20id%3D%22page-inner%22%3E%0A%20%20%20%20%20%20%20%20%20%20%20%20%20%20%20%20%3Cdiv%20class%3D%22row%22%3E%0A%20%20%20%20%20%20%20%20%20%20%20%20%20%20%20%20%20%20%20%20%3Cdiv%20class%3D%22col-md-12%22%3E%0A%20%20%20%20%20%20%20%20%20%20%20%20%20%20%20%20%20%20%20%20%20%3Ch2%3ETabs%20%26%20Panels%20%3C%2Fh2%3E%20%20%20%0A%20%20%20%20%20%20%20%20%20%20%20%20%20%20%20%20%20%20%20%20%20%20%20%20%3Ch5%3EFree%20Bootstrap%20Admin%20Template%20%3A%20Binary%20Admin%20by%20binarycart.com%3C%2Fh5%3E%0A%20%20%20%20%20%20%20%20%20%20%20%20%20%20%20%20%20%20%20%20%20%20%20%0A%20%20%20%20%20%20%20%20%20%20%20%20%20%20%20%20%20%20%20%20%3C%2Fdiv%3E%0A%20%20%20%20%20%20%20%20%20%20%20%20%20%20%20%20%3C%2Fdiv%3E%0A%20%20%20%20%20%20%20%20%20%20%20%20%20%20%20%20%20%3C!--%20%2F.%20ROW%20%20--%3E%0A%20%20%20%20%20%20%20%20%20%20%20%20%20%20%20%20%20%3Chr%20%2F%3E%0A%20%20%20%20%20%20%20%20%20%20%20%20%20%20%20%20%20%20%20%20%20%20%20%20%20%20%20%20%20%20%20%20%20%0A%20%20%20%20%20%20%20%20%20%20%20%20%3Cdiv%20class%3D%22row%22%3E%0A%20%20%20%20%20%20%20%20%20%20%20%20%20%20%20%20%3Cdiv%20class%3D%22col-md-4%20col-sm-4%22%3E%0A%20%20%20%20%20%20%20%20%20%20%20%20%20%20%20%20%20%20%20%20%3Cdiv%20class%3D%22panel%20panel-default%22%3E%0A%20%20%20%20%20%20%20%20%20%20%20%20%20%20%20%20%20%20%20%20%20%20%20%20%3Cdiv%20class%3D%22panel-heading%22%3E%0A%20%20%20%20%20%20%20%20%20%20%20%20%20%20%20%20%20%20%20%20%20%20%20%20%20%20%20%20Default%20Panel%0A%20%20%20%20%20%20%20%20%20%20%20%20%20%20%20%20%20%20%20%20%20%20%20%20%3C%2Fdiv%3E%0A%20%20%20%20%20%20%20%20%20%20%20%20%20%20%20%20%20%20%20%20%20%20%20%20%3Cdiv%20class%3D%22panel-body%22%3E%0A%20%20%20%20%20%20%20%20%20%20%20%20%20%20%20%20%20%20%20%20%20%20%20%20%20%20%20%20%3Cp%3ELorem%20ipsum%20dolor%20sit%20amet%2C%20consectetur%20adipiscing%20elit.%20Vestibulum%20tincidunt%20est%20vitae%20ultrices%20accumsan.%20Aliquam%20ornare%20lacus%20adipiscing%2C%20posuere%20lectus%20et%2C%20fringilla%20augue.%3C%2Fp%3E%0A%20%20%20%20%20%20%20%20%20%20%20%20%20%20%20%20%20%20%20%20%20%20%20%20%3C%2Fdiv%3E%0A%20%20%20%20%20%20%20%20%20%20%20%20%20%20%20%20%20%20%20%20%20%20%20%20%3Cdiv%20class%3D%22panel-footer%22%3E%0A%20%20%20%20%20%20%20%20%20%20%20%20%20%20%20%20%20%20%20%20%20%20%20%20%20%20%20%20Panel%20Footer%0A%20%20%20%20%20%20%20%20%20%20%20%20%20%20%20%20%20%20%20%20%20%20%20%20%3C%2Fdiv%3E%0A%20%20%20%20%20%20%20%20%20%20%20%20%20%20%20%20%20%20%20%20%3C%2Fdiv%3E%0A%20%20%20%20%20%20%20%20%20%20%20%20%20%20%20%20%3C%2Fdiv%3E%0A%20%20%20%20%20%20%20%20%20%20%20%20%20%20%20%20%3Cdiv%20class%3D%22col-md-4%20col-sm-4%22%3E%0A%20%20%20%20%20%20%20%20%20%20%20%20%20%20%20%20%20%20%20%20%3Cdiv%20class%3D%22panel%20panel-primary%22%3E%0A%20%20%20%20%20%20%20%20%20%20%20%20%20%20%20%20%20%20%20%20%20%20%20%20%3Cdiv%20class%3D%22panel-heading%22%3E%0A%20%20%20%20%20%20%20%20%20%20%20%20%20%20%20%20%20%20%20%20%20%20%20%20%20%20%20%20Primary%20Panel%0A%20%20%20%20%20%20%20%20%20%20%20%20%20%20%20%20%20%20%20%20%20%20%20%20%3C%2Fdiv%3E%0A%20%20%20%20%20%20%20%20%20%20%20%20%20%20%20%20%20%20%20%20%20%20%20%20%3Cdiv%20class%3D%22panel-body%22%3E%0A%20%20%20%20%20%20%20%20%20%20%20%20%20%20%20%20%20%20%20%20%20%20%20%20%20%20%20%20%3Cp%3ELorem%20ipsum%20dolor%20sit%20amet%2C%20consectetur%20adipiscing%20elit.%20Vestibulum%20tincidunt%20est%20vitae%20ultrices%20accumsan.%20Aliquam%20ornare%20lacus%20adipiscing%2C%20posuere%20lectus%20et%2C%20fringilla%20augue.%3C%2Fp%3E%0A%20%20%20%20%20%20%20%20%20%20%20%20%20%20%20%20%20%20%20%20%20%20%20%20%3C%2Fdiv%3E%0A%20%20%20%20%20%20%20%20%20%20%20%20%20%20%20%20%20%20%20%20%20%20%20%20%3Cdiv%20class%3D%22panel-footer%22%3E%0A%20%20%20%20%20%20%20%20%20%20%20%20%20%20%20%20%20%20%20%20%20%20%20%20%20%20%20%20Panel%20Footer%0A%20%20%20%20%20%20%20%20%20%20%20%20%20%20%20%20%20%20%20%20%20%20%20%20%3C%2Fdiv%3E%0A%20%20%20%20%20%20%20%20%20%20%20%20%20%20%20%20%20%20%20%20%3C%2Fdiv%3E%0A%20%20%20%20%20%20%20%20%20%20%20%20%20%20%20%20%3C%2Fdiv%3E%0A%20%20%20%20%20%20%20%20%20%20%20%20%20%20%20%20%3Cdiv%20class%3D%22col-md-4%20col-sm-4%22%3E%0A%20%20%20%20%20%20%20%20%20%20%20%20%20%20%20%20%20%20%20%20%3Cdiv%20class%3D%22panel%20panel-success%22%3E%0A%20%20%20%20%20%20%20%20%20%20%20%20%20%20%20%20%20%20%20%20%20%20%20%20%3Cdiv%20class%3D%22panel-heading%22%3E%0A%20%20%20%20%20%20%20%20%20%20%20%20%20%20%20%20%20%20%20%20%20%20%20%20%20%20%20%20Success%20Panel%0A%20%20%20%20%20%20%20%20%20%20%20%20%20%20%20%20%20%20%20%20%20%20%20%20%3C%2Fdiv%3E%0A%20%20%20%20%20%20%20%20%20%20%20%20%20%20%20%20%20%20%20%20%20%20%20%20%3Cdiv%20class%3D%22panel-body%22%3E%0A%20%20%20%20%20%20%20%20%20%20%20%20%20%20%20%20%20%20%20%20%20%20%20%20%20%20%20%20%3Cp%3ELorem%20ipsum%20dolor%20sit%20amet%2C%20consectetur%20adipiscing%20elit.%20Vestibulum%20tincidunt%20est%20vitae%20ultrices%20accumsan.%20Aliquam%20ornare%20lacus%20adipiscing%2C%20posuere%20lectus%20et%2C%20fringilla%20augue.%3C%2Fp%3E%0A%20%20%20%20%20%20%20%20%20%20%20%20%20%20%20%20%20%20%20%20%20%20%20%20%3C%2Fdiv%3E%0A%20%20%20%20%20%20%20%20%20%20%20%20%20%20%20%20%20%20%20%20%20%20%20%20%3Cdiv%20class%3D%22panel-footer%22%3E%0A%20%20%20%20%20%20%20%20%20%20%20%20%20%20%20%20%20%20%20%20%20%20%20%20%20%20%20%20Panel%20Footer%0A%20%20%20%20%20%20%20%20%20%20%20%20%20%20%20%20%20%20%20%20%20%20%20%20%3C%2Fdiv%3E%0A%20%20%20%20%20%20%20%20%20%20%20%20%20%20%20%20%20%20%20%20%3C%2Fdiv%3E%0A%20%20%20%20%20%20%20%20%20%20%20%20%20%20%20%20%3C%2Fdiv%3E%0A%20%20%20%20%20%20%20%20%20%20%20%20%3C%2Fdiv%3E%0A%20%20%20%20%20%20%20%20%20%20%20%20%20%20%20%20%20%20%20%3C!--%20%2F.%20ROW%20%20--%3E%0A%20%20%20%20%20%20%20%20%20%20%20%20%3Cdiv%20class%3D%22row%22%3E%0A%20%20%20%20%20%20%20%20%20%20%20%20%20%20%20%20%3Cdiv%20class%3D%22col-md-4%20col-sm-4%22%3E%0A%20%20%20%20%20%20%20%20%20%20%20%20%20%20%20%20%20%20%20%20%3Cdiv%20class%3D%22panel%20panel-info%22%3E%0A%20%20%20%20%20%20%20%20%20%20%20%20%20%20%20%20%20%20%20%20%20%20%20%20%3Cdiv%20class%3D%22panel-heading%22%3E%0A%20%20%20%20%20%20%20%20%20%20%20%20%20%20%20%20%20%20%20%20%20%20%20%20%20%20%20%20Info%20Panel%0A%20%20%20%20%20%20%20%20%20%20%20%20%20%20%20%20%20%20%20%20%20%20%20%20%3C%2Fdiv%3E%0A%20%20%20%20%20%20%20%20%20%20%20%20%20%20%20%20%20%20%20%20%20%20%20%20%3Cdiv%20class%3D%22panel-body%22%3E%0A%20%20%20%20%20%20%20%20%20%20%20%20%20%20%20%20%20%20%20%20%20%20%20%20%20%20%20%20%3Cp%3ELorem%20ipsum%20dolor%20sit%20amet%2C%20consectetur%20adipiscing%20elit.%20Vestibulum%20tincidunt%20est%20vitae%20ultrices%20accumsan.%20Aliquam%20ornare%20lacus%20adipiscing%2C%20posuere%20lectus%20et%2C%20fringilla%20augue.%3C%2Fp%3E%0A%20%20%20%20%20%20%20%20%20%20%20%20%20%20%20%20%20%20%20%20%20%20%20%20%3C%2Fdiv%3E%0A%20%20%20%20%20%20%20%20%20%20%20%20%20%20%20%20%20%20%20%20%20%20%20%20%3Cdiv%20class%3D%22panel-footer%22%3E%0A%20%20%20%20%20%20%20%20%20%20%20%20%20%20%20%20%20%20%20%20%20%20%20%20%20%20%20%20Panel%20Footer%0A%20%20%20%20%20%20%20%20%20%20%20%20%20%20%20%20%20%20%20%20%20%20%20%20%3C%2Fdiv%3E%0A%20%20%20%20%20%20%20%20%20%20%20%20%20%20%20%20%20%20%20%20%3C%2Fdiv%3E%0A%20%20%20%20%20%20%20%20%20%20%20%20%20%20%20%20%3C%2Fdiv%3E%0A%20%20%20%20%20%20%20%20%20%20%20%20%20%20%20%20%3Cdiv%20class%3D%22col-md-4%20col-sm-4%22%3E%0A%20%20%20%20%20%20%20%20%20%20%20%20%20%20%20%20%20%20%20%20%3Cdiv%20class%3D%22panel%20panel-warning%22%3E%0A%20%20%20%20%20%20%20%20%20%20%20%20%20%20%20%20%20%20%20%20%20%20%20%20%3Cdiv%20class%3D%22panel-heading%22%3E%0A%20%20%20%20%20%20%20%20%20%20%20%20%20%20%20%20%20%20%20%20%20%20%20%20%20%20%20%20Warning%20Panel%0A%20%20%20%20%20%20%20%20%20%20%20%20%20%20%20%20%20%20%20%20%20%20%20%20%3C%2Fdiv%3E%0A%20%20%20%20%20%20%20%20%20%20%20%20%20%20%20%20%20%20%20%20%20%20%20%20%3Cdiv%20class%3D%22panel-body%22%3E%0A%20%20%20%20%20%20%20%20%20%20%20%20%20%20%20%20%20%20%20%20%20%20%20%20%20%20%20%20%3Cp%3ELorem%20ipsum%20dolor%20sit%20amet%2C%20consectetur%20adipiscing%20elit.%20Vestibulum%20tincidunt%20est%20vitae%20ultrices%20accumsan.%20Aliquam%20ornare%20lacus%20adipiscing%2C%20posuere%20lectus%20et%2C%20fringilla%20augue.%3C%2Fp%3E%0A%20%20%20%20%20%20%20%20%20%20%20%20%20%20%20%20%20%20%20%20%20%20%20%20%3C%2Fdiv%3E%0A%20%20%20%20%20%20%20%20%20%20%20%20%20%20%20%20%20%20%20%20%20%20%20%20%3Cdiv%20class%3D%22panel-footer%22%3E%0A%20%20%20%20%20%20%20%20%20%20%20%20%20%20%20%20%20%20%20%20%20%20%20%20%20%20%20%20Panel%20Footer%0A%20%20%20%20%20%20%20%20%20%20%20%20%20%20%20%20%20%20%20%20%20%20%20%20%3C%2Fdiv%3E%0A%20%20%20%20%20%20%20%20%20%20%20%20%20%20%20%20%20%20%20%20%3C%2Fdiv%3E%0A%20%20%20%20%20%20%20%20%20%20%20%20%20%20%20%20%3C%2Fdiv%3E%0A%20%20%20%20%20%20%20%20%20%20%20%20%20%20%20%20%3Cdiv%20class%3D%22col-md-4%20col-sm-4%22%3E%0A%20%20%20%20%20%20%20%20%20%20%20%20%20%20%20%20%20%20%20%20%3Cdiv%20class%3D%22panel%20panel-danger%22%3E%0A%20%20%20%20%20%20%20%20%20%20%20%20%20%20%20%20%20%20%20%20%20%20%20%20%3Cdiv%20class%3D%22panel-heading%22%3E%0A%20%20%20%20%20%20%20%20%20%20%20%20%20%20%20%20%20%20%20%20%20%20%20%20%20%20%20%20Danger%20Panel%0A%20%20%20%20%20%20%20%20%20%20%20%20%20%20%20%20%20%20%20%20%20%20%20%20%3C%2Fdiv%3E%0A%20%20%20%20%20%20%20%20%20%20%20%20%20%20%20%20%20%20%20%20%20%20%20%20%3Cdiv%20class%3D%22panel-body%22%3E%0A%20%20%20%20%20%20%20%20%20%20%20%20%20%20%20%20%20%20%20%20%20%20%20%20%20%20%20%20%3Cp%3ELorem%20ipsum%20dolor%20sit%20amet%2C%20consectetur%20adipiscing%20elit.%20Vestibulum%20tincidunt%20est%20vitae%20ultrices%20accumsan.%20Aliquam%20ornare%20lacus%20adipiscing%2C%20posuere%20lectus%20et%2C%20fringilla%20augue.%3C%2Fp%3E%0A%20%20%20%20%20%20%20%20%20%20%20%20%20%20%20%20%20%20%20%20%20%20%20%20%3C%2Fdiv%3E%0A%20%20%20%20%20%20%20%20%20%20%20%20%20%20%20%20%20%20%20%20%20%20%20%20%3Cdiv%20class%3D%22panel-footer%22%3E%0A%20%20%20%20%20%20%20%20%20%20%20%20%20%20%20%20%20%20%20%20%20%20%20%20%20%20%20%20Panel%20Footer%0A%20%20%20%20%20%20%20%20%20%20%20%20%20%20%20%20%20%20%20%20%20%20%20%20%3C%2Fdiv%3E%0A%20%20%20%20%20%20%20%20%20%20%20%20%20%20%20%20%20%20%20%20%3C%2Fdiv%3E%0A%20%20%20%20%20%20%20%20%20%20%20%20%20%20%20%20%3C%2Fdiv%3E%0A%20%20%20%20%20%20%20%20%20%20%20%20%3C%2Fdiv%3E%0A%20%20%20%20%20%20%20%20%20%20%20%20%20%20%20%20%20%20%20%20%3C!--%20%2F.%20ROW%20%20--%3E%0A%20%20%20%20%20%20%20%20%20%20%20%20%3Cdiv%20class%3D%22row%22%3E%0A%20%20%20%20%20%20%20%20%20%20%20%20%20%20%20%20%3Cdiv%20class%3D%22col-md-12%22%3E%0A%20%20%20%20%20%20%20%20%20%20%20%20%20%20%20%20%20%20%20%20%3Cdiv%20class%3D%22panel%20panel-default%22%3E%0A%20%20%20%20%20%20%20%20%20%20%20%20%20%20%20%20%20%20%20%20%20%20%20%20%3Cdiv%20class%3D%22panel-heading%22%3E%0A%20%20%20%20%20%20%20%20%20%20%20%20%20%20%20%20%20%20%20%20%20%20%20%20%20%20%20%20Collapsible%20Accordion%20Panel%20Group%0A%20%20%20%20%20%20%20%20%20%20%20%20%20%20%20%20%20%20%20%20%20%20%20%20%3C%2Fdiv%3E%0A%20%20%20%20%20%20%20%20%20%20%20%20%20%20%20%20%20%20%20%20%20%20%20%20%3Cdiv%20class%3D%22panel-body%22%3E%0A%20%20%20%20%20%20%20%20%20%20%20%20%20%20%20%20%20%20%20%20%20%20%20%20%20%20%20%20%3Cdiv%20class%3D%22panel-group%22%20id%3D%22accordion%22%3E%0A%20%20%20%20%20%20%20%20%20%20%20%20%20%20%20%20%20%20%20%20%20%20%20%20%20%20%20%20%20%20%20%20%3Cdiv%20class%3D%22panel%20panel-default%22%3E%0A%20%20%20%20%20%20%20%20%20%20%20%20%20%20%20%20%20%20%20%20%20%20%20%20%20%20%20%20%20%20%20%20%20%20%20%20%3Cdiv%20class%3D%22panel-heading%22%3E%0A%20%20%20%20%20%20%20%20%20%20%20%20%20%20%20%20%20%20%20%20%20%20%20%20%20%20%20%20%20%20%20%20%20%20%20%20%20%20%20%20%3Ch4%20class%3D%22panel-title%22%3E%0A%20%20%20%20%20%20%20%20%20%20%20%20%20%20%20%20%20%20%20%20%20%20%20%20%20%20%20%20%20%20%20%20%20%20%20%20%20%20%20%20%20%20%20%20%3Ca%20data-toggle%3D%22collapse%22%20data-parent%3D%22%23accordion%22%20href%3D%22%23collapseOne%22%20class%3D%22collapsed%22%3ECollapsible%20Group%20Item%20%231%3C%2Fa%3E%0A%20%20%20%20%20%20%20%20%20%20%20%20%20%20%20%20%20%20%20%20%20%20%20%20%20%20%20%20%20%20%20%20%20%20%20%20%20%20%20%20%3C%2Fh4%3E%0A%20%20%20%20%20%20%20%20%20%20%20%20%20%20%20%20%20%20%20%20%20%20%20%20%20%20%20%20%20%20%20%20%20%20%20%20%3C%2Fdiv%3E%0A%20%20%20%20%20%20%20%20%20%20%20%20%20%20%20%20%20%20%20%20%20%20%20%20%20%20%20%20%20%20%20%20%20%20%20%20%3Cdiv%20id%3D%22collapseOne%22%20class%3D%22panel-collapse%20collapse%22%20style%3D%22height%3A%200px%3B%22%3E%0A%20%20%20%20%20%20%20%20%20%20%20%20%20%20%20%20%20%20%20%20%20%20%20%20%20%20%20%20%20%20%20%20%20%20%20%20%20%20%20%20%3Cdiv%20class%3D%22panel-body%22%3E%0A%20%20%20%20%20%20%20%20%20%20%20%20%20%20%20%20%20%20%20%20%20%20%20%20%20%20%20%20%20%20%20%20%20%20%20%20%20%20%20%20%20%20%20%20Lorem%20ipsum%20dolor%20sit%20amet%2C%20consectetur%20adipisicing%20elit%2C%20sed%20do%20eiusmod%20tempor%20incididunt%20ut%20labore%20et%20dolore%20magna%20aliqua.%20Ut%20enim%20ad%20minim%20veniam%2C%20quis%20nostrud%20exercitation%20ullamco%20laboris%20nisi%20ut%20aliquip%20ex%20ea%20commodo%20consequat.%20Duis%20aute%20irure%20dolor%20in%20reprehenderit%20in%20voluptate%20velit%20esse%20cillum%20dolore%20eu%20fugiat%20nulla%20pariatur.%20Excepteur%20sint%20occaecat%20cupidatat%20non%20proident%2C%20sunt%20in%20culpa%20qui%20officia%20deserunt%20mollit%20anim%20id%20est%20laborum.%0A%20%20%20%20%20%20%20%20%20%20%20%20%20%20%20%20%20%20%20%20%20%20%20%20%20%20%20%20%20%20%20%20%20%20%20%20%20%20%20%20%3C%2Fdiv%3E%0A%20%20%20%20%20%20%20%20%20%20%20%20%20%20%20%20%20%20%20%20%20%20%20%20%20%20%20%20%20%20%20%20%20%20%20%20%3C%2Fdiv%3E%0A%20%20%20%20%20%20%20%20%20%20%20%20%20%20%20%20%20%20%20%20%20%20%20%20%20%20%20%20%20%20%20%20%3C%2Fdiv%3E%0A%20%20%20%20%20%20%20%20%20%20%20%20%20%20%20%20%20%20%20%20%20%20%20%20%20%20%20%20%20%20%20%20%3Cdiv%20class%3D%22panel%20panel-default%22%3E%0A%20%20%20%20%20%20%20%20%20%20%20%20%20%20%20%20%20%20%20%20%20%20%20%20%20%20%20%20%20%20%20%20%20%20%20%20%3Cdiv%20class%3D%22panel-heading%22%3E%0A%20%20%20%20%20%20%20%20%20%20%20%20%20%20%20%20%20%20%20%20%20%20%20%20%20%20%20%20%20%20%20%20%20%20%20%20%20%20%20%20%3Ch4%20class%3D%22panel-title%22%3E%0A%20%20%20%20%20%20%20%20%20%20%20%20%20%20%20%20%20%20%20%20%20%20%20%20%20%20%20%20%20%20%20%20%20%20%20%20%20%20%20%20%20%20%20%20%3Ca%20data-toggle%3D%22collapse%22%20data-parent%3D%22%23accordion%22%20href%3D%22%23collapseTwo%22%3ECollapsible%20Group%20Item%20%232%3C%2Fa%3E%0A%20%20%20%20%20%20%20%20%20%20%20%20%20%20%20%20%20%20%20%20%20%20%20%20%20%20%20%20%20%20%20%20%20%20%20%20%20%20%20%20%3C%2Fh4%3E%0A%20%20%20%20%20%20%20%20%20%20%20%20%20%20%20%20%20%20%20%20%20%20%20%20%20%20%20%20%20%20%20%20%20%20%20%20%3C%2Fdiv%3E%0A%20%20%20%20%20%20%20%20%20%20%20%20%20%20%20%20%20%20%20%20%20%20%20%20%20%20%20%20%20%20%20%20%20%20%20%20%3Cdiv%20id%3D%22collapseTwo%22%20class%3D%22panel-collapse%20in%22%20style%3D%22height%3A%20auto%3B%22%3E%0A%20%20%20%20%20%20%20%20%20%20%20%20%20%20%20%20%20%20%20%20%20%20%20%20%20%20%20%20%20%20%20%20%20%20%20%20%20%20%20%20%3Cdiv%20class%3D%22panel-body%22%3E%0A%20%20%20%20%20%20%20%20%20%20%20%20%20%20%20%20%20%20%20%20%20%20%20%20%20%20%20%20%20%20%20%20%20%20%20%20%20%20%20%20%20%20%20%20Lorem%20ipsum%20dolor%20sit%20amet%2C%20consectetur%20adipisicing%20elit%2C%20sed%20do%20eiusmod%20tempor%20incididunt%20ut%20labore%20et%20dolore%20magna%20aliqua.%20Ut%20enim%20ad%20minim%20veniam%2C%20quis%20nostrud%20exercitation%20ullamco%20laboris%20nisi%20ut%20aliquip%20ex%20ea%20commodo%20consequat.%20Duis%20aute%20irure%20dolor%20in%20reprehenderit%20in%20voluptate%20velit%20esse%20cillum%20dolore%20eu%20fugiat%20nulla%20pariatur.%20Excepteur%20sint%20occaecat%20cupidatat%20non%20proident%2C%20sunt%20in%20culpa%20qui%20officia%20deserunt%20mollit%20anim%20id%20est%20laborum.%0A%20%20%20%20%20%20%20%20%20%20%20%20%20%20%20%20%20%20%20%20%20%20%20%20%20%20%20%20%20%20%20%20%20%20%20%20%20%20%20%20%3C%2Fdiv%3E%0A%20%20%20%20%20%20%20%20%20%20%20%20%20%20%20%20%20%20%20%20%20%20%20%20%20%20%20%20%20%20%20%20%20%20%20%20%3C%2Fdiv%3E%0A%20%20%20%20%20%20%20%20%20%20%20%20%20%20%20%20%20%20%20%20%20%20%20%20%20%20%20%20%20%20%20%20%3C%2Fdiv%3E%0A%20%20%20%20%20%20%20%20%20%20%20%20%20%20%20%20%20%20%20%20%20%20%20%20%20%20%20%20%20%20%20%20%3Cdiv%20class%3D%22panel%20panel-default%22%3E%0A%20%20%20%20%20%20%20%20%20%20%20%20%20%20%20%20%20%20%20%20%20%20%20%20%20%20%20%20%20%20%20%20%20%20%20%20%3Cdiv%20class%3D%22panel-heading%22%3E%0A%20%20%20%20%20%20%20%20%20%20%20%20%20%20%20%20%20%20%20%20%20%20%20%20%20%20%20%20%20%20%20%20%20%20%20%20%20%20%20%20%3Ch4%20class%3D%22panel-title%22%3E%0A%20%20%20%20%20%20%20%20%20%20%20%20%20%20%20%20%20%20%20%20%20%20%20%20%20%20%20%20%20%20%20%20%20%20%20%20%20%20%20%20%20%20%20%20%3Ca%20data-toggle%3D%22collapse%22%20data-parent%3D%22%23accordion%22%20href%3D%22%23collapseThree%22%20class%3D%22collapsed%22%3ECollapsible%20Group%20Item%20%233%3C%2Fa%3E%0A%20%20%20%20%20%20%20%20%20%20%20%20%20%20%20%20%20%20%20%20%20%20%20%20%20%20%20%20%20%20%20%20%20%20%20%20%20%20%20%20%3C%2Fh4%3E%0A%20%20%20%20%20%20%20%20%20%20%20%20%20%20%20%20%20%20%20%20%20%20%20%20%20%20%20%20%20%20%20%20%20%20%20%20%3C%2Fdiv%3E%0A%20%20%20%20%20%20%20%20%20%20%20%20%20%20%20%20%20%20%20%20%20%20%20%20%20%20%20%20%20%20%20%20%20%20%20%20%3Cdiv%20id%3D%22collapseThree%22%20class%3D%22panel-collapse%20collapse%22%3E%0A%20%20%20%20%20%20%20%20%20%20%20%20%20%20%20%20%20%20%20%20%20%20%20%20%20%20%20%20%20%20%20%20%20%20%20%20%20%20%20%20%3Cdiv%20class%3D%22panel-body%22%3E%0A%20%20%20%20%20%20%20%20%20%20%20%20%20%20%20%20%20%20%20%20%20%20%20%20%20%20%20%20%20%20%20%20%20%20%20%20%20%20%20%20%20%20%20%20Lorem%20ipsum%20dolor%20sit%20amet%2C%20consectetur%20adipisicing%20elit%2C%20sed%20do%20eiusmod%20tempor%20incididunt%20ut%20labore%20et%20dolore%20magna%20aliqua.%20Ut%20enim%20ad%20minim%20veniam%2C%20quis%20nostrud%20exercitation%20ullamco%20laboris%20nisi%20ut%20aliquip%20ex%20ea%20commodo%20consequat.%20Duis%20aute%20irure%20dolor%20in%20reprehenderit%20in%20voluptate%20velit%20esse%20cillum%20dolore%20eu%20fugiat%20nulla%20pariatur.%20Excepteur%20sint%20occaecat%20cupidatat%20non%20proident%2C%20sunt%20in%20culpa%20qui%20officia%20deserunt%20mollit%20anim%20id%20est%20laborum.%0A%20%20%20%20%20%20%20%20%20%20%20%20%20%20%20%20%20%20%20%20%20%20%20%20%20%20%20%20%20%20%20%20%20%20%20%20%20%20%20%20%3C%2Fdiv%3E%0A%20%20%20%20%20%20%20%20%20%20%20%20%20%20%20%20%20%20%20%20%20%20%20%20%20%20%20%20%20%20%20%20%20%20%20%20%3C%2Fdiv%3E%0A%20%20%20%20%20%20%20%20%20%20%20%20%20%20%20%20%20%20%20%20%20%20%20%20%20%20%20%20%20%20%20%20%3C%2Fdiv%3E%0A%20%20%20%20%20%20%20%20%20%20%20%20%20%20%20%20%20%20%20%20%20%20%20%20%20%20%20%20%3C%2Fdiv%3E%0A%20%20%20%20%20%20%20%20%20%20%20%20%20%20%20%20%20%20%20%20%20%20%20%20%3C%2Fdiv%3E%0A%20%20%20%20%20%20%20%20%20%20%20%20%20%20%20%20%20%20%20%20%3C%2Fdiv%3E%0A%20%20%20%20%20%20%20%20%20%20%20%20%20%20%20%20%3C%2Fdiv%3E%0A%20%20%20%20%20%20%20%20%20%20%20%20%3C%2Fdiv%3E%0A%20%20%20%20%20%20%20%20%20%20%20%20%20%20%20%20%20%20%20%20%3C!--%20%2F.%20ROW%20%20--%3E%0A%20%20%20%20%20%20%20%20%20%20%20%20%3Cdiv%20class%3D%22row%22%3E%0A%20%20%20%20%20%20%20%20%20%20%20%20%20%20%20%20%3Cdiv%20class%3D%22col-md-6%20col-sm-6%22%3E%0A%20%20%20%20%20%20%20%20%20%20%20%20%20%20%20%20%20%20%20%20%3Cdiv%20class%3D%22panel%20panel-default%22%3E%0A%20%20%20%20%20%20%20%20%20%20%20%20%20%20%20%20%20%20%20%20%20%20%20%20%3Cdiv%20class%3D%22panel-heading%22%3E%0A%20%20%20%20%20%20%20%20%20%20%20%20%20%20%20%20%20%20%20%20%20%20%20%20%20%20%20%20Basic%20Tabs%0A%20%20%20%20%20%20%20%20%20%20%20%20%20%20%20%20%20%20%20%20%20%20%20%20%3C%2Fdiv%3E%0A%20%20%20%20%20%20%20%20%20%20%20%20%20%20%20%20%20%20%20%20%20%20%20%20%3Cdiv%20class%3D%22panel-body%22%3E%0A%20%20%20%20%20%20%20%20%20%20%20%20%20%20%20%20%20%20%20%20%20%20%20%20%20%20%20%20%3Cul%20class%3D%22nav%20nav-tabs%22%3E%0A%20%20%20%20%20%20%20%20%20%20%20%20%20%20%20%20%20%20%20%20%20%20%20%20%20%20%20%20%20%20%20%20%3Cli%20class%3D%22active%22%3E%3Ca%20href%3D%22%23home%22%20data-toggle%3D%22tab%22%3EHome%3C%2Fa%3E%0A%20%20%20%20%20%20%20%20%20%20%20%20%20%20%20%20%20%20%20%20%20%20%20%20%20%20%20%20%20%20%20%20%3C%2Fli%3E%0A%20%20%20%20%20%20%20%20%20%20%20%20%20%20%20%20%20%20%20%20%20%20%20%20%20%20%20%20%20%20%20%20%3Cli%20class%3D%22%22%3E%3Ca%20href%3D%22%23profile%22%20data-toggle%3D%22tab%22%3EProfile%3C%2Fa%3E%0A%20%20%20%20%20%20%20%20%20%20%20%20%20%20%20%20%20%20%20%20%20%20%20%20%20%20%20%20%20%20%20%20%3C%2Fli%3E%0A%20%20%20%20%20%20%20%20%20%20%20%20%20%20%20%20%20%20%20%20%20%20%20%20%20%20%20%20%20%20%20%20%3Cli%20class%3D%22%22%3E%3Ca%20href%3D%22%23messages%22%20data-toggle%3D%22tab%22%3EMessages%3C%2Fa%3E%0A%20%20%20%20%20%20%20%20%20%20%20%20%20%20%20%20%20%20%20%20%20%20%20%20%20%20%20%20%20%20%20%20%3C%2Fli%3E%0A%20%20%20%20%20%20%20%20%20%20%20%20%20%20%20%20%20%20%20%20%20%20%20%20%20%20%20%20%20%20%20%20%3Cli%20class%3D%22%22%3E%3Ca%20href%3D%22%23settings%22%20data-toggle%3D%22tab%22%3ESettings%3C%2Fa%3E%0A%20%20%20%20%20%20%20%20%20%20%20%20%20%20%20%20%20%20%20%20%20%20%20%20%20%20%20%20%20%20%20%20%3C%2Fli%3E%0A%20%20%20%20%20%20%20%20%20%20%20%20%20%20%20%20%20%20%20%20%20%20%20%20%20%20%20%20%3C%2Ful%3E%0A%0A%20%20%20%20%20%20%20%20%20%20%20%20%20%20%20%20%20%20%20%20%20%20%20%20%20%20%20%20%3Cdiv%20class%3D%22tab-content%22%3E%0A%20%20%20%20%20%20%20%20%20%20%20%20%20%20%20%20%20%20%20%20%20%20%20%20%20%20%20%20%20%20%20%20%3Cdiv%20class%3D%22tab-pane%20fade%20active%20in%22%20id%3D%22home%22%3E%0A%20%20%20%20%20%20%20%20%20%20%20%20%20%20%20%20%20%20%20%20%20%20%20%20%20%20%20%20%20%20%20%20%20%20%20%20%3Ch4%3EHome%20Tab%3C%2Fh4%3E%0A%20%20%20%20%20%20%20%20%20%20%20%20%20%20%20%20%20%20%20%20%20%20%20%20%20%20%20%20%20%20%20%20%20%20%20%20%3Cp%3ELorem%20ipsum%20dolor%20sit%20amet%2C%20consectetur%20adipisicing%20elit%2C%20sed%20do%20eiusmod%20tempor%20incididunt%20ut%20labore%20et%20dolore%20magna%20aliqua.%20Ut%20enim%20ad%20minim%20veniam%2C%20quis%20nostrud%20exercitation%20ullamco%20laboris%20nisi%20ut%20aliquip%20ex%20ea%20commodo%20consequat.%20Duis%20aute%20irure%20dolor%20in%20reprehenderit%20in%20voluptate%20velit%20esse%20cillum%20dolore%20eu%20fugiat%20nulla%20pariatur.%20Excepteur%20sint%20occaecat%20cupidatat%20non%20proident%2C%20sunt%20in%20culpa%20qui%20officia%20deserunt%20mollit%20anim%20id%20est%20laborum.%3C%2Fp%3E%0A%20%20%20%20%20%20%20%20%20%20%20%20%20%20%20%20%20%20%20%20%20%20%20%20%20%20%20%20%20%20%20%20%3C%2Fdiv%3E%0A%20%20%20%20%20%20%20%20%20%20%20%20%20%20%20%20%20%20%20%20%20%20%20%20%20%20%20%20%20%20%20%20%3Cdiv%20class%3D%22tab-pane%20fade%22%20id%3D%22profile%22%3E%0A%20%20%20%20%20%20%20%20%20%20%20%20%20%20%20%20%20%20%20%20%20%20%20%20%20%20%20%20%20%20%20%20%20%20%20%20%3Ch4%3EProfile%20Tab%3C%2Fh4%3E%0A%20%20%20%20%20%20%20%20%20%20%20%20%20%20%20%20%20%20%20%20%20%20%20%20%20%20%20%20%20%20%20%20%20%20%20%20%3Cp%3ELorem%20ipsum%20dolor%20sit%20amet%2C%20consectetur%20adipisicing%20elit%2C%20sed%20do%20eiusmod%20tempor%20incididunt%20ut%20labore%20et%20dolore%20magna%20aliqua.%20Ut%20enim%20ad%20minim%20veniam%2C%20quis%20nostrud%20exercitation%20ullamco%20laboris%20nisi%20ut%20aliquip%20ex%20ea%20commodo%20consequat.%20Duis%20aute%20irure%20dolor%20in%20reprehenderit%20in%20voluptate%20velit%20esse%20cillum%20dolore%20eu%20fugiat%20nulla%20pariatur.%20Excepteur%20sint%20occaecat%20cupidatat%20non%20proident%2C%20sunt%20in%20culpa%20qui%20officia%20deserunt%20mollit%20anim%20id%20est%20laborum.%3C%2Fp%3E%0A%20%20%20%20%20%20%20%20%20%20%20%20%20%20%20%20%20%20%20%20%20%20%20%20%20%20%20%20%20%20%20%20%3C%2Fdiv%3E%0A%20%20%20%20%20%20%20%20%20%20%20%20%20%20%20%20%20%20%20%20%20%20%20%20%20%20%20%20%20%20%20%20%3Cdiv%20class%3D%22tab-pane%20fade%22%20id%3D%22messages%22%3E%0A%20%20%20%20%20%20%20%20%20%20%20%20%20%20%20%20%20%20%20%20%20%20%20%20%20%20%20%20%20%20%20%20%20%20%20%20%3Ch4%3EMessages%20Tab%3C%2Fh4%3E%0A%20%20%20%20%20%20%20%20%20%20%20%20%20%20%20%20%20%20%20%20%20%20%20%20%20%20%20%20%20%20%20%20%20%20%20%20%3Cp%3ELorem%20ipsum%20dolor%20sit%20amet%2C%20consectetur%20adipisicing%20elit%2C%20sed%20do%20eiusmod%20tempor%20incididunt%20ut%20labore%20et%20dolore%20magna%20aliqua.%20Ut%20enim%20ad%20minim%20veniam%2C%20quis%20nostrud%20exercitation%20ullamco%20laboris%20nisi%20ut%20aliquip%20ex%20ea%20commodo%20consequat.%20Duis%20aute%20irure%20dolor%20in%20reprehenderit%20in%20voluptate%20velit%20esse%20cillum%20dolore%20eu%20fugiat%20nulla%20pariatur.%20Excepteur%20sint%20occaecat%20cupidatat%20non%20proident%2C%20sunt%20in%20culpa%20qui%20officia%20deserunt%20mollit%20anim%20id%20est%20laborum.%3C%2Fp%3E%0A%20%20%20%20%20%20%20%20%20%20%20%20%20%20%20%20%20%20%20%20%20%20%20%20%20%20%20%20%20%20%20%20%3C%2Fdiv%3E%0A%20%20%20%20%20%20%20%20%20%20%20%20%20%20%20%20%20%20%20%20%20%20%20%20%20%20%20%20%20%20%20%20%3Cdiv%20class%3D%22tab-pane%20fade%22%20id%3D%22settings%22%3E%0A%20%20%20%20%20%20%20%20%20%20%20%20%20%20%20%20%20%20%20%20%20%20%20%20%20%20%20%20%20%20%20%20%20%20%20%20%3Ch4%3ESettings%20Tab%3C%2Fh4%3E%0A%20%20%20%20%20%20%20%20%20%20%20%20%20%20%20%20%20%20%20%20%20%20%20%20%20%20%20%20%20%20%20%20%20%20%20%20%3Cp%3ELorem%20ipsum%20dolor%20sit%20amet%2C%20consectetur%20adipisicing%20elit%2C%20sed%20do%20eiusmod%20tempor%20incididunt%20ut%20labore%20et%20dolore%20magna%20aliqua.%20Ut%20enim%20ad%20minim%20veniam%2C%20quis%20nostrud%20exercitation%20ullamco%20laboris%20nisi%20ut%20aliquip%20ex%20ea%20commodo%20consequat.%20Duis%20aute%20irure%20dolor%20in%20reprehenderit%20in%20voluptate%20velit%20esse%20cillum%20dolore%20eu%20fugiat%20nulla%20pariatur.%20Excepteur%20sint%20occaecat%20cupidatat%20non%20proident%2C%20sunt%20in%20culpa%20qui%20officia%20deserunt%20mollit%20anim%20id%20est%20laborum.%3C%2Fp%3E%0A%20%20%20%20%20%20%20%20%20%20%20%20%20%20%20%20%20%20%20%20%20%20%20%20%20%20%20%20%20%20%20%20%3C%2Fdiv%3E%0A%20%20%20%20%20%20%20%20%20%20%20%20%20%20%20%20%20%20%20%20%20%20%20%20%20%20%20%20%3C%2Fdiv%3E%0A%20%20%20%20%20%20%20%20%20%20%20%20%20%20%20%20%20%20%20%20%20%20%20%20%3C%2Fdiv%3E%0A%20%20%20%20%20%20%20%20%20%20%20%20%20%20%20%20%20%20%20%20%3C%2Fdiv%3E%0A%20%20%20%20%20%20%20%20%20%20%20%20%20%20%20%20%3C%2Fdiv%3E%0A%20%20%20%20%20%20%20%20%20%20%20%20%20%20%20%20%3Cdiv%20class%3D%22col-md-6%20col-sm-6%22%3E%0A%20%20%20%20%20%20%20%20%20%20%20%20%20%20%20%20%20%20%20%20%3Cdiv%20class%3D%22panel%20panel-default%22%3E%0A%20%20%20%20%20%20%20%20%20%20%20%20%20%20%20%20%20%20%20%20%20%20%20%20%3Cdiv%20class%3D%22panel-heading%22%3E%0A%20%20%20%20%20%20%20%20%20%20%20%20%20%20%20%20%20%20%20%20%20%20%20%20%20%20%20%20Pill%20Tabs%0A%20%20%20%20%20%20%20%20%20%20%20%20%20%20%20%20%20%20%20%20%20%20%20%20%3C%2Fdiv%3E%0A%20%20%20%20%20%20%20%20%20%20%20%20%20%20%20%20%20%20%20%20%20%20%20%20%3Cdiv%20class%3D%22panel-body%22%3E%0A%20%20%20%20%20%20%20%20%20%20%20%20%20%20%20%20%20%20%20%20%20%20%20%20%20%20%20%20%3Cul%20class%3D%22nav%20nav-pills%22%3E%0A%20%20%20%20%20%20%20%20%20%20%20%20%20%20%20%20%20%20%20%20%20%20%20%20%20%20%20%20%20%20%20%20%3Cli%20class%3D%22%22%3E%3Ca%20href%3D%22%23home-pills%22%20data-toggle%3D%22tab%22%3EHome%3C%2Fa%3E%0A%20%20%20%20%20%20%20%20%20%20%20%20%20%20%20%20%20%20%20%20%20%20%20%20%20%20%20%20%20%20%20%20%3C%2Fli%3E%0A%20%20%20%20%20%20%20%20%20%20%20%20%20%20%20%20%20%20%20%20%20%20%20%20%20%20%20%20%20%20%20%20%3Cli%20class%3D%22%22%3E%3Ca%20href%3D%22%23profile-pills%22%20data-toggle%3D%22tab%22%3EProfile%3C%2Fa%3E%0A%20%20%20%20%20%20%20%20%20%20%20%20%20%20%20%20%20%20%20%20%20%20%20%20%20%20%20%20%20%20%20%20%3C%2Fli%3E%0A%20%20%20%20%20%20%20%20%20%20%20%20%20%20%20%20%20%20%20%20%20%20%20%20%20%20%20%20%20%20%20%20%3Cli%20class%3D%22%22%3E%3Ca%20href%3D%22%23messages-pills%22%20data-toggle%3D%22tab%22%3EMessages%3C%2Fa%3E%0A%20%20%20%20%20%20%20%20%20%20%20%20%20%20%20%20%20%20%20%20%20%20%20%20%20%20%20%20%20%20%20%20%3C%2Fli%3E%0A%20%20%20%20%20%20%20%20%20%20%20%20%20%20%20%20%20%20%20%20%20%20%20%20%20%20%20%20%20%20%20%20%3Cli%20class%3D%22active%22%3E%3Ca%20href%3D%22%23settings-pills%22%20data-toggle%3D%22tab%22%3ESettings%3C%2Fa%3E%0A%20%20%20%20%20%20%20%20%20%20%20%20%20%20%20%20%20%20%20%20%20%20%20%20%20%20%20%20%20%20%20%20%3C%2Fli%3E%0A%20%20%20%20%20%20%20%20%20%20%20%20%20%20%20%20%20%20%20%20%20%20%20%20%20%20%20%20%3C%2Ful%3E%0A%0A%20%20%20%20%20%20%20%20%20%20%20%20%20%20%20%20%20%20%20%20%20%20%20%20%20%20%20%20%3Cdiv%20class%3D%22tab-content%22%3E%0A%20%20%20%20%20%20%20%20%20%20%20%20%20%20%20%20%20%20%20%20%20%20%20%20%20%20%20%20%20%20%20%20%3Cdiv%20class%3D%22tab-pane%20fade%22%20id%3D%22home-pills%22%3E%0A%20%20%20%20%20%20%20%20%20%20%20%20%20%20%20%20%20%20%20%20%20%20%20%20%20%20%20%20%20%20%20%20%20%20%20%20%3Ch4%3EHome%20Tab%3C%2Fh4%3E%0A%20%20%20%20%20%20%20%20%20%20%20%20%20%20%20%20%20%20%20%20%20%20%20%20%20%20%20%20%20%20%20%20%20%20%20%20%3Cp%3ELorem%20ipsum%20dolor%20sit%20amet%2C%20consectetur%20adipisicing%20elit%2C%20sed%20do%20eiusmod%20tempor%20incididunt%20ut%20labore%20et%20dolore%20magna%20aliqua.%20Ut%20enim%20ad%20minim%20veniam%2C%20quis%20nostrud%20exercitation%20ullamco%20laboris%20nisi%20ut%20aliquip%20ex%20ea%20commodo%20consequat.%20Duis%20aute%20irure%20dolor%20in%20reprehenderit%20in%20voluptate%20velit%20esse%20cillum%20dolore%20eu%20fugiat%20nulla%20pariatur.%20Excepteur%20sint%20occaecat%20cupidatat%20non%20proident%2C%20sunt%20in%20culpa%20qui%20officia%20deserunt%20mollit%20anim%20id%20est%20laborum.%3C%2Fp%3E%0A%20%20%20%20%20%20%20%20%20%20%20%20%20%20%20%20%20%20%20%20%20%20%20%20%20%20%20%20%20%20%20%20%3C%2Fdiv%3E%0A%20%20%20%20%20%20%20%20%20%20%20%20%20%20%20%20%20%20%20%20%20%20%20%20%20%20%20%20%20%20%20%20%3Cdiv%20class%3D%22tab-pane%20fade%22%20id%3D%22profile-pills%22%3E%0A%20%20%20%20%20%20%20%20%20%20%20%20%20%20%20%20%20%20%20%20%20%20%20%20%20%20%20%20%20%20%20%20%20%20%20%20%3Ch4%3EProfile%20Tab%3C%2Fh4%3E%0A%20%20%20%20%20%20%20%20%20%20%20%20%20%20%20%20%20%20%20%20%20%20%20%20%20%20%20%20%20%20%20%20%20%20%20%20%3Cp%3ELorem%20ipsum%20dolor%20sit%20amet%2C%20consectetur%20adipisicing%20elit%2C%20sed%20do%20eiusmod%20tempor%20incididunt%20ut%20labore%20et%20dolore%20magna%20aliqua.%20Ut%20enim%20ad%20minim%20veniam%2C%20quis%20nostrud%20exercitation%20ullamco%20laboris%20nisi%20ut%20aliquip%20ex%20ea%20commodo%20consequat.%20Duis%20aute%20irure%20dolor%20in%20reprehenderit%20in%20voluptate%20velit%20esse%20cillum%20dolore%20eu%20fugiat%20nulla%20pariatur.%20Excepteur%20sint%20occaecat%20cupidatat%20non%20proident%2C%20sunt%20in%20culpa%20qui%20officia%20deserunt%20mollit%20anim%20id%20est%20laborum.%3C%2Fp%3E%0A%20%20%20%20%20%20%20%20%20%20%20%20%20%20%20%20%20%20%20%20%20%20%20%20%20%20%20%20%20%20%20%20%3C%2Fdiv%3E%0A%20%20%20%20%20%20%20%20%20%20%20%20%20%20%20%20%20%20%20%20%20%20%20%20%20%20%20%20%20%20%20%20%3Cdiv%20class%3D%22tab-pane%20fade%22%20id%3D%22messages-pills%22%3E%0A%20%20%20%20%20%20%20%20%20%20%20%20%20%20%20%20%20%20%20%20%20%20%20%20%20%20%20%20%20%20%20%20%20%20%20%20%3Ch4%3EMessages%20Tab%3C%2Fh4%3E%0A%20%20%20%20%20%20%20%20%20%20%20%20%20%20%20%20%20%20%20%20%20%20%20%20%20%20%20%20%20%20%20%20%20%20%20%20%3Cp%3ELorem%20ipsum%20dolor%20sit%20amet%2C%20consectetur%20adipisicing%20elit%2C%20sed%20do%20eiusmod%20tempor%20incididunt%20ut%20labore%20et%20dolore%20magna%20aliqua.%20Ut%20enim%20ad%20minim%20veniam%2C%20quis%20nostrud%20exercitation%20ullamco%20laboris%20nisi%20ut%20aliquip%20ex%20ea%20commodo%20consequat.%20Duis%20aute%20irure%20dolor%20in%20reprehenderit%20in%20voluptate%20velit%20esse%20cillum%20dolore%20eu%20fugiat%20nulla%20pariatur.%20Excepteur%20sint%20occaecat%20cupidatat%20non%20proident%2C%20sunt%20in%20culpa%20qui%20officia%20deserunt%20mollit%20anim%20id%20est%20laborum.%3C%2Fp%3E%0A%20%20%20%20%20%20%20%20%20%20%20%20%20%20%20%20%20%20%20%20%20%20%20%20%20%20%20%20%20%20%20%20%3C%2Fdiv%3E%0A%20%20%20%20%20%20%20%20%20%20%20%20%20%20%20%20%20%20%20%20%20%20%20%20%20%20%20%20%20%20%20%20%3Cdiv%20class%3D%22tab-pane%20fade%20active%20in%22%20id%3D%22settings-pills%22%3E%0A%20%20%20%20%20%20%20%20%20%20%20%20%20%20%20%20%20%20%20%20%20%20%20%20%20%20%20%20%20%20%20%20%20%20%20%20%3Ch4%3ESettings%20Tab%3C%2Fh4%3E%0A%20%20%20%20%20%20%20%20%20%20%20%20%20%20%20%20%20%20%20%20%20%20%20%20%20%20%20%20%20%20%20%20%20%20%20%20%3Cp%3ELorem%20ipsum%20dolor%20sit%20amet%2C%20consectetur%20adipisicing%20elit%2C%20sed%20do%20eiusmod%20tempor%20incididunt%20ut%20labore%20et%20dolore%20magna%20aliqua.%20Ut%20enim%20ad%20minim%20veniam%2C%20quis%20nostrud%20exercitation%20ullamco%20laboris%20nisi%20ut%20aliquip%20ex%20ea%20commodo%20consequat.%20Duis%20aute%20irure%20dolor%20in%20reprehenderit%20in%20voluptate%20velit%20esse%20cillum%20dolore%20eu%20fugiat%20nulla%20pariatur.%20Excepteur%20sint%20occaecat%20cupidatat%20non%20proident%2C%20sunt%20in%20culpa%20qui%20officia%20deserunt%20mollit%20anim%20id%20est%20laborum.%3C%2Fp%3E%0A%20%20%20%20%20%20%20%20%20%20%20%20%20%20%20%20%20%20%20%20%20%20%20%20%20%20%20%20%20%20%20%20%3C%2Fdiv%3E%0A%20%20%20%20%20%20%20%20%20%20%20%20%20%20%20%20%20%20%20%20%20%20%20%20%20%20%20%20%3C%2Fdiv%3E%0A%20%20%20%20%20%20%20%20%20%20%20%20%20%20%20%20%20%20%20%20%20%20%20%20%3C%2Fdiv%3E%0A%20%20%20%20%20%20%20%20%20%20%20%20%20%20%20%20%20%20%20%20%3C%2Fdiv%3E%0A%20%20%20%20%20%20%20%20%20%20%20%20%20%20%20%20%3C%2Fdiv%3E%0A%20%20%20%20%20%20%20%20%20%20%20%20%3C%2Fdiv%3E%0A%20%20%20%20%20%20%20%20%20%20%20%20%20%20%20%20%20%20%20%20%3C!--%20%2F.%20ROW%20%20--%3E%0A%20%20%20%20%20%20%20%20%20%20%20%20%3Cdiv%20class%3D%22row%22%3E%0A%20%20%20%20%20%20%20%20%20%20%20%20%20%20%20%20%3Cdiv%20class%3D%22col-md-4%20col-sm-4%22%3E%0A%20%20%20%20%20%20%20%20%20%20%20%20%20%20%20%20%20%20%20%20%3Cdiv%20class%3D%22well%22%3E%0A%20%20%20%20%20%20%20%20%20%20%20%20%20%20%20%20%20%20%20%20%20%20%20%20%3Ch4%3ENormal%20Well%3C%2Fh4%3E%0A%20%20%20%20%20%20%20%20%20%20%20%20%20%20%20%20%20%20%20%20%20%20%20%20%3Cp%3ELorem%20ipsum%20dolor%20sit%20amet%2C%20consectetur%20adipiscing%20elit.%20Vestibulum%20tincidunt%20est%20vitae%20ultrices%20accumsan.%20Aliquam%20ornare%20lacus%20adipiscing%2C%20posuere%20lectus%20et%2C%20fringilla%20augue.%3C%2Fp%3E%0A%20%20%20%20%20%20%20%20%20%20%20%20%20%20%20%20%20%20%20%20%3C%2Fdiv%3E%0A%20%20%20%20%20%20%20%20%20%20%20%20%20%20%20%20%3C%2Fdiv%3E%0A%20%20%20%20%20%20%20%20%20%20%20%20%20%20%20%20%3Cdiv%20class%3D%22col-md-4%20col-sm-4%22%3E%0A%20%20%20%20%20%20%20%20%20%20%20%20%20%20%20%20%20%20%20%20%3Cdiv%20class%3D%22well%20well-lg%22%3E%0A%20%20%20%20%20%20%20%20%20%20%20%20%20%20%20%20%20%20%20%20%20%20%20%20%3Ch4%3ELarge%20Well%3C%2Fh4%3E%0A%20%20%20%20%20%20%20%20%20%20%20%20%20%20%20%20%20%20%20%20%20%20%20%20%3Cp%3ELorem%20ipsum%20dolor%20sit%20amet%2C%20consectetur%20adipiscing%20elit.%20Vestibulum%20tincidunt%20est%20vitae%20ultrices%20accumsan.%20Aliquam%20ornare%20lacus%20adipiscing%2C%20posuere%20lectus%20et%2C%20fringilla%20augue.%3C%2Fp%3E%0A%20%20%20%20%20%20%20%20%20%20%20%20%20%20%20%20%20%20%20%20%3C%2Fdiv%3E%0A%20%20%20%20%20%20%20%20%20%20%20%20%20%20%20%20%3C%2Fdiv%3E%0A%20%20%20%20%20%20%20%20%20%20%20%20%20%20%20%20%3Cdiv%20class%3D%22col-md-4%20col-sm-4%22%3E%0A%20%20%20%20%20%20%20%20%20%20%20%20%20%20%20%20%20%20%20%20%3Cdiv%20class%3D%22well%20well-sm%22%3E%0A%20%20%20%20%20%20%20%20%20%20%20%20%20%20%20%20%20%20%20%20%20%20%20%20%3Ch4%3ESmall%20Well%3C%2Fh4%3E%0A%20%20%20%20%20%20%20%20%20%20%20%20%20%20%20%20%20%20%20%20%20%20%20%20%3Cp%3ELorem%20ipsum%20dolor%20sit%20amet%2C%20consectetur%20adipiscing%20elit.%20Vestibulum%20tincidunt%20est%20vitae%20ultrices%20accumsan.%20Aliquam%20ornare%20lacus%20adipiscing%2C%20posuere%20lectus%20et%2C%20fringilla%20augue.%3C%2Fp%3E%0A%20%20%20%20%20%20%20%20%20%20%20%20%20%20%20%20%20%20%20%20%3C%2Fdiv%3E%0A%20%20%20%20%20%20%20%20%20%20%20%20%20%20%20%20%3C%2Fdiv%3E%0A%20%20%20%20%20%20%20%20%20%20%20%20%3C%2Fdiv%3E%0A%20%20%20%20%20%20%20%20%20%20%20%20%20%20%20%20%20%20%20%20%3C!--%20%2F.%20ROW%20%20--%3E%0A%20%20%20%20%20%20%20%20%20%20%20%20%3Cdiv%20class%3D%22row%22%3E%0A%20%20%20%20%20%20%20%20%20%20%20%20%20%20%20%20%3Cdiv%20class%3D%22col-md-12%22%3E%0A%20%20%20%20%20%20%20%20%20%20%20%20%20%20%20%20%20%20%20%20%3Cdiv%20class%3D%22jumbotron%22%3E%0A%20%20%20%20%20%20%20%20%20%20%20%20%20%20%20%20%20%20%20%20%20%20%20%20%3Ch1%3EJumbotron%3C%2Fh1%3E%0A%20%20%20%20%20%20%20%20%20%20%20%20%20%20%20%20%20%20%20%20%20%20%20%20%3Cp%3ELorem%20ipsum%20dolor%20sit%20amet%2C%20consectetur%20adipiscing%20elit.%20Vestibulum%20tincidunt%20est%20vitae%20ultrices%20accumsan.%20Aliquam%20ornare%20lacus%20adipiscing%2C%20posuere%20lectus%20et%2C%20fringilla%20augue.%20Lorem%20ipsum%20dolor%20sit%20amet%2C%20consectetur%20adipiscing%20elit.%20Vestibulum%20tincidunt%20est%20vitae%20ultrices%20accumsan.%20Aliquam%20ornare%20lacus%20adipiscing.%3C%2Fp%3E%0A%20%20%20%20%20%20%20%20%20%20%20%20%20%20%20%20%20%20%20%20%20%20%20%20%3Cp%3E%0A%20%20%20%20%20%20%20%20%20%20%20%20%20%20%20%20%20%20%20%20%20%20%20%20%20%20%20%20%3Ca%20class%3D%22btn%20btn-primary%20btn-lg%22%20role%3D%22button%22%3ELearn%20more%3C%2Fa%3E%0A%20%20%20%20%20%20%20%20%20%20%20%20%20%20%20%20%20%20%20%20%20%20%20%20%3C%2Fp%3E%0A%20%20%20%20%20%20%20%20%20%20%20%20%20%20%20%20%20%20%20%20%3C%2Fdiv%3E%0A%20%20%20%20%20%20%20%20%20%20%20%20%20%20%20%20%3C%2Fdiv%3E%0A%20%20%20%20%20%20%20%20%20%20%20%20%3C%2Fdiv%3E%0A%20%20%20%20%20%20%20%20%20%20%20%20%20%20%20%20%20%20%20%20%3C!--%20%2F.%20ROW%20%20--%3E%0A%0A%20%20%20%20%3C%2Fdiv%3E',0),
 (47433,47384,'content','echoHTML','html=%3Cdiv%20id%3D%22page-inner%22%3E%0A%20%20%20%20%20%20%20%20%20%20%20%20%20%20%20%20%3Cdiv%20class%3D%22row%22%3E%0A%20%20%20%20%20%20%20%20%20%20%20%20%20%20%20%20%20%20%20%20%3Cdiv%20class%3D%22col-md-12%22%3E%0A%20%20%20%20%20%20%20%20%20%20%20%20%20%20%20%20%20%20%20%20%20%3Ch2%3EUI%20Elements%3C%2Fh2%3E%20%20%20%0A%20%20%20%20%20%20%20%20%20%20%20%20%20%20%20%20%20%20%20%20%20%20%20%20%3Ch5%3EFree%20Bootstrap%20Admin%20Template%20%3A%20Binary%20Admin%20by%20binarycart.com%3C%2Fh5%3E%0A%20%20%20%20%20%20%20%20%20%20%20%20%20%20%20%20%20%20%20%20%20%20%20%0A%20%20%20%20%20%20%20%20%20%20%20%20%20%20%20%20%20%20%20%20%3C%2Fdiv%3E%0A%20%20%20%20%20%20%20%20%20%20%20%20%20%20%20%20%3C%2Fdiv%3E%0A%20%20%20%20%20%20%20%20%20%20%20%20%20%20%20%20%20%3C!--%20%2F.%20ROW%20%20--%3E%0A%20%20%20%20%20%20%20%20%20%20%20%20%20%20%20%20%20%3Chr%20%2F%3E%0A%20%20%20%20%20%20%20%20%20%20%20%20%20%20%20%20%20%3Cdiv%20class%3D%22row%22%3E%0A%20%20%20%20%20%20%20%20%20%20%20%20%20%20%20%20%20%20%20%20%0A%20%20%20%20%20%20%20%20%20%20%20%20%20%20%20%20%20%20%20%20%20%20%3Cdiv%20class%3D%22col-md-7%22%3E%0A%20%20%20%20%20%20%20%20%20%20%20%20%20%20%20%20%20%20%20%20%3Cdiv%20class%3D%22panel%20panel-default%22%3E%0A%20%20%20%20%20%20%20%20%20%20%20%20%20%20%20%20%20%20%20%20%20%20%20%20%3Cdiv%20class%3D%22panel-heading%22%3E%0A%20%20%20%20%20%20%20%20%20%20%20%20%20%20%20%20%20%20%20%20%20%20%20%20%20Simple%20Buttons%20Examples%0A%20%20%20%20%20%20%20%20%20%20%20%20%20%20%20%20%20%20%20%20%20%20%20%20%3C%2Fdiv%3E%20%20%20%20%20%20%20%20%0A%20%20%20%20%20%20%20%20%20%20%20%20%20%20%20%20%20%20%20%20%20%20%20%20%20%20%20%20%20%20%20%20%20%20%20%20%20%20%0A%20%20%20%20%20%20%20%20%20%20%20%20%20%20%20%20%20%20%20%20%20%20%20%20%20%20%20%20%20%20%20%20%20%20%20%20%3Cdiv%20class%3D%22panel-body%22%3E%20%0A%0A%20%20%20%20%20%20%20%20%20%20%20%20%20%20%20%20%20%20%20%20%3Ch4%3EDefault%20Button%3C%2Fh4%3E%0A%20%20%20%20%20%20%20%20%20%20%20%20%20%20%20%20%20%20%20%20%3Ca%20href%3D%22%23%22%20class%3D%22btn%20btn-default%22%3Edefault%3C%2Fa%3E%0A%20%20%20%20%20%20%20%20%20%20%20%20%20%20%20%20%20%20%20%20%3Ca%20href%3D%22%23%22%20class%3D%22btn%20btn-primary%22%3Eprimary%3C%2Fa%3E%0A%20%20%20%20%20%20%20%20%20%20%20%20%20%20%20%20%20%20%20%20%3Ca%20href%3D%22%23%22%20class%3D%22btn%20btn-danger%22%3Edanger%3C%2Fa%3E%0A%20%20%20%20%20%20%20%20%20%20%20%20%20%20%20%20%20%20%20%20%3Ca%20href%3D%22%23%22%20class%3D%22btn%20btn-success%22%3Esuccess%3C%2Fa%3E%0A%20%20%20%20%20%20%20%20%20%20%20%20%20%20%20%20%20%20%20%20%3Ca%20href%3D%22%23%22%20class%3D%22btn%20btn-info%22%3Einfo%3C%2Fa%3E%0A%20%20%20%20%20%20%20%20%20%20%20%20%20%20%20%20%20%20%20%20%3Ca%20href%3D%22%23%22%20class%3D%22btn%20btn-warning%22%3Ewarning%3C%2Fa%3E%0A%0A%20%20%20%20%20%20%20%20%20%20%20%20%20%20%20%20%20%20%20%0A%20%20%20%20%20%20%20%20%20%20%20%20%20%20%20%20%20%20%20%20%3Ch4%3EMini%20Button%3C%2Fh4%3E%0A%20%20%20%20%20%20%20%20%20%20%20%20%20%20%20%20%20%20%20%20%3Ca%20href%3D%22%23%22%20class%3D%22btn%20btn-default%20btn-xs%22%3Edefault%3C%2Fa%3E%0A%20%20%20%20%20%20%20%20%20%20%20%20%20%20%20%20%20%20%20%20%3Ca%20href%3D%22%23%22%20class%3D%22btn%20btn-primary%20btn-xs%22%3Eprimary%3C%2Fa%3E%0A%20%20%20%20%20%20%20%20%20%20%20%20%20%20%20%20%20%20%20%20%3Ca%20href%3D%22%23%22%20class%3D%22btn%20btn-danger%20btn-xs%22%3Edanger%3C%2Fa%3E%0A%20%20%20%20%20%20%20%20%20%20%20%20%20%20%20%20%20%20%20%20%3Ca%20href%3D%22%23%22%20class%3D%22btn%20btn-success%20btn-xs%22%3Esuccess%3C%2Fa%3E%0A%20%20%20%20%20%20%20%20%20%20%20%20%20%20%20%20%20%20%20%20%3Ca%20href%3D%22%23%22%20class%3D%22btn%20btn-info%20btn-xs%22%3Einfo%3C%2Fa%3E%0A%20%20%20%20%20%20%20%20%20%20%20%20%20%20%20%20%20%20%20%20%3Ca%20href%3D%22%23%22%20class%3D%22btn%20btn-warning%20btn-xs%22%3Ewarning%3C%2Fa%3E%0A%0A%20%20%20%20%20%20%20%20%20%20%20%20%20%20%20%20%20%20%0A%20%20%20%20%20%20%20%20%20%20%20%20%20%20%20%20%20%20%20%20%3Ch4%3ESmall%20Button%3C%2Fh4%3E%0A%20%20%20%20%20%20%20%20%20%20%20%20%20%20%20%20%20%20%20%20%3Ca%20href%3D%22%23%22%20class%3D%22btn%20btn-default%20btn-sm%22%3Edefault%3C%2Fa%3E%0A%20%20%20%20%20%20%20%20%20%20%20%20%20%20%20%20%20%20%20%20%3Ca%20href%3D%22%23%22%20class%3D%22btn%20btn-primary%20btn-sm%22%3Eprimary%3C%2Fa%3E%0A%20%20%20%20%20%20%20%20%20%20%20%20%20%20%20%20%20%20%20%20%3Ca%20href%3D%22%23%22%20class%3D%22btn%20btn-danger%20btn-sm%22%3Edanger%3C%2Fa%3E%0A%20%20%20%20%20%20%20%20%20%20%20%20%20%20%20%20%20%20%20%20%3Ca%20href%3D%22%23%22%20class%3D%22btn%20btn-success%20btn-sm%22%3Esuccess%3C%2Fa%3E%0A%20%20%20%20%20%20%20%20%20%20%20%20%20%20%20%20%20%20%20%20%3Ca%20href%3D%22%23%22%20class%3D%22btn%20btn-info%20btn-sm%22%3Einfo%3C%2Fa%3E%0A%20%20%20%20%20%20%20%20%20%20%20%20%20%20%20%20%20%20%20%20%3Ca%20href%3D%22%23%22%20class%3D%22btn%20btn-warning%20btn-sm%22%3Ewarning%3C%2Fa%3E%0A%0A%20%20%20%20%20%20%20%20%20%20%20%20%20%20%20%20%20%20%20%0A%20%20%20%20%20%20%20%20%20%20%20%20%20%20%20%20%20%20%20%20%3Ch4%3ELarge%20Button%3C%2Fh4%3E%0A%0A%20%20%20%20%20%20%20%20%20%20%20%20%20%20%20%20%20%20%20%20%3Ca%20href%3D%22%23%22%20class%3D%22btn%20btn-default%20btn-lg%22%3Edefault%3C%2Fa%3E%0A%20%20%20%20%20%20%20%20%20%20%20%20%20%20%20%20%20%20%20%20%3Ca%20href%3D%22%23%22%20class%3D%22btn%20btn-primary%20btn-lg%22%3Eprimary%3C%2Fa%3E%0A%20%20%20%20%20%20%20%20%20%20%20%20%20%20%20%20%20%20%20%20%3Ca%20href%3D%22%23%22%20class%3D%22btn%20btn-danger%20btn-lg%22%3Edanger%3C%2Fa%3E%0A%20%20%20%20%20%20%20%20%20%20%20%20%20%20%20%20%20%20%20%20%3Ca%20href%3D%22%23%22%20class%3D%22btn%20btn-success%20btn-lg%22%3Esuccess%3C%2Fa%3E%0A%20%20%20%20%20%20%20%20%20%20%20%20%20%20%20%20%20%20%20%20%3Ca%20href%3D%22%23%22%20class%3D%22btn%20btn-info%20btn-lg%22%3Einfo%3C%2Fa%3E%0A%0A%20%20%20%20%20%20%20%20%20%20%20%20%20%20%20%20%20%20%20%0A%20%20%20%20%20%20%20%20%20%20%20%20%20%20%20%20%3C%2Fdiv%3E%0A%20%20%20%20%20%20%20%20%20%20%20%20%3C%2Fdiv%3E%0A%20%20%20%20%20%20%20%20%20%20%20%20%20%20%20%20%20%20%20%20%20%20%20%20%20%20%3C%2Fdiv%3E%0A%20%20%20%20%20%20%20%20%20%20%20%20%20%20%20%20%20%20%20%20%20%3Cdiv%20class%3D%22col-md-5%22%3E%0A%20%20%20%20%20%20%20%20%20%20%20%20%20%20%20%20%20%20%20%20%20%20%3Cdiv%20class%3D%22panel%20panel-default%22%3E%0A%20%20%20%20%20%20%20%20%20%20%20%20%20%20%20%20%20%20%20%20%20%20%20%20%3Cdiv%20class%3D%22panel-heading%22%3E%0A%20%20%20%20%20%20%20%20%20%20%20%20%20%20%20%20%20%20%20%20%20%20%20%20%20%20%20Button%20Dropdowns%0A%20%20%20%20%20%20%20%20%20%20%20%20%20%20%20%20%20%20%20%20%20%20%20%20%3C%2Fdiv%3E%20%20%20%20%20%20%20%20%0A%20%20%20%20%20%20%20%20%20%20%20%20%20%20%20%20%20%20%20%20%20%20%20%20%20%20%20%20%20%20%20%20%20%20%20%20%20%20%0A%20%20%20%20%20%20%20%20%20%20%20%20%20%20%20%20%20%20%20%20%20%20%20%20%20%20%20%20%20%20%20%20%20%20%20%20%3Cdiv%20class%3D%22panel-body%22%3E%20%0A%20%20%20%20%20%20%20%20%20%20%20%20%20%20%20%20%20%20%20%20%20%20%20%20%20%20%20%20%20%20%20%20%20%20%20%20%20%20%20%20%20%20%3Ch4%3ESimple%20Button%20Dropdown%20Examples%20%3C%2Fh4%3E%20%20%0A%20%20%20%20%20%20%20%20%20%20%20%20%20%20%20%20%20%20%20%20%20%20%20%20%20%20%20%20%20%20%20%20%20%20%20%20%20%20%20%3Cdiv%20style%3D%22margin-top%3A%2010px%3B%22%3E%0A%09%09%09%09%09%09%09%09%09%09%09%0A%09%09%09%09%09%09%09%09%09%09%09%3Cdiv%20class%3D%22btn-group%22%3E%0A%09%09%09%09%09%09%09%09%09%09%09%20%20%3Cbutton%20data-toggle%3D%22dropdown%22%20class%3D%22btn%20btn-primary%20dropdown-toggle%22%3EAction%20%3Cspan%20class%3D%22caret%22%3E%3C%2Fspan%3E%3C%2Fbutton%3E%0A%09%09%09%09%09%09%09%09%09%09%09%20%20%3Cul%20class%3D%22dropdown-menu%22%3E%0A%09%09%09%09%09%09%09%09%09%09%09%09%3Cli%3E%3Ca%20href%3D%22%23%22%3EAction%3C%2Fa%3E%3C%2Fli%3E%0A%09%09%09%09%09%09%09%09%09%09%09%09%3Cli%3E%3Ca%20href%3D%22%23%22%3EAnother%20action%3C%2Fa%3E%3C%2Fli%3E%0A%09%09%09%09%09%09%09%09%09%09%09%09%3Cli%3E%3Ca%20href%3D%22%23%22%3ESomething%20else%20here%3C%2Fa%3E%3C%2Fli%3E%0A%09%09%09%09%09%09%09%09%09%09%09%09%3Cli%20class%3D%22divider%22%3E%3C%2Fli%3E%0A%09%09%09%09%09%09%09%09%09%09%09%09%3Cli%3E%3Ca%20href%3D%22%23%22%3ESeparated%20link%3C%2Fa%3E%3C%2Fli%3E%0A%09%09%09%09%09%09%09%09%09%09%09%20%20%3C%2Ful%3E%0A%09%09%09%09%09%09%09%09%09%09%09%3C%2Fdiv%3E%0A%09%09%09%09%09%09%09%09%09%09%09%3Cdiv%20style%3D%22margin%3A5px%3B%22%20class%3D%22btn-group%22%3E%0A%09%09%09%09%09%09%09%09%09%09%09%20%20%3Cbutton%20data-toggle%3D%22dropdown%22%20class%3D%22btn%20btn-danger%20dropdown-toggle%22%3EDanger%20%3Cspan%20class%3D%22caret%22%3E%3C%2Fspan%3E%3C%2Fbutton%3E%0A%09%09%09%09%09%09%09%09%09%09%09%20%20%3Cul%20class%3D%22dropdown-menu%22%3E%0A%09%09%09%09%09%09%09%09%09%09%09%09%3Cli%3E%3Ca%20href%3D%22%23%22%3EAction%3C%2Fa%3E%3C%2Fli%3E%0A%09%09%09%09%09%09%09%09%09%09%09%09%3Cli%3E%3Ca%20href%3D%22%23%22%3EAnother%20action%3C%2Fa%3E%3C%2Fli%3E%0A%09%09%09%09%09%09%09%09%09%09%09%09%3Cli%3E%3Ca%20href%3D%22%23%22%3ESomething%20else%20here%3C%2Fa%3E%3C%2Fli%3E%0A%09%09%09%09%09%09%09%09%09%09%09%09%3Cli%20class%3D%22divider%22%3E%3C%2Fli%3E%0A%09%09%09%09%09%09%09%09%09%09%09%09%3Cli%3E%3Ca%20href%3D%22%23%22%3ESeparated%20link%3C%2Fa%3E%3C%2Fli%3E%0A%09%09%09%09%09%09%09%09%09%09%09%20%20%3C%2Ful%3E%0A%09%09%09%09%09%09%09%09%09%09%09%3C%2Fdiv%3E%0A%20%20%20%20%20%20%20%20%20%20%20%20%20%20%20%20%20%20%20%20%20%20%20%20%20%20%20%20%20%20%20%20%20%20%20%20%20%20%20%20%20%20%20%3Cdiv%20style%3D%22margin%3A5px%3B%22%20class%3D%22btn-group%22%3E%0A%09%09%09%09%09%09%09%09%09%09%09%20%20%3Cbutton%20data-toggle%3D%22dropdown%22%20class%3D%22btn%20btn-warning%20dropdown-toggle%22%3EDanger%20%3Cspan%20class%3D%22caret%22%3E%3C%2Fspan%3E%3C%2Fbutton%3E%0A%09%09%09%09%09%09%09%09%09%09%09%20%20%3Cul%20class%3D%22dropdown-menu%22%3E%0A%09%09%09%09%09%09%09%09%09%09%09%09%3Cli%3E%3Ca%20href%3D%22%23%22%3EAction%3C%2Fa%3E%3C%2Fli%3E%0A%09%09%09%09%09%09%09%09%09%09%09%09%3Cli%3E%3Ca%20href%3D%22%23%22%3EAnother%20action%3C%2Fa%3E%3C%2Fli%3E%0A%09%09%09%09%09%09%09%09%09%09%09%09%3Cli%3E%3Ca%20href%3D%22%23%22%3ESomething%20else%20here%3C%2Fa%3E%3C%2Fli%3E%0A%09%09%09%09%09%09%09%09%09%09%09%09%3Cli%20class%3D%22divider%22%3E%3C%2Fli%3E%0A%09%09%09%09%09%09%09%09%09%09%09%09%3Cli%3E%3Ca%20href%3D%22%23%22%3ESeparated%20link%3C%2Fa%3E%3C%2Fli%3E%0A%09%09%09%09%09%09%09%09%09%09%09%20%20%3C%2Ful%3E%0A%09%09%09%09%09%09%09%09%09%09%09%3C%2Fdiv%3E%0A%09%09%09%09%09%09%09%09%09%09%20%20%3C%2Fdiv%3E%0A%09%09%09%09%09%09%09%09%09%09%20%20%3Cdiv%3E%0A%20%20%20%20%20%20%20%20%20%20%20%20%20%20%20%20%20%20%20%20%20%20%20%20%20%20%20%20%20%20%20%20%20%20%20%20%20%20%20%20%20%20%20%20%20%20%20%0A%20%20%20%20%20%20%20%20%20%20%20%20%20%20%20%20%20%20%20%20%20%20%20%20%20%20%20%20%20%20%20%20%20%20%20%20%20%20%20%20%20%20%20%20%20%20%09%3Cdiv%20class%3D%22btn-group%22%3E%0A%09%09%09%09%09%09%09%09%09%09%09%20%20%3Cbutton%20data-toggle%3D%22dropdown%22%20class%3D%22btn%20btn-success%20dropdown-toggle%22%3ESuccess%20%3Cspan%20class%3D%22caret%22%3E%3C%2Fspan%3E%3C%2Fbutton%3E%0A%09%09%09%09%09%09%09%09%09%09%09%20%20%3Cul%20class%3D%22dropdown-menu%22%3E%0A%09%09%09%09%09%09%09%09%09%09%09%09%3Cli%3E%3Ca%20href%3D%22%23%22%3EAction%3C%2Fa%3E%3C%2Fli%3E%0A%09%09%09%09%09%09%09%09%09%09%09%09%3Cli%3E%3Ca%20href%3D%22%23%22%3EAnother%20action%3C%2Fa%3E%3C%2Fli%3E%0A%09%09%09%09%09%09%09%09%09%09%09%09%3Cli%3E%3Ca%20href%3D%22%23%22%3ESomething%20else%20here%3C%2Fa%3E%3C%2Fli%3E%0A%09%09%09%09%09%09%09%09%09%09%09%09%3Cli%20class%3D%22divider%22%3E%3C%2Fli%3E%0A%09%09%09%09%09%09%09%09%09%09%09%09%3Cli%3E%3Ca%20href%3D%22%23%22%3ESeparated%20link%3C%2Fa%3E%3C%2Fli%3E%0A%09%09%09%09%09%09%09%09%09%09%09%20%20%3C%2Ful%3E%0A%09%09%09%09%09%09%09%09%09%09%09%3C%2Fdiv%3E%0A%09%09%09%09%09%09%09%09%09%09%09%3Cdiv%20class%3D%22btn-group%22%3E%0A%09%09%09%09%09%09%09%09%09%09%09%20%20%3Cbutton%20data-toggle%3D%22dropdown%22%20class%3D%22btn%20btn-info%20dropdown-toggle%22%3EInfo%20%3Cspan%20class%3D%22caret%22%3E%3C%2Fspan%3E%3C%2Fbutton%3E%0A%09%09%09%09%09%09%09%09%09%09%09%20%20%3Cul%20class%3D%22dropdown-menu%22%3E%0A%09%09%09%09%09%09%09%09%09%09%09%09%3Cli%3E%3Ca%20href%3D%22%23%22%3EAction%3C%2Fa%3E%3C%2Fli%3E%0A%09%09%09%09%09%09%09%09%09%09%09%09%3Cli%3E%3Ca%20href%3D%22%23%22%3EAnother%20action%3C%2Fa%3E%3C%2Fli%3E%0A%09%09%09%09%09%09%09%09%09%09%09%09%3Cli%3E%3Ca%20href%3D%22%23%22%3ESomething%20else%20here%3C%2Fa%3E%3C%2Fli%3E%0A%09%09%09%09%09%09%09%09%09%09%09%09%3Cli%20class%3D%22divider%22%3E%3C%2Fli%3E%0A%09%09%09%09%09%09%09%09%09%09%09%09%3Cli%3E%3Ca%20href%3D%22%23%22%3ESeparated%20link%3C%2Fa%3E%3C%2Fli%3E%0A%09%09%09%09%09%09%09%09%09%09%09%20%20%3C%2Ful%3E%0A%09%09%09%09%09%09%09%09%09%09%09%3C%2Fdiv%3E%0A%09%09%09%09%09%09%09%09%09%09%09%3Cdiv%20class%3D%22btn-group%22%3E%0A%09%09%09%09%09%09%09%09%09%09%09%20%20%3Cbutton%20data-toggle%3D%22dropdown%22%20class%3D%22btn%20btn-default%20dropdown-toggle%22%3EDefault%20%3Cspan%20class%3D%22caret%22%3E%3C%2Fspan%3E%3C%2Fbutton%3E%0A%09%09%09%09%09%09%09%09%09%09%09%20%20%3Cul%20class%3D%22dropdown-menu%22%3E%0A%09%09%09%09%09%09%09%09%09%09%09%09%3Cli%3E%3Ca%20href%3D%22%23%22%3EAction%3C%2Fa%3E%3C%2Fli%3E%0A%09%09%09%09%09%09%09%09%09%09%09%09%3Cli%3E%3Ca%20href%3D%22%23%22%3EAnother%20action%3C%2Fa%3E%3C%2Fli%3E%0A%09%09%09%09%09%09%09%09%09%09%09%09%3Cli%3E%3Ca%20href%3D%22%23%22%3ESomething%20else%20here%3C%2Fa%3E%3C%2Fli%3E%0A%09%09%09%09%09%09%09%09%09%09%09%09%3Cli%20class%3D%22divider%22%3E%3C%2Fli%3E%0A%09%09%09%09%09%09%09%09%09%09%09%09%3Cli%3E%3Ca%20href%3D%22%23%22%3ESeparated%20link%3C%2Fa%3E%3C%2Fli%3E%0A%09%09%09%09%09%09%09%09%09%09%09%20%20%3C%2Ful%3E%0A%09%09%09%09%09%09%09%09%09%09%09%3C%2Fdiv%3E%0A%09%09%09%09%09%09%09%09%09%09%20%20%3C%2Fdiv%3E%0A%20%20%20%20%20%20%20%20%20%20%20%20%20%20%20%20%20%20%20%20%20%20%20%20%20%20%20%20%20%20%20%20%20%20%20%20%20%20%20%0A%20%20%20%20%20%20%20%20%20%20%20%20%20%20%20%20%20%20%20%20%20%20%20%20%20%20%20%20%20%20%20%20%20%20%20%20%20%20%20%3Ch4%3ESplit%20Button%20Dropdown%20Examples%20%3C%2Fh4%3E%0A%20%20%20%20%20%20%20%20%20%20%20%20%20%20%20%20%20%20%20%20%20%20%20%20%20%20%20%20%20%20%20%20%20%20%20%20%20%20%0A%20%20%20%20%20%20%20%20%20%20%20%20%20%20%20%20%20%20%20%20%20%20%20%20%20%20%20%20%20%20%20%20%20%20%20%20%20%20%20%3Cdiv%20style%3D%22margin%3A5px%3B%22%20class%3D%22btn-toolbar%22%3E%0A%09%09%09%09%09%09%09%09%09%09%0A%09%09%09%09%09%09%09%09%09%09%3Cdiv%20class%3D%22btn-group%22%3E%0A%09%09%09%09%09%09%09%09%09%09%20%20%3Cbutton%20class%3D%22btn%20btn-primary%22%3EAction%3C%2Fbutton%3E%0A%09%09%09%09%09%09%09%09%09%09%20%20%3Cbutton%20data-toggle%3D%22dropdown%22%20class%3D%22btn%20btn-primary%20dropdown-toggle%22%3E%3Cspan%20class%3D%22caret%22%3E%3C%2Fspan%3E%3C%2Fbutton%3E%0A%09%09%09%09%09%09%09%09%09%09%20%20%3Cul%20class%3D%22dropdown-menu%22%3E%0A%09%09%09%09%09%09%09%09%09%09%09%3Cli%3E%3Ca%20href%3D%22%23%22%3EAction%3C%2Fa%3E%3C%2Fli%3E%0A%09%09%09%09%09%09%09%09%09%09%09%3Cli%3E%3Ca%20href%3D%22%23%22%3EAnother%20action%3C%2Fa%3E%3C%2Fli%3E%0A%09%09%09%09%09%09%09%09%09%09%09%3Cli%3E%3Ca%20href%3D%22%23%22%3ESomething%20else%20here%3C%2Fa%3E%3C%2Fli%3E%0A%09%09%09%09%09%09%09%09%09%09%09%3Cli%20class%3D%22divider%22%3E%3C%2Fli%3E%0A%09%09%09%09%09%09%09%09%09%09%09%3Cli%3E%3Ca%20href%3D%22%23%22%3ESeparated%20link%3C%2Fa%3E%3C%2Fli%3E%0A%09%09%09%09%09%09%09%09%09%09%20%20%3C%2Ful%3E%0A%09%09%09%09%09%09%09%09%09%09%3C%2Fdiv%3E%0A%09%09%09%09%09%09%09%09%09%09%3Cdiv%20class%3D%22btn-group%22%3E%0A%09%09%09%09%09%09%09%09%09%09%20%20%3Cbutton%20class%3D%22btn%20btn-danger%22%3EDanger%3C%2Fbutton%3E%0A%09%09%09%09%09%09%09%09%09%09%20%20%3Cbutton%20data-toggle%3D%22dropdown%22%20class%3D%22btn%20btn-danger%20dropdown-toggle%22%3E%3Cspan%20class%3D%22caret%22%3E%3C%2Fspan%3E%3C%2Fbutton%3E%0A%09%09%09%09%09%09%09%09%09%09%20%20%3Cul%20class%3D%22dropdown-menu%22%3E%0A%09%09%09%09%09%09%09%09%09%09%09%3Cli%3E%3Ca%20href%3D%22%23%22%3EAction%3C%2Fa%3E%3C%2Fli%3E%0A%09%09%09%09%09%09%09%09%09%09%09%3Cli%3E%3Ca%20href%3D%22%23%22%3EAnother%20action%3C%2Fa%3E%3C%2Fli%3E%0A%09%09%09%09%09%09%09%09%09%09%09%3Cli%3E%3Ca%20href%3D%22%23%22%3ESomething%20else%20here%3C%2Fa%3E%3C%2Fli%3E%0A%09%09%09%09%09%09%09%09%09%09%09%3Cli%20class%3D%22divider%22%3E%3C%2Fli%3E%0A%09%09%09%09%09%09%09%09%09%09%09%3Cli%3E%3Ca%20href%3D%22%23%22%3ESeparated%20link%3C%2Fa%3E%3C%2Fli%3E%0A%09%09%09%09%09%09%09%09%09%09%20%20%3C%2Ful%3E%0A%09%09%09%09%09%09%09%09%09%09%3C%2Fdiv%3E%0A%20%20%20%20%20%20%20%20%20%20%20%20%20%20%20%20%20%20%20%20%20%20%20%20%20%20%20%20%20%20%20%20%20%20%20%20%20%20%20%20%20%20%20%3Cdiv%20class%3D%22btn-group%22%3E%0A%09%09%09%09%09%09%09%09%09%09%20%20%3Cbutton%20class%3D%22btn%20btn-warning%22%3EWarning%3C%2Fbutton%3E%0A%09%09%09%09%09%09%09%09%09%09%20%20%3Cbutton%20data-toggle%3D%22dropdown%22%20class%3D%22btn%20btn-warning%20dropdown-toggle%22%3E%3Cspan%20class%3D%22caret%22%3E%3C%2Fspan%3E%3C%2Fbutton%3E%0A%09%09%09%09%09%09%09%09%09%09%20%20%3Cul%20class%3D%22dropdown-menu%22%3E%0A%09%09%09%09%09%09%09%09%09%09%09%3Cli%3E%3Ca%20href%3D%22%23%22%3EAction%3C%2Fa%3E%3C%2Fli%3E%0A%09%09%09%09%09%09%09%09%09%09%09%3Cli%3E%3Ca%20href%3D%22%23%22%3EAnother%20action%3C%2Fa%3E%3C%2Fli%3E%0A%09%09%09%09%09%09%09%09%09%09%09%3Cli%3E%3Ca%20href%3D%22%23%22%3ESomething%20else%20here%3C%2Fa%3E%3C%2Fli%3E%0A%09%09%09%09%09%09%09%09%09%09%09%3Cli%20class%3D%22divider%22%3E%3C%2Fli%3E%0A%09%09%09%09%09%09%09%09%09%09%09%3Cli%3E%3Ca%20href%3D%22%23%22%3ESeparated%20link%3C%2Fa%3E%3C%2Fli%3E%0A%09%09%09%09%09%09%09%09%09%09%20%20%3C%2Ful%3E%0A%09%09%09%09%09%09%09%09%09%09%3C%2Fdiv%3E%0A%09%09%09%09%09%09%09%09%09%20%20%3C%2Fdiv%3E%0A%09%09%09%09%09%09%09%09%09%20%20%3Cdiv%20style%3D%22margin%3A5px%3B%22%20class%3D%22btn-toolbar%22%3E%0A%09%09%09%09%09%09%09%09%09%09%0A%09%09%09%09%09%09%09%09%09%09%3Cdiv%20class%3D%22btn-group%22%3E%0A%09%09%09%09%09%09%09%09%09%09%20%20%3Cbutton%20class%3D%22btn%20btn-success%22%3ESuccess%3C%2Fbutton%3E%0A%09%09%09%09%09%09%09%09%09%09%20%20%3Cbutton%20data-toggle%3D%22dropdown%22%20class%3D%22btn%20btn-success%20dropdown-toggle%22%3E%3Cspan%20class%3D%22caret%22%3E%3C%2Fspan%3E%3C%2Fbutton%3E%0A%09%09%09%09%09%09%09%09%09%09%20%20%3Cul%20class%3D%22dropdown-menu%22%3E%0A%09%09%09%09%09%09%09%09%09%09%09%3Cli%3E%3Ca%20href%3D%22%23%22%3EAction%3C%2Fa%3E%3C%2Fli%3E%0A%09%09%09%09%09%09%09%09%09%09%09%3Cli%3E%3Ca%20href%3D%22%23%22%3EAnother%20action%3C%2Fa%3E%3C%2Fli%3E%0A%09%09%09%09%09%09%09%09%09%09%09%3Cli%3E%3Ca%20href%3D%22%23%22%3ESomething%20else%20here%3C%2Fa%3E%3C%2Fli%3E%0A%09%09%09%09%09%09%09%09%09%09%09%3Cli%20class%3D%22divider%22%3E%3C%2Fli%3E%0A%09%09%09%09%09%09%09%09%09%09%09%3Cli%3E%3Ca%20href%3D%22%23%22%3ESeparated%20link%3C%2Fa%3E%3C%2Fli%3E%0A%09%09%09%09%09%09%09%09%09%09%20%20%3C%2Ful%3E%0A%09%09%09%09%09%09%09%09%09%09%3C%2Fdiv%3E%0A%09%09%09%09%09%09%09%09%09%09%3Cdiv%20class%3D%22btn-group%22%3E%0A%09%09%09%09%09%09%09%09%09%09%20%20%3Cbutton%20class%3D%22btn%20btn-info%22%3EInfo%3C%2Fbutton%3E%0A%09%09%09%09%09%09%09%09%09%09%20%20%3Cbutton%20data-toggle%3D%22dropdown%22%20class%3D%22btn%20btn-info%20dropdown-toggle%22%3E%3Cspan%20class%3D%22caret%22%3E%3C%2Fspan%3E%3C%2Fbutton%3E%0A%09%09%09%09%09%09%09%09%09%09%20%20%3Cul%20class%3D%22dropdown-menu%22%3E%0A%09%09%09%09%09%09%09%09%09%09%09%3Cli%3E%3Ca%20href%3D%22%23%22%3EAction%3C%2Fa%3E%3C%2Fli%3E%0A%09%09%09%09%09%09%09%09%09%09%09%3Cli%3E%3Ca%20href%3D%22%23%22%3EAnother%20action%3C%2Fa%3E%3C%2Fli%3E%0A%09%09%09%09%09%09%09%09%09%09%09%3Cli%3E%3Ca%20href%3D%22%23%22%3ESomething%20else%20here%3C%2Fa%3E%3C%2Fli%3E%0A%09%09%09%09%09%09%09%09%09%09%09%3Cli%20class%3D%22divider%22%3E%3C%2Fli%3E%0A%09%09%09%09%09%09%09%09%09%09%09%3Cli%3E%3Ca%20href%3D%22%23%22%3ESeparated%20link%3C%2Fa%3E%3C%2Fli%3E%0A%09%09%09%09%09%09%09%09%09%09%20%20%3C%2Ful%3E%0A%09%09%09%09%09%09%09%09%09%09%3C%2Fdiv%3E%0A%09%09%09%09%09%09%09%09%09%20%20%3C%2Fdiv%3E%0A%09%09%09%09%09%09%09%09%09%20%20%3Cdiv%20style%3D%22margin%3A5px%3B%22%20class%3D%22btn-toolbar%22%3E%0A%09%09%09%09%09%09%09%09%09%09%3Cdiv%20class%3D%22btn-group%22%3E%0A%09%09%09%09%09%09%09%09%09%09%20%20%3Cbutton%20class%3D%22btn%20btn-default%22%3EDefault%3C%2Fbutton%3E%0A%09%09%09%09%09%09%09%09%09%09%20%20%3Cbutton%20data-toggle%3D%22dropdown%22%20class%3D%22btn%20btn-default%20dropdown-toggle%22%3E%3Cspan%20class%3D%22caret%22%3E%3C%2Fspan%3E%3C%2Fbutton%3E%0A%09%09%09%09%09%09%09%09%09%09%20%20%3Cul%20class%3D%22dropdown-menu%22%3E%0A%09%09%09%09%09%09%09%09%09%09%09%3Cli%3E%3Ca%20href%3D%22%23%22%3EAction%3C%2Fa%3E%3C%2Fli%3E%0A%09%09%09%09%09%09%09%09%09%09%09%3Cli%3E%3Ca%20href%3D%22%23%22%3EAnother%20action%3C%2Fa%3E%3C%2Fli%3E%0A%09%09%09%09%09%09%09%09%09%09%09%3Cli%3E%3Ca%20href%3D%22%23%22%3ESomething%20else%20here%3C%2Fa%3E%3C%2Fli%3E%0A%09%09%09%09%09%09%09%09%09%09%09%3Cli%20class%3D%22divider%22%3E%3C%2Fli%3E%0A%09%09%09%09%09%09%09%09%09%09%09%3Cli%3E%3Ca%20href%3D%22%23%22%3ESeparated%20link%3C%2Fa%3E%3C%2Fli%3E%0A%09%09%09%09%09%09%09%09%09%09%20%20%3C%2Ful%3E%0A%09%09%09%09%09%09%09%09%09%09%3C%2Fdiv%3E%0A%09%09%09%09%09%09%09%09%09%20%20%3C%2Fdiv%3E%0A%20%20%20%20%20%20%20%20%20%20%20%20%20%20%20%20%20%20%20%20%20%20%20%20%20%20%20%20%20%20%20%20%20%20%20%20%20%20%20%0A%0A%20%20%20%20%20%20%20%20%20%20%20%20%20%20%20%20%20%20%20%20%20%20%20%20%20%20%20%20%20%20%20%20%20%20%20%20%20%20%20%3Ch4%3EButtons%20With%20Icons%3C%2Fh4%3E%20%20%20%20%20%20%20%20%20%20%20%20%20%20%20%20%20%20%20%20%20%20%20%20%20%20%20%20%20%20%20%20%20%20%20%20%20%20%20%0A%09%09%09%09%09%09%09%09%09%09%0A%09%09%09%09%09%09%09%09%09%09%09%3Cbutton%20class%3D%22btn%20btn-default%22%3E%3Ci%20class%3D%22%20fa%20fa-refresh%20%22%3E%3C%2Fi%3E%20Update%3C%2Fbutton%3E%0A%09%09%09%09%09%09%09%09%09%09%09%3Cbutton%20class%3D%22btn%20btn-primary%22%3E%3Ci%20class%3D%22fa%20fa-edit%20%22%3E%3C%2Fi%3E%20Edit%3C%2Fbutton%3E%0A%09%09%09%09%09%09%09%09%09%09%09%3Cbutton%20class%3D%22btn%20btn-danger%22%3E%3Ci%20class%3D%22fa%20fa-pencil%22%3E%3C%2Fi%3E%20Delete%3C%2Fbutton%3E%0A%09%09%09%09%09%09%09%09%09%09%0A%09%09%09%09%09%09%09%09%09%09%09%09%09%09%09%0A%09%09%09%09%09%09%09%09%09%0A%0A%20%20%20%20%20%20%20%20%20%20%20%20%20%20%20%20%20%20%20%20%20%20%20%20%20%20%20%20%20%20%20%20%20%20%20%20%20%20%20%20%3C%2Fdiv%3E%0A%20%20%20%20%20%20%20%20%20%20%20%20%20%20%20%20%20%20%20%20%20%20%20%20%20%20%20%20%20%20%20%20%20%20%20%20%3C%2Fdiv%3E%0A%20%20%20%20%20%20%20%20%20%20%20%20%20%20%20%20%20%20%20%20%3C%2Fdiv%3E%0A%20%20%20%20%20%20%20%20%20%20%20%20%20%20%20%20%20%20%20%20%3C%2Fdiv%3E%0A%20%20%20%20%20%20%20%20%20%20%20%20%20%20%20%20%3C!--%20%2F.%20ROW%20%20--%3E%0A%20%20%20%20%20%20%20%20%20%20%20%20%20%20%20%20%3Cdiv%20class%3D%22row%22%3E%0A%20%20%20%20%20%20%20%20%20%20%20%20%20%20%20%20%20%20%20%20%3Cdiv%20class%3D%22col-md-6%22%3E%0A%20%20%20%20%20%20%20%20%20%20%20%20%20%20%20%20%20%20%20%20%20%20%20%20%3Cdiv%20class%3D%22panel%20panel-default%22%3E%0A%20%20%20%20%20%20%20%20%20%20%20%20%20%20%20%20%20%20%20%20%20%20%20%20%3Cdiv%20class%3D%22panel-heading%22%3E%0A%20%20%20%20%20%20%20%20%20%20%20%20%20%20%20%20%20%20%20%20%20%20%20%20%20%20%20%20Circle%20Icon%20Buttons%20%0A%20%20%20%20%20%20%20%20%20%20%20%20%20%20%20%20%20%20%20%20%20%20%20%20%3C%2Fdiv%3E%0A%20%20%20%20%20%20%20%20%20%20%20%20%20%20%20%20%20%20%20%20%20%20%20%0A%20%20%20%20%20%20%20%20%20%20%20%20%20%20%20%20%20%20%20%20%20%20%20%20%3Cdiv%20class%3D%22panel-body%22%3E%0A%20%20%20%20%20%20%20%20%20%20%20%20%20%20%20%20%20%20%20%20%20%20%20%20%20%20%20%20%20%3Cbr%20%2F%3E%20%3Cbr%20%2F%3E%0A%20%20%20%20%20%20%20%20%20%20%20%20%20%20%20%20%20%20%20%20%20%20%20%20%20%20%20%20%3Cbutton%20type%3D%22button%22%20class%3D%22btn%20btn-default%20btn-circle%22%3E%3Ci%20class%3D%22fa%20fa-check%22%3E%3C%2Fi%3E%0A%20%20%20%20%20%20%20%20%20%20%20%20%20%20%20%20%20%20%20%20%20%20%20%20%20%20%20%20%3C%2Fbutton%3E%0A%20%20%20%20%20%20%20%20%20%20%20%20%20%20%20%20%20%20%20%20%20%20%20%20%20%20%20%20%3Cbutton%20type%3D%22button%22%20class%3D%22btn%20btn-primary%20btn-circle%22%3E%3Ci%20class%3D%22fa%20fa-list%22%3E%3C%2Fi%3E%0A%20%20%20%20%20%20%20%20%20%20%20%20%20%20%20%20%20%20%20%20%20%20%20%20%20%20%20%20%3C%2Fbutton%3E%0A%20%20%20%20%20%20%20%20%20%20%20%20%20%20%20%20%20%20%20%20%20%20%20%20%20%20%20%20%3Cbutton%20type%3D%22button%22%20class%3D%22btn%20btn-success%20btn-circle%22%3E%3Ci%20class%3D%22fa%20fa-link%22%3E%3C%2Fi%3E%0A%20%20%20%20%20%20%20%20%20%20%20%20%20%20%20%20%20%20%20%20%20%20%20%20%20%20%20%20%3C%2Fbutton%3E%0A%20%20%20%20%20%20%20%20%20%20%20%20%20%20%20%20%20%20%20%20%20%20%20%20%20%20%20%20%3Cbutton%20type%3D%22button%22%20class%3D%22btn%20btn-info%20btn-circle%22%3E%3Ci%20class%3D%22fa%20fa-check%22%3E%3C%2Fi%3E%0A%20%20%20%20%20%20%20%20%20%20%20%20%20%20%20%20%20%20%20%20%20%20%20%20%20%20%20%20%3C%2Fbutton%3E%0A%20%20%20%20%20%20%20%20%20%20%20%20%20%20%20%20%20%20%20%20%20%20%20%20%20%20%20%20%3Cbutton%20type%3D%22button%22%20class%3D%22btn%20btn-warning%20btn-circle%22%3E%3Ci%20class%3D%22fa%20fa-money%22%3E%3C%2Fi%3E%0A%20%20%20%20%20%20%20%20%20%20%20%20%20%20%20%20%20%20%20%20%20%20%20%20%20%20%20%20%3C%2Fbutton%3E%0A%20%20%20%20%20%20%20%20%20%20%20%20%20%20%20%20%20%20%20%20%20%20%20%20%20%20%20%20%3Cbutton%20type%3D%22button%22%20class%3D%22btn%20btn-danger%20btn-circle%22%3E%3Ci%20class%3D%22fa%20fa-heart%22%3E%3C%2Fi%3E%0A%20%20%20%20%20%20%20%20%20%20%20%20%20%20%20%20%20%20%20%20%20%20%20%20%20%20%20%20%3C%2Fbutton%3E%0A%20%20%20%20%20%20%20%20%20%20%20%20%20%20%20%20%20%20%20%20%20%20%20%20%20%20%20%3Cbr%20%2F%3E%0A%20%20%20%20%20%20%20%20%20%20%20%20%20%20%20%20%20%20%20%20%20%20%20%20%20%20%20%20%20%3Cp%3E%0A%20%20%20%20%20%20%20%20%20%20%20%20%20%20%20%20%20%20%20%20%20%20%20%20For%20more%20customization%20for%20this%20template%20or%20its%20components%20please%20visit%20official%20bootstrap%20website%20i.e%20getbootstrap.com%20or%20%3Ca%20href%3D%22http%3A%2F%2Fgetbootstrap.com%2Fcomponents%2F%22%20target%3D%22_blank%22%3Eclick%20here%3C%2Fa%3E%20.%20We%20hope%20you%20will%20enjoy%20our%20template.%20This%20template%20is%20easy%20to%20use%2C%20light%20weight%20and%20made%20with%20love%20by%20binarycart.com%20%0A%20%20%20%20%20%20%20%20%20%20%20%20%20%20%20%20%20%20%20%20%20%20%20%20%3C%2Fp%3E%0A%20%20%20%20%20%20%20%20%20%20%20%20%20%20%20%20%20%20%20%20%20%20%20%20%3C%2Fdiv%3E%0A%20%20%20%20%20%20%20%20%20%20%20%20%20%20%20%20%20%20%20%20%20%20%20%20%0A%20%20%20%20%20%20%20%20%20%20%20%20%20%20%20%20%20%20%20%20%3C%2Fdiv%3E%0A%20%20%20%20%20%20%20%20%20%20%20%20%20%20%20%20%20%20%20%20%3C%2Fdiv%3E%0A%20%20%20%20%20%20%20%20%20%20%20%20%20%20%20%20%20%20%20%20%3Cdiv%20class%3D%22col-md-6%22%3E%0A%20%20%20%20%20%20%20%20%20%20%20%20%20%20%20%20%20%20%20%20%20%20%20%20%3Cdiv%20class%3D%22panel%20panel-default%22%3E%0A%20%20%20%20%20%20%20%20%20%20%20%20%20%20%20%20%20%20%20%20%20%20%20%20%3Cdiv%20class%3D%22panel-heading%22%3E%0A%20%20%20%20%20%20%20%20%20%20%20%20%20%20%20%20%20%20%20%20%20%20%20%20%20%20%20%20Icons%20Examples%20%3A%20%0A%20%20%20%20%20%20%20%20%20%20%20%20%20%20%20%20%20%20%20%20%20%20%20%20%3C%2Fdiv%3E%0A%20%20%20%20%20%20%20%20%20%20%20%20%20%20%20%20%20%20%20%20%20%20%20%0A%20%20%20%20%20%20%20%20%20%20%20%20%20%20%20%20%20%20%20%20%20%20%20%20%3Cdiv%20class%3D%22panel-body%22%3E%0A%20%20%20%20%20%20%20%20%20%20%20%20%20%20%20%20%20%20%20%20%20%20%20%20%20%20%20%20%3Cbr%20%2F%3E%0A%20%20%20%20%20%20%20%20%20%20%20%20%20%20%20%20%20%20%20%20%20%20%20%20%20%20%20%20%3Ci%20class%3D%22fa%20fa-desktop%20%22%3E%3C%2Fi%3E%0A%20%20%20%20%20%20%20%20%20%20%20%20%20%20%20%20%20%20%20%20%20%20%20%20%20%20%20%20%0A%20%20%20%20%20%20%20%20%20%20%20%20%20%20%20%20%20%20%20%20%20%20%20%20%20%20%20%20%20%3Ci%20class%3D%22fa%20fa-desktop%20fa-2x%22%3E%3C%2Fi%3E%0A%20%20%20%20%20%20%20%20%20%20%20%20%20%20%20%20%20%20%20%20%20%20%20%20%20%20%20%20%20%20%3Ci%20class%3D%22fa%20fa-desktop%20fa-3x%22%3E%3C%2Fi%3E%0A%20%20%20%20%20%20%20%20%20%20%20%20%20%20%20%20%20%20%20%20%20%20%20%20%20%20%20%20%20%20%3Ci%20class%3D%22fa%20fa-desktop%20fa-4x%22%3E%3C%2Fi%3E%0A%20%20%20%20%20%20%20%20%20%20%20%20%20%20%20%20%20%20%20%20%20%20%20%20%20%20%20%20%20%20%3Ci%20class%3D%22fa%20fa-desktop%20fa-5x%22%3E%3C%2Fi%3E%0A%20%20%20%20%20%20%20%20%20%20%20%20%20%20%20%20%20%20%20%20%20%20%20%20%20%20%20%20%20%20%3Cbr%20%2F%3E%0A%20%20%20%20%20%20%20%20%20%20%20%20%20%20%20%20%20%20%20%20%20%20%20%20%20%20%20%20%20%3Cbr%20%2F%3E%0A%20%20%20%20%20%20%20%20%20%20%20%20%20%20%20%20%20%20%20%20%20%20%20%20%20%20%20%20%3Ci%20class%3D%22fa%20fa-flask%20%22%3E%3C%2Fi%3E%0A%20%20%20%20%20%20%20%20%20%20%20%20%20%20%20%20%20%20%20%20%20%20%20%20%20%20%20%20%0A%20%20%20%20%20%20%20%20%20%20%20%20%20%20%20%20%20%20%20%20%20%20%20%20%20%20%20%20%20%3Ci%20class%3D%22fa%20fa-flask%20fa-2x%22%3E%3C%2Fi%3E%0A%20%20%20%20%20%20%20%20%20%20%20%20%20%20%20%20%20%20%20%20%20%20%20%20%20%20%20%20%20%20%3Ci%20class%3D%22fa%20fa-flask%20fa-3x%22%3E%3C%2Fi%3E%0A%20%20%20%20%20%20%20%20%20%20%20%20%20%20%20%20%20%20%20%20%20%20%20%20%20%20%20%20%20%20%3Ci%20class%3D%22fa%20fa-flask%20fa-4x%22%3E%3C%2Fi%3E%0A%20%20%20%20%20%20%20%20%20%20%20%20%20%20%20%20%20%20%20%20%20%20%20%20%20%20%20%20%20%20%3Ci%20class%3D%22fa%20fa-flask%20fa-5x%22%3E%3C%2Fi%3E%0A%20%20%20%20%20%20%20%20%20%20%20%20%20%20%20%20%20%20%20%20%20%20%20%20%20%20%20%20%20%20%3Cbr%20%2F%3E%0A%20%20%20%20%20%20%20%20%20%20%20%20%20%20%20%20%20%20%20%20%20%20%20%20%20%20%20%20%20%20%3Cp%3E%0A%20%20%20%20%20%20%20%20%20%20%20%20%20%20%20%20%20%20%20%20%20%20%20%20For%20more%20customization%20Of%20icons%20please%20visit%20website%20%3A%20fortawesome.github.io%2FFont-Awesome%2Ficons%2F%20or%20%20%3Ca%20href%3D%22http%3A%2F%2Ffortawesome.github.io%2FFont-Awesome%2Ficons%2F%22%20target%3D%22_blank%22%20%3EClick%20here%3C%2Fa%3E%20.%20You%20will%20get%20all%20font-awesome%20icons%20and%20there%20classes%20there.%0A%20%20%20%20%20%20%20%20%20%20%20%20%20%20%20%20%20%20%20%20%20%20%20%20%3C%2Fp%3E%0A%20%20%20%20%20%20%20%20%20%20%20%20%20%20%20%20%20%20%20%20%20%20%20%20%3C%2Fdiv%3E%0A%20%20%20%20%20%20%20%20%20%20%20%20%20%20%20%20%20%20%20%20%20%20%20%20%0A%20%20%20%20%20%20%20%20%20%20%20%20%20%20%20%20%20%20%20%20%3C%2Fdiv%3E%0A%20%20%20%20%20%20%20%20%20%20%20%20%20%20%20%20%20%20%20%20%3C%2Fdiv%3E%0A%20%20%20%20%20%20%20%20%20%20%20%20%20%20%20%20%3C%2Fdiv%3E%0A%20%20%20%20%20%20%20%20%20%20%20%20%20%20%20%20%20%3C!--%20%2F.%20ROW%20%20--%3E%0A%20%20%20%20%20%20%20%20%20%20%20%20%20%20%20%20%3Cdiv%20class%3D%22row%22%3E%0A%20%20%20%20%20%20%20%20%20%20%20%20%20%20%20%20%20%20%20%20%3Cdiv%20class%3D%22col-md-6%22%3E%0A%20%20%20%20%20%20%20%20%20%20%20%20%20%20%20%20%20%20%20%20%20%20%20%20%3Cdiv%20class%3D%22panel%20panel-default%22%3E%0A%20%20%20%20%20%20%20%20%20%20%20%20%20%20%20%20%20%20%20%20%20%20%20%20%3Cdiv%20class%3D%22panel-heading%22%3E%0A%20%20%20%20%20%20%20%20%20%20%20%20%20%20%20%20%20%20%20%20%20%20%20%20%20%20%20%20Simple%20Progress%20Bars%20%0A%20%20%20%20%20%20%20%20%20%20%20%20%20%20%20%20%20%20%20%20%20%20%20%20%3C%2Fdiv%3E%0A%20%20%20%20%20%20%20%20%20%20%20%20%20%20%20%20%20%20%20%20%20%20%20%0A%20%20%20%20%20%20%20%20%20%20%20%20%20%20%20%20%20%20%20%20%20%20%20%20%3Cdiv%20class%3D%22panel-body%22%3E%0A%20%20%20%20%20%20%20%20%20%20%20%20%20%20%20%20%20%20%20%20%20%20%20%3Cdiv%20class%3D%22progress%22%3E%0A%20%20%3Cdiv%20class%3D%22progress-bar%20progress-bar-success%22%20role%3D%22progressbar%22%20aria-valuenow%3D%2240%22%20aria-valuemin%3D%220%22%20aria-valuemax%3D%22100%22%20style%3D%22width%3A%2040%25%22%3E%0A%20%20%20%20%3Cspan%20class%3D%22sr-only%22%3E40%25%20Complete%20(success)%3C%2Fspan%3E%0A%20%20%3C%2Fdiv%3E%0A%3C%2Fdiv%3E%0A%3Cdiv%20class%3D%22progress%22%3E%0A%20%20%3Cdiv%20class%3D%22progress-bar%20progress-bar-info%22%20role%3D%22progressbar%22%20aria-valuenow%3D%2220%22%20aria-valuemin%3D%220%22%20aria-valuemax%3D%22100%22%20style%3D%22width%3A%2020%25%22%3E%0A%20%20%20%20%3Cspan%20class%3D%22sr-only%22%3E20%25%20Complete%3C%2Fspan%3E%0A%20%20%3C%2Fdiv%3E%0A%3C%2Fdiv%3E%0A%3Cdiv%20class%3D%22progress%22%3E%0A%20%20%3Cdiv%20class%3D%22progress-bar%20progress-bar-warning%22%20role%3D%22progressbar%22%20aria-valuenow%3D%2260%22%20aria-valuemin%3D%220%22%20aria-valuemax%3D%22100%22%20style%3D%22width%3A%2060%25%22%3E%0A%20%20%20%20%3Cspan%20class%3D%22sr-only%22%3E60%25%20Complete%20(warning)%3C%2Fspan%3E%0A%20%20%3C%2Fdiv%3E%0A%3C%2Fdiv%3E%0A%3Cdiv%20class%3D%22progress%22%3E%0A%20%20%3Cdiv%20class%3D%22progress-bar%20progress-bar-danger%22%20role%3D%22progressbar%22%20aria-valuenow%3D%2280%22%20aria-valuemin%3D%220%22%20aria-valuemax%3D%22100%22%20style%3D%22width%3A%2080%25%22%3E%0A%20%20%20%20%3Cspan%20class%3D%22sr-only%22%3E80%25%20Complete%3C%2Fspan%3E%0A%20%20%3C%2Fdiv%3E%0A%3C%2Fdiv%3E%0A%20%20%20%20%20%20%20%20%20%20%20%20%20%20%20%20%20%20%20%20%20%20%20%20%20%20%20%20%3C%2Fdiv%3E%0A%20%20%20%20%20%20%20%20%20%20%20%20%20%20%20%20%20%20%20%20%20%20%20%20%20%20%20%20%3C%2Fdiv%3E%0A%20%20%20%20%20%20%20%20%20%20%20%20%20%20%20%20%20%20%20%20%3C%2Fdiv%3E%0A%20%20%20%20%20%20%20%20%20%20%20%20%20%20%20%20%20%20%20%20%3Cdiv%20class%3D%22col-md-6%22%3E%0A%20%20%20%20%20%20%20%20%20%20%20%20%20%20%20%20%20%20%20%20%20%20%20%20%3Cdiv%20class%3D%22panel%20panel-default%22%3E%0A%20%20%20%20%20%20%20%20%20%20%20%20%20%20%20%20%20%20%20%20%20%20%20%20%3Cdiv%20class%3D%22panel-heading%22%3E%0A%20%20%20%20%20%20%20%20%20%20%20%20%20%20%20%20%20%20%20%20%20%20%20%20%20%20%20%20Stripped%20Progress%20Bars%20%0A%20%20%20%20%20%20%20%20%20%20%20%20%20%20%20%20%20%20%20%20%20%20%20%20%3C%2Fdiv%3E%0A%20%20%20%20%20%20%20%20%20%20%20%20%20%20%20%20%20%20%20%20%20%20%20%0A%20%20%20%20%20%20%20%20%20%20%20%20%20%20%20%20%20%20%20%20%20%20%20%20%3Cdiv%20class%3D%22panel-body%22%3E%0A%20%20%20%20%20%20%20%20%20%20%20%20%20%20%20%20%20%20%20%20%20%20%20%3Cdiv%20class%3D%22progress%20progress-striped%22%3E%0A%20%20%3Cdiv%20class%3D%22progress-bar%20progress-bar-success%22%20role%3D%22progressbar%22%20aria-valuenow%3D%2240%22%20aria-valuemin%3D%220%22%20aria-valuemax%3D%22100%22%20style%3D%22width%3A%2040%25%22%3E%0A%20%20%20%20%3Cspan%20class%3D%22sr-only%22%3E40%25%20Complete%20(success)%3C%2Fspan%3E%0A%20%20%3C%2Fdiv%3E%0A%3C%2Fdiv%3E%0A%3Cdiv%20class%3D%22progress%20progress-striped%22%3E%0A%20%20%3Cdiv%20class%3D%22progress-bar%20progress-bar-info%22%20role%3D%22progressbar%22%20aria-valuenow%3D%2220%22%20aria-valuemin%3D%220%22%20aria-valuemax%3D%22100%22%20style%3D%22width%3A%2020%25%22%3E%0A%20%20%20%20%3Cspan%20class%3D%22sr-only%22%3E20%25%20Complete%3C%2Fspan%3E%0A%20%20%3C%2Fdiv%3E%0A%3C%2Fdiv%3E%0A%3Cdiv%20class%3D%22progress%20progress-striped%22%3E%0A%20%20%3Cdiv%20class%3D%22progress-bar%20progress-bar-warning%22%20role%3D%22progressbar%22%20aria-valuenow%3D%2260%22%20aria-valuemin%3D%220%22%20aria-valuemax%3D%22100%22%20style%3D%22width%3A%2060%25%22%3E%0A%20%20%20%20%3Cspan%20class%3D%22sr-only%22%3E60%25%20Complete%20(warning)%3C%2Fspan%3E%0A%20%20%3C%2Fdiv%3E%0A%3C%2Fdiv%3E%0A%3Cdiv%20class%3D%22progress%20progress-striped%22%3E%0A%20%20%3Cdiv%20class%3D%22progress-bar%20progress-bar-danger%22%20role%3D%22progressbar%22%20aria-valuenow%3D%2280%22%20aria-valuemin%3D%220%22%20aria-valuemax%3D%22100%22%20style%3D%22width%3A%2080%25%22%3E%0A%20%20%20%20%3Cspan%20class%3D%22sr-only%22%3E80%25%20Complete%3C%2Fspan%3E%0A%20%20%3C%2Fdiv%3E%0A%3C%2Fdiv%3E%0A%20%20%20%20%20%20%20%20%20%20%20%20%20%20%20%20%20%20%20%20%20%20%20%20%20%20%20%20%3C%2Fdiv%3E%0A%20%20%20%20%20%20%20%20%20%20%20%20%20%20%20%20%20%20%20%20%20%20%20%20%20%20%20%20%3C%2Fdiv%3E%0A%20%20%20%20%20%20%20%20%20%20%20%20%20%20%20%20%20%20%20%20%3C%2Fdiv%3E%0A%20%20%20%20%20%20%20%20%20%20%20%20%20%20%20%20%3C%2Fdiv%3E%0A%20%20%20%20%20%20%20%20%20%20%20%20%20%20%20%20%20%3C!--%20%2F.%20ROW%20%20--%3E%0A%20%20%20%20%20%20%20%20%20%20%20%20%20%20%20%20%3Cdiv%20class%3D%22row%22%3E%0A%20%20%20%20%20%20%20%20%20%20%20%20%20%20%20%20%20%20%20%20%3Cdiv%20class%3D%22col-md-6%22%3E%0A%20%20%20%20%20%20%20%20%20%20%20%20%20%20%20%20%20%20%20%20%20%20%20%20%3Cdiv%20class%3D%22panel%20panel-default%22%3E%0A%20%20%20%20%20%20%20%20%20%20%20%20%20%20%20%20%20%20%20%20%20%20%20%20%3Cdiv%20class%3D%22panel-heading%22%3E%0A%20%20%20%20%20%20%20%20%20%20%20%20%20%20%20%20%20%20%20%20%20%20%20%20%20%20%20%20Animated%20Progress%20Bars%20%0A%20%20%20%20%20%20%20%20%20%20%20%20%20%20%20%20%20%20%20%20%20%20%20%20%3C%2Fdiv%3E%0A%20%20%20%20%20%20%20%20%20%20%20%20%20%20%20%20%20%20%20%20%20%20%20%0A%20%20%20%20%20%20%20%20%20%20%20%20%20%20%20%20%20%20%20%20%20%20%20%20%3Cdiv%20class%3D%22panel-body%22%3E%0A%20%20%20%20%20%20%20%20%20%20%20%20%20%20%20%20%20%20%20%20%20%20%20%3Cdiv%20class%3D%22progress%20progress-striped%20active%22%3E%0A%20%20%3Cdiv%20class%3D%22progress-bar%20progress-bar-primary%22%20role%3D%22progressbar%22%20aria-valuenow%3D%2240%22%20aria-valuemin%3D%220%22%20aria-valuemax%3D%22100%22%20style%3D%22width%3A%2040%25%22%3E%0A%20%20%20%20%3Cspan%20class%3D%22sr-only%22%3E40%25%20Complete%20(success)%3C%2Fspan%3E%0A%20%20%3C%2Fdiv%3E%0A%3C%2Fdiv%3E%0A%20%20%20%20%20%20%20%20%20%20%20%20%20%20%20%20%20%20%20%20%20%20%20%20%20%20%20%20%3C%2Fdiv%3E%0A%20%20%20%20%20%20%20%20%20%20%20%20%20%20%20%20%20%20%20%20%20%20%20%20%20%20%20%20%3C%2Fdiv%3E%0A%20%20%20%20%20%20%20%20%20%20%20%20%20%20%20%20%20%20%20%20%3C%2Fdiv%3E%0A%20%20%20%20%20%20%20%20%20%20%20%20%20%20%20%20%20%20%20%20%20%20%3Cdiv%20class%3D%22col-md-6%22%3E%0A%20%20%20%20%20%20%20%20%20%20%20%20%20%20%20%20%20%20%20%20%20%20%20%20%3Cdiv%20class%3D%22panel%20panel-default%22%3E%0A%20%20%20%20%20%20%20%20%20%20%20%20%20%20%20%20%20%20%20%20%20%20%20%20%3Cdiv%20class%3D%22panel-heading%22%3E%0A%20%20%20%20%20%20%20%20%20%20%20%20%20%20%20%20%20%20%20%20%20%20%20%20%20%20%20%20Stacked%20Progress%20Bars%20%0A%20%20%20%20%20%20%20%20%20%20%20%20%20%20%20%20%20%20%20%20%20%20%20%20%3C%2Fdiv%3E%0A%20%20%20%20%20%20%20%20%20%20%20%20%20%20%20%20%20%20%20%20%20%20%20%0A%20%20%20%20%20%20%20%20%20%20%20%20%20%20%20%20%20%20%20%20%20%20%20%20%3Cdiv%20class%3D%22panel-body%22%3E%0A%20%20%20%20%20%20%20%20%20%20%20%20%20%20%20%20%20%20%20%20%20%20%20%3Cdiv%20class%3D%22progress%22%3E%0A%20%20%3Cdiv%20class%3D%22progress-bar%20progress-bar-success%22%20style%3D%22width%3A%2035%25%22%3E%0A%20%20%20%20%3Cspan%20class%3D%22sr-only%22%3E35%25%20Complete%20(success)%3C%2Fspan%3E%0A%20%20%3C%2Fdiv%3E%0A%20%20%3Cdiv%20class%3D%22progress-bar%20progress-bar-warning%22%20style%3D%22width%3A%2020%25%22%3E%0A%20%20%20%20%3Cspan%20class%3D%22sr-only%22%3E20%25%20Complete%20(warning)%3C%2Fspan%3E%0A%20%20%3C%2Fdiv%3E%0A%20%20%3Cdiv%20class%3D%22progress-bar%20progress-bar-danger%22%20style%3D%22width%3A%2010%25%22%3E%0A%20%20%20%20%3Cspan%20class%3D%22sr-only%22%3E10%25%20Complete%20(danger)%3C%2Fspan%3E%0A%20%20%3C%2Fdiv%3E%0A%3C%2Fdiv%3E%0A%20%20%20%20%20%20%20%20%20%20%20%20%20%20%20%20%20%20%20%20%20%20%20%20%20%20%20%20%3C%2Fdiv%3E%0A%20%20%20%20%20%20%20%20%20%20%20%20%20%20%20%20%20%20%20%20%20%20%20%20%20%20%20%20%3C%2Fdiv%3E%0A%20%20%20%20%20%20%20%20%20%20%20%20%20%20%20%20%20%20%20%20%3C%2Fdiv%3E%0A%20%20%20%20%20%20%20%20%20%20%20%20%20%20%20%20%3C%2Fdiv%3E%0A%20%20%20%20%20%20%20%20%20%20%20%20%20%20%20%20%3C!--%20%2F.%20ROW%20%20--%3E%0A%20%20%20%20%20%20%20%20%20%20%20%20%20%20%20%20%3Cdiv%20class%3D%22row%22%3E%0A%20%20%20%20%20%20%20%20%20%20%20%20%20%20%20%20%20%20%20%20%3Cdiv%20class%3D%22col-md-6%22%3E%0A%20%20%20%20%20%20%20%20%20%20%20%20%20%20%20%20%20%20%20%20%20%20%20%0A%20%20%20%20%20%20%20%20%20%20%20%20%20%20%20%20%20%20%20%20%20%3C!--%20%20Modals--%3E%0A%20%20%20%20%20%20%20%20%20%20%20%20%20%20%20%20%20%20%20%20%3Cdiv%20class%3D%22panel%20panel-default%22%3E%0A%20%20%20%20%20%20%20%20%20%20%20%20%20%20%20%20%20%20%20%20%20%20%20%20%3Cdiv%20class%3D%22panel-heading%22%3E%0A%20%20%20%20%20%20%20%20%20%20%20%20%20%20%20%20%20%20%20%20%20%20%20%20%20%20%20%20Modals%20Example%0A%20%20%20%20%20%20%20%20%20%20%20%20%20%20%20%20%20%20%20%20%20%20%20%20%3C%2Fdiv%3E%0A%20%20%20%20%20%20%20%20%20%20%20%20%20%20%20%20%20%20%20%20%20%20%20%20%3Cdiv%20class%3D%22panel-body%22%3E%0A%20%20%20%20%20%20%20%20%20%20%20%20%20%20%20%20%20%20%20%20%20%20%20%20%20%20%20%20%3Cbutton%20class%3D%22btn%20btn-primary%20btn-lg%22%20data-toggle%3D%22modal%22%20data-target%3D%22%23myModal%22%3E%0A%20%20%20%20%20%20%20%20%20%20%20%20%20%20%20%20%20%20%20%20%20%20%20%20%20%20%20%20%20%20Click%20%20Launch%20Demo%20Modal%0A%20%20%20%20%20%20%20%20%20%20%20%20%20%20%20%20%20%20%20%20%20%20%20%20%20%20%20%20%3C%2Fbutton%3E%0A%20%20%20%20%20%20%20%20%20%20%20%20%20%20%20%20%20%20%20%20%20%20%20%20%20%20%20%20%3Cdiv%20class%3D%22modal%20fade%22%20id%3D%22myModal%22%20tabindex%3D%22-1%22%20role%3D%22dialog%22%20aria-labelledby%3D%22myModalLabel%22%20aria-hidden%3D%22true%22%3E%0A%20%20%20%20%20%20%20%20%20%20%20%20%20%20%20%20%20%20%20%20%20%20%20%20%20%20%20%20%20%20%20%20%3Cdiv%20class%3D%22modal-dialog%22%3E%0A%20%20%20%20%20%20%20%20%20%20%20%20%20%20%20%20%20%20%20%20%20%20%20%20%20%20%20%20%20%20%20%20%20%20%20%20%3Cdiv%20class%3D%22modal-content%22%3E%0A%20%20%20%20%20%20%20%20%20%20%20%20%20%20%20%20%20%20%20%20%20%20%20%20%20%20%20%20%20%20%20%20%20%20%20%20%20%20%20%20%3Cdiv%20class%3D%22modal-header%22%3E%0A%20%20%20%20%20%20%20%20%20%20%20%20%20%20%20%20%20%20%20%20%20%20%20%20%20%20%20%20%20%20%20%20%20%20%20%20%20%20%20%20%20%20%20%20%3Cbutton%20type%3D%22button%22%20class%3D%22close%22%20data-dismiss%3D%22modal%22%20aria-hidden%3D%22true%22%3E%26times%3B%3C%2Fbutton%3E%0A%20%20%20%20%20%20%20%20%20%20%20%20%20%20%20%20%20%20%20%20%20%20%20%20%20%20%20%20%20%20%20%20%20%20%20%20%20%20%20%20%20%20%20%20%3Ch4%20class%3D%22modal-title%22%20id%3D%22myModalLabel%22%3EModal%20title%20Here%3C%2Fh4%3E%0A%20%20%20%20%20%20%20%20%20%20%20%20%20%20%20%20%20%20%20%20%20%20%20%20%20%20%20%20%20%20%20%20%20%20%20%20%20%20%20%20%3C%2Fdiv%3E%0A%20%20%20%20%20%20%20%20%20%20%20%20%20%20%20%20%20%20%20%20%20%20%20%20%20%20%20%20%20%20%20%20%20%20%20%20%20%20%20%20%3Cdiv%20class%3D%22modal-body%22%3E%0A%20%20%20%20%20%20%20%20%20%20%20%20%20%20%20%20%20%20%20%20%20%20%20%20%20%20%20%20%20%20%20%20%20%20%20%20%20%20%20%20%20%20%20%20Lorem%20ipsum%20dolor%20sit%20amet%2C%20consectetur%20adipisicing%20elit%2C%20sed%20do%20eiusmod%20tempor%20incididunt%20ut%20labore%20et%20dolore%20magna%20aliqua.%20Ut%20enim%20ad%20minim%20veniam%2C%20quis%20nostrud%20exercitation%20ullamco%20laboris%20nisi%20ut%20aliquip%20ex%20ea%20commodo%20consequat.%20Duis%20aute%20irure%20dolor%20in%20reprehenderit%20in%20voluptate%20velit%20esse%20cillum%20dolore%20eu%20fugiat%20nulla%20pariatur.%20Excepteur%20sint%20occaecat%20cupidatat%20non%20proident%2C%20sunt%20in%20culpa%20qui%20officia%20deserunt%20mollit%20anim%20id%20est%20laborum.%0A%20%20%20%20%20%20%20%20%20%20%20%20%20%20%20%20%20%20%20%20%20%20%20%20%20%20%20%20%20%20%20%20%20%20%20%20%20%20%20%20%3C%2Fdiv%3E%0A%20%20%20%20%20%20%20%20%20%20%20%20%20%20%20%20%20%20%20%20%20%20%20%20%20%20%20%20%20%20%20%20%20%20%20%20%20%20%20%20%3Cdiv%20class%3D%22modal-footer%22%3E%0A%20%20%20%20%20%20%20%20%20%20%20%20%20%20%20%20%20%20%20%20%20%20%20%20%20%20%20%20%20%20%20%20%20%20%20%20%20%20%20%20%20%20%20%20%3Cbutton%20type%3D%22button%22%20class%3D%22btn%20btn-default%22%20data-dismiss%3D%22modal%22%3EClose%3C%2Fbutton%3E%0A%20%20%20%20%20%20%20%20%20%20%20%20%20%20%20%20%20%20%20%20%20%20%20%20%20%20%20%20%20%20%20%20%20%20%20%20%20%20%20%20%20%20%20%20%3Cbutton%20type%3D%22button%22%20class%3D%22btn%20btn-primary%22%3ESave%20changes%3C%2Fbutton%3E%0A%20%20%20%20%20%20%20%20%20%20%20%20%20%20%20%20%20%20%20%20%20%20%20%20%20%20%20%20%20%20%20%20%20%20%20%20%20%20%20%20%3C%2Fdiv%3E%0A%20%20%20%20%20%20%20%20%20%20%20%20%20%20%20%20%20%20%20%20%20%20%20%20%20%20%20%20%20%20%20%20%20%20%20%20%3C%2Fdiv%3E%0A%20%20%20%20%20%20%20%20%20%20%20%20%20%20%20%20%20%20%20%20%20%20%20%20%20%20%20%20%20%20%20%20%3C%2Fdiv%3E%0A%20%20%20%20%20%20%20%20%20%20%20%20%20%20%20%20%20%20%20%20%20%20%20%20%20%20%20%20%3C%2Fdiv%3E%0A%20%20%20%20%20%20%20%20%20%20%20%20%20%20%20%20%20%20%20%20%20%20%20%20%3C%2Fdiv%3E%0A%20%20%20%20%20%20%20%20%20%20%20%20%20%20%20%20%20%20%20%20%3C%2Fdiv%3E%0A%20%20%20%20%20%20%20%20%20%20%20%20%20%20%20%20%20%20%20%20%20%3C!--%20End%20Modals--%3E%0A%20%20%20%20%20%20%20%20%20%20%20%20%20%20%20%20%0A%20%20%20%20%20%20%20%20%20%20%20%20%20%20%20%20%20%20%20%20%3C%2Fdiv%3E%0A%20%20%20%20%20%20%20%20%20%20%20%20%20%20%20%20%20%20%20%20%20%3Cdiv%20class%3D%22col-md-6%22%3E%0A%20%20%20%20%20%20%20%20%20%20%20%20%20%20%20%20%20%20%20%20%20%20%20%20%20%20%3Cdiv%20class%3D%22panel%20panel-default%22%3E%0A%20%20%20%20%20%20%20%20%20%20%20%20%20%20%20%20%20%20%20%20%20%20%20%20%3Cdiv%20class%3D%22panel-heading%22%3E%0A%20%20%20%20%20%20%20%20%20%20%20%20%20%20%20%20%20%20%20%20%20%20%20%20%20%20%20%20Alerts%20Examples%0A%20%20%20%20%20%20%20%20%20%20%20%20%20%20%20%20%20%20%20%20%20%20%20%20%3C%2Fdiv%3E%0A%20%20%20%20%20%20%20%20%20%20%20%20%20%20%20%20%20%20%20%20%20%20%20%20%3Cdiv%20class%3D%22panel-body%22%3E%0A%20%20%20%20%20%20%20%20%20%20%20%20%20%20%20%20%20%20%20%20%20%20%20%20%20%20%20%20%3Ch5%3E%3Cstrong%3ESimple%20Alert%3C%2Fstrong%3E%3C%2Fh5%3E%0A%20%20%20%20%20%20%20%20%20%20%20%20%20%20%20%20%20%20%20%20%20%20%20%20%20%20%20%20%3Cdiv%20class%3D%22alert%20alert-info%22%3E%0A%20%20%20%20%20%20%20%20%20%20%20%20%20%20%20%20%20%20%20%20%20%20%20%20%20%20%20%20%20%20%20%20Lorem%20ipsum%20dolor%20sit%20amet%2C%20consectetur%20adipisicing%20elit.%20%3Ca%20href%3D%22%23%22%20class%3D%22alert-link%22%3EAlert%20Link%3C%2Fa%3E.%0A%20%20%20%20%20%20%20%20%20%20%20%20%20%20%20%20%20%20%20%20%20%20%20%20%20%20%20%20%3C%2Fdiv%3E%0A%20%20%20%20%20%20%20%20%20%20%20%20%20%20%20%20%20%20%20%20%20%20%20%20%20%20%20%20Info%3A%20You%20can%20use%20other%20classes%20like%20%3Ci%3Ealert-success%3C%2Fi%3E%20%2C%20%3Ci%3Ealert-warning%3C%2Fi%3E%20%26%20%3Ci%3Ealert-danger%3C%2Fi%3E%20instead%20of%20%3Ci%3Ealert-info%3C%2Fi%3E%0A%20%20%20%20%20%20%20%20%20%20%20%20%20%20%20%20%20%20%20%20%20%20%20%20%20%20%20%3Cbr%20%2F%3E%0A%20%20%20%20%20%20%20%20%20%20%20%20%20%20%20%20%20%20%20%20%20%20%20%20%20%20%20%20%20%20%3Ch5%3E%3Cstrong%3EDismissable%20Alert%3C%2Fstrong%3E%3C%2Fh5%3E%0A%20%20%20%20%20%20%20%20%20%20%20%20%20%20%20%20%20%20%20%20%20%20%20%20%20%20%20%20%3Cdiv%20class%3D%22alert%20alert-info%20alert-dismissable%22%3E%0A%20%20%20%20%20%20%20%20%20%20%20%20%20%20%20%20%20%20%20%20%20%20%20%20%20%20%20%20%20%20%20%20%3Cbutton%20type%3D%22button%22%20class%3D%22close%22%20data-dismiss%3D%22alert%22%20aria-hidden%3D%22true%22%3E%C3%97%3C%2Fbutton%3E%0A%20%20%20%20%20%20%20%20%20%20%20%20%20%20%20%20%20%20%20%20%20%20%20%20%20%20%20%20%20%20%20%20Lorem%20ipsum%20dolor%20sit%20amet%2C%20consectetur%20adipisicing%20elit.%20%3Ca%20href%3D%22%23%22%20class%3D%22alert-link%22%3EAlert%20Link%3C%2Fa%3E.%0A%20%20%20%20%20%20%20%20%20%20%20%20%20%20%20%20%20%20%20%20%20%20%20%20%20%20%20%20%3C%2Fdiv%3E%0A%20%20%20%20%20%20%20%20%20%20%20%20%20%20%20%20%20%20%20%20%20%20%20%20%20%20%20%20Info%3A%20You%20can%20use%20other%20classes%20like%20%3Ci%3Ealert-success%3C%2Fi%3E%20%2C%20%3Ci%3Ealert-warning%3C%2Fi%3E%20%26%20%3Ci%3Ealert-danger%3C%2Fi%3E%20instead%20of%20%3Ci%3Ealert-info%3C%2Fi%3E%0A%20%20%20%20%20%20%20%20%20%20%20%20%20%20%20%20%20%20%20%20%20%20%20%20%20%20%20%0A%20%20%20%20%20%20%20%20%20%20%20%20%20%20%20%20%20%20%20%20%20%20%20%20%20%20%20%20%20%3C%2Fdiv%3E%0A%20%20%20%20%20%20%20%20%20%20%20%20%20%20%20%20%20%20%20%20%20%20%20%20%20%20%20%20%20%20%3C%2Fdiv%3E%0A%20%20%20%20%20%20%20%20%20%20%20%20%20%20%20%20%20%20%20%20%20%3C%2Fdiv%3E%0A%20%20%20%20%20%20%20%20%20%20%20%20%20%20%20%20%3C%2Fdiv%3E%0A%20%20%20%20%20%20%20%20%20%20%20%20%20%20%20%20%3C!--%20%2F.%20ROW%20%20--%3E%0A%20%20%20%20%3C%2Fdiv%3E',0),
 (47434,47385,'content','echoHTML','html=%3Cdiv%20id%3D%22page-inner%22%3E%0A%20%20%20%20%20%20%20%20%20%20%20%20%20%20%20%20%3Cdiv%20class%3D%22row%22%3E%0A%20%20%20%20%20%20%20%20%20%20%20%20%20%20%20%20%20%20%20%20%3Cdiv%20class%3D%22col-md-12%22%3E%0A%20%20%20%20%20%20%20%20%20%20%20%20%20%20%20%20%20%20%20%20%20%3Ch2%3EForms%20Page%3C%2Fh2%3E%20%20%20%0A%20%20%20%20%20%20%20%20%20%20%20%20%20%20%20%20%20%20%20%20%20%20%20%20%3Ch5%3EFree%20Bootstrap%20Admin%20Template%20%3A%20Binary%20Admin%20by%20binarycart.com%3C%2Fh5%3E%0A%20%20%20%20%20%20%20%20%20%20%20%20%20%20%20%20%20%20%20%20%20%20%20%0A%20%20%20%20%20%20%20%20%20%20%20%20%20%20%20%20%20%20%20%20%3C%2Fdiv%3E%0A%20%20%20%20%20%20%20%20%20%20%20%20%20%20%20%20%3C%2Fdiv%3E%0A%20%20%20%20%20%20%20%20%20%20%20%20%20%20%20%20%20%3C!--%20%2F.%20ROW%20%20--%3E%0A%20%20%20%20%20%20%20%20%20%20%20%20%20%20%20%20%20%3Chr%20%2F%3E%0A%20%20%20%20%20%20%20%20%20%20%20%20%20%20%20%3Cdiv%20class%3D%22row%22%3E%0A%20%20%20%20%20%20%20%20%20%20%20%20%20%20%20%20%3Cdiv%20class%3D%22col-md-12%22%3E%0A%20%20%20%20%20%20%20%20%20%20%20%20%20%20%20%20%20%20%20%20%3C!--%20Form%20Elements%20--%3E%0A%20%20%20%20%20%20%20%20%20%20%20%20%20%20%20%20%20%20%20%20%3Cdiv%20class%3D%22panel%20panel-default%22%3E%0A%20%20%20%20%20%20%20%20%20%20%20%20%20%20%20%20%20%20%20%20%20%20%20%20%3Cdiv%20class%3D%22panel-heading%22%3E%0A%20%20%20%20%20%20%20%20%20%20%20%20%20%20%20%20%20%20%20%20%20%20%20%20%20%20%20%20Form%20Element%20Examples%0A%20%20%20%20%20%20%20%20%20%20%20%20%20%20%20%20%20%20%20%20%20%20%20%20%3C%2Fdiv%3E%0A%20%20%20%20%20%20%20%20%20%20%20%20%20%20%20%20%20%20%20%20%20%20%20%20%3Cdiv%20class%3D%22panel-body%22%3E%0A%20%20%20%20%20%20%20%20%20%20%20%20%20%20%20%20%20%20%20%20%20%20%20%20%20%20%20%20%3Cdiv%20class%3D%22row%22%3E%0A%20%20%20%20%20%20%20%20%20%20%20%20%20%20%20%20%20%20%20%20%20%20%20%20%20%20%20%20%20%20%20%20%3Cdiv%20class%3D%22col-md-6%22%3E%0A%20%20%20%20%20%20%20%20%20%20%20%20%20%20%20%20%20%20%20%20%20%20%20%20%20%20%20%20%20%20%20%20%20%20%20%20%3Ch3%3EBasic%20Form%20Examples%3C%2Fh3%3E%0A%20%20%20%20%20%20%20%20%20%20%20%20%20%20%20%20%20%20%20%20%20%20%20%20%20%20%20%20%20%20%20%20%20%20%20%20%3Cform%20role%3D%22form%22%3E%0A%20%20%20%20%20%20%20%20%20%20%20%20%20%20%20%20%20%20%20%20%20%20%20%20%20%20%20%20%20%20%20%20%20%20%20%20%20%20%20%20%3Cdiv%20class%3D%22form-group%22%3E%0A%20%20%20%20%20%20%20%20%20%20%20%20%20%20%20%20%20%20%20%20%20%20%20%20%20%20%20%20%20%20%20%20%20%20%20%20%20%20%20%20%20%20%20%20%3Clabel%3EText%20Input%3C%2Flabel%3E%0A%20%20%20%20%20%20%20%20%20%20%20%20%20%20%20%20%20%20%20%20%20%20%20%20%20%20%20%20%20%20%20%20%20%20%20%20%20%20%20%20%20%20%20%20%3Cinput%20class%3D%22form-control%22%20%2F%3E%0A%20%20%20%20%20%20%20%20%20%20%20%20%20%20%20%20%20%20%20%20%20%20%20%20%20%20%20%20%20%20%20%20%20%20%20%20%20%20%20%20%20%20%20%20%3Cp%20class%3D%22help-block%22%3EHelp%20text%20here.%3C%2Fp%3E%0A%20%20%20%20%20%20%20%20%20%20%20%20%20%20%20%20%20%20%20%20%20%20%20%20%20%20%20%20%20%20%20%20%20%20%20%20%20%20%20%20%3C%2Fdiv%3E%0A%20%20%20%20%20%20%20%20%20%20%20%20%20%20%20%20%20%20%20%20%20%20%20%20%20%20%20%20%20%20%20%20%20%20%20%20%20%20%20%20%3Cdiv%20class%3D%22form-group%22%3E%0A%20%20%20%20%20%20%20%20%20%20%20%20%20%20%20%20%20%20%20%20%20%20%20%20%20%20%20%20%20%20%20%20%20%20%20%20%20%20%20%20%20%20%20%20%3Clabel%3EText%20Input%20with%20Placeholder%3C%2Flabel%3E%0A%20%20%20%20%20%20%20%20%20%20%20%20%20%20%20%20%20%20%20%20%20%20%20%20%20%20%20%20%20%20%20%20%20%20%20%20%20%20%20%20%20%20%20%20%3Cinput%20class%3D%22form-control%22%20placeholder%3D%22PLease%20Enter%20Keyword%22%20%2F%3E%0A%20%20%20%20%20%20%20%20%20%20%20%20%20%20%20%20%20%20%20%20%20%20%20%20%20%20%20%20%20%20%20%20%20%20%20%20%20%20%20%20%3C%2Fdiv%3E%0A%20%20%20%20%20%20%20%20%20%20%20%20%20%20%20%20%20%20%20%20%20%20%20%20%20%20%20%20%20%20%20%20%20%20%20%20%20%20%20%20%3Cdiv%20class%3D%22form-group%22%3E%0A%20%20%20%20%20%20%20%20%20%20%20%20%20%20%20%20%20%20%20%20%20%20%20%20%20%20%20%20%20%20%20%20%20%20%20%20%20%20%20%20%20%20%20%20%3Clabel%3EJust%20A%20Label%20Control%3C%2Flabel%3E%0A%20%20%20%20%20%20%20%20%20%20%20%20%20%20%20%20%20%20%20%20%20%20%20%20%20%20%20%20%20%20%20%20%20%20%20%20%20%20%20%20%20%20%20%20%3Cp%20class%3D%22form-control-static%22%3Einfo%40yourdomain.com%3C%2Fp%3E%0A%20%20%20%20%20%20%20%20%20%20%20%20%20%20%20%20%20%20%20%20%20%20%20%20%20%20%20%20%20%20%20%20%20%20%20%20%20%20%20%20%3C%2Fdiv%3E%0A%20%20%20%20%20%20%20%20%20%20%20%20%20%20%20%20%20%20%20%20%20%20%20%20%20%20%20%20%20%20%20%20%20%20%20%20%20%20%20%20%3Cdiv%20class%3D%22form-group%22%3E%0A%20%20%20%20%20%20%20%20%20%20%20%20%20%20%20%20%20%20%20%20%20%20%20%20%20%20%20%20%20%20%20%20%20%20%20%20%20%20%20%20%20%20%20%20%3Clabel%3EFile%20input%3C%2Flabel%3E%0A%20%20%20%20%20%20%20%20%20%20%20%20%20%20%20%20%20%20%20%20%20%20%20%20%20%20%20%20%20%20%20%20%20%20%20%20%20%20%20%20%20%20%20%20%3Cinput%20type%3D%22file%22%20%2F%3E%0A%20%20%20%20%20%20%20%20%20%20%20%20%20%20%20%20%20%20%20%20%20%20%20%20%20%20%20%20%20%20%20%20%20%20%20%20%20%20%20%20%3C%2Fdiv%3E%0A%20%20%20%20%20%20%20%20%20%20%20%20%20%20%20%20%20%20%20%20%20%20%20%20%20%20%20%20%20%20%20%20%20%20%20%20%20%20%20%20%3Cdiv%20class%3D%22form-group%22%3E%0A%20%20%20%20%20%20%20%20%20%20%20%20%20%20%20%20%20%20%20%20%20%20%20%20%20%20%20%20%20%20%20%20%20%20%20%20%20%20%20%20%20%20%20%20%3Clabel%3EText%20area%3C%2Flabel%3E%0A%20%20%20%20%20%20%20%20%20%20%20%20%20%20%20%20%20%20%20%20%20%20%20%20%20%20%20%20%20%20%20%20%20%20%20%20%20%20%20%20%20%20%20%20%3Ctextarea%20class%3D%22form-control%22%20rows%3D%223%22%3E%3C%2Ftextarea%3E%0A%20%20%20%20%20%20%20%20%20%20%20%20%20%20%20%20%20%20%20%20%20%20%20%20%20%20%20%20%20%20%20%20%20%20%20%20%20%20%20%20%3C%2Fdiv%3E%0A%20%20%20%20%20%20%20%20%20%20%20%20%20%20%20%20%20%20%20%20%20%20%20%20%20%20%20%20%20%20%20%20%20%20%20%20%20%20%20%20%3Cdiv%20class%3D%22form-group%22%3E%0A%20%20%20%20%20%20%20%20%20%20%20%20%20%20%20%20%20%20%20%20%20%20%20%20%20%20%20%20%20%20%20%20%20%20%20%20%20%20%20%20%20%20%20%20%3Clabel%3ECheckboxes%3C%2Flabel%3E%0A%20%20%20%20%20%20%20%20%20%20%20%20%20%20%20%20%20%20%20%20%20%20%20%20%20%20%20%20%20%20%20%20%20%20%20%20%20%20%20%20%20%20%20%20%3Cdiv%20class%3D%22checkbox%22%3E%0A%20%20%20%20%20%20%20%20%20%20%20%20%20%20%20%20%20%20%20%20%20%20%20%20%20%20%20%20%20%20%20%20%20%20%20%20%20%20%20%20%20%20%20%20%20%20%20%20%3Clabel%3E%0A%20%20%20%20%20%20%20%20%20%20%20%20%20%20%20%20%20%20%20%20%20%20%20%20%20%20%20%20%20%20%20%20%20%20%20%20%20%20%20%20%20%20%20%20%20%20%20%20%20%20%20%20%3Cinput%20type%3D%22checkbox%22%20value%3D%22%22%20%2F%3ECheckbox%20Example%20One%0A%20%20%20%20%20%20%20%20%20%20%20%20%20%20%20%20%20%20%20%20%20%20%20%20%20%20%20%20%20%20%20%20%20%20%20%20%20%20%20%20%20%20%20%20%20%20%20%20%3C%2Flabel%3E%0A%20%20%20%20%20%20%20%20%20%20%20%20%20%20%20%20%20%20%20%20%20%20%20%20%20%20%20%20%20%20%20%20%20%20%20%20%20%20%20%20%20%20%20%20%3C%2Fdiv%3E%0A%20%20%20%20%20%20%20%20%20%20%20%20%20%20%20%20%20%20%20%20%20%20%20%20%20%20%20%20%20%20%20%20%20%20%20%20%20%20%20%20%20%20%20%20%3Cdiv%20class%3D%22checkbox%22%3E%0A%20%20%20%20%20%20%20%20%20%20%20%20%20%20%20%20%20%20%20%20%20%20%20%20%20%20%20%20%20%20%20%20%20%20%20%20%20%20%20%20%20%20%20%20%20%20%20%20%3Clabel%3E%0A%20%20%20%20%20%20%20%20%20%20%20%20%20%20%20%20%20%20%20%20%20%20%20%20%20%20%20%20%20%20%20%20%20%20%20%20%20%20%20%20%20%20%20%20%20%20%20%20%20%20%20%20%3Cinput%20type%3D%22checkbox%22%20value%3D%22%22%2F%3ECheckbox%20Example%20Two%0A%20%20%20%20%20%20%20%20%20%20%20%20%20%20%20%20%20%20%20%20%20%20%20%20%20%20%20%20%20%20%20%20%20%20%20%20%20%20%20%20%20%20%20%20%20%20%20%20%3C%2Flabel%3E%0A%20%20%20%20%20%20%20%20%20%20%20%20%20%20%20%20%20%20%20%20%20%20%20%20%20%20%20%20%20%20%20%20%20%20%20%20%20%20%20%20%20%20%20%20%3C%2Fdiv%3E%0A%20%20%20%20%20%20%20%20%20%20%20%20%20%20%20%20%20%20%20%20%20%20%20%20%20%20%20%20%20%20%20%20%20%20%20%20%20%20%20%20%20%20%20%20%3Cdiv%20class%3D%22checkbox%22%3E%0A%20%20%20%20%20%20%20%20%20%20%20%20%20%20%20%20%20%20%20%20%20%20%20%20%20%20%20%20%20%20%20%20%20%20%20%20%20%20%20%20%20%20%20%20%20%20%20%20%3Clabel%3E%0A%20%20%20%20%20%20%20%20%20%20%20%20%20%20%20%20%20%20%20%20%20%20%20%20%20%20%20%20%20%20%20%20%20%20%20%20%20%20%20%20%20%20%20%20%20%20%20%20%20%20%20%20%3Cinput%20type%3D%22checkbox%22%20value%3D%22%22%2F%3ECheckbox%20Example%20Three%0A%20%20%20%20%20%20%20%20%20%20%20%20%20%20%20%20%20%20%20%20%20%20%20%20%20%20%20%20%20%20%20%20%20%20%20%20%20%20%20%20%20%20%20%20%20%20%20%20%3C%2Flabel%3E%0A%20%20%20%20%20%20%20%20%20%20%20%20%20%20%20%20%20%20%20%20%20%20%20%20%20%20%20%20%20%20%20%20%20%20%20%20%20%20%20%20%20%20%20%20%3C%2Fdiv%3E%0A%20%20%20%20%20%20%20%20%20%20%20%20%20%20%20%20%20%20%20%20%20%20%20%20%20%20%20%20%20%20%20%20%20%20%20%20%20%20%20%20%3C%2Fdiv%3E%0A%20%20%20%20%20%20%20%20%20%20%20%20%20%20%20%20%20%20%20%20%20%20%20%20%20%20%20%20%20%20%20%20%20%20%20%20%20%20%20%20%3Cdiv%20class%3D%22form-group%22%3E%0A%20%20%20%20%20%20%20%20%20%20%20%20%20%20%20%20%20%20%20%20%20%20%20%20%20%20%20%20%20%20%20%20%20%20%20%20%20%20%20%20%20%20%20%20%3Clabel%3EInline%20Checkboxes%20Examples%3C%2Flabel%3E%0A%20%20%20%20%20%20%20%20%20%20%20%20%20%20%20%20%20%20%20%20%20%20%20%20%20%20%20%20%20%20%20%20%20%20%20%20%20%20%20%20%20%20%20%20%3Clabel%20class%3D%22checkbox-inline%22%3E%0A%20%20%20%20%20%20%20%20%20%20%20%20%20%20%20%20%20%20%20%20%20%20%20%20%20%20%20%20%20%20%20%20%20%20%20%20%20%20%20%20%20%20%20%20%20%20%20%20%3Cinput%20type%3D%22checkbox%22%2F%3E%20One%0A%20%20%20%20%20%20%20%20%20%20%20%20%20%20%20%20%20%20%20%20%20%20%20%20%20%20%20%20%20%20%20%20%20%20%20%20%20%20%20%20%20%20%20%20%3C%2Flabel%3E%0A%20%20%20%20%20%20%20%20%20%20%20%20%20%20%20%20%20%20%20%20%20%20%20%20%20%20%20%20%20%20%20%20%20%20%20%20%20%20%20%20%20%20%20%20%3Clabel%20class%3D%22checkbox-inline%22%3E%0A%20%20%20%20%20%20%20%20%20%20%20%20%20%20%20%20%20%20%20%20%20%20%20%20%20%20%20%20%20%20%20%20%20%20%20%20%20%20%20%20%20%20%20%20%20%20%20%20%3Cinput%20type%3D%22checkbox%22%2F%3E%20Two%0A%20%20%20%20%20%20%20%20%20%20%20%20%20%20%20%20%20%20%20%20%20%20%20%20%20%20%20%20%20%20%20%20%20%20%20%20%20%20%20%20%20%20%20%20%3C%2Flabel%3E%0A%20%20%20%20%20%20%20%20%20%20%20%20%20%20%20%20%20%20%20%20%20%20%20%20%20%20%20%20%20%20%20%20%20%20%20%20%20%20%20%20%20%20%20%20%3Clabel%20class%3D%22checkbox-inline%22%3E%0A%20%20%20%20%20%20%20%20%20%20%20%20%20%20%20%20%20%20%20%20%20%20%20%20%20%20%20%20%20%20%20%20%20%20%20%20%20%20%20%20%20%20%20%20%20%20%20%20%3Cinput%20type%3D%22checkbox%22%2F%3E%20Three%0A%20%20%20%20%20%20%20%20%20%20%20%20%20%20%20%20%20%20%20%20%20%20%20%20%20%20%20%20%20%20%20%20%20%20%20%20%20%20%20%20%20%20%20%20%3C%2Flabel%3E%0A%20%20%20%20%20%20%20%20%20%20%20%20%20%20%20%20%20%20%20%20%20%20%20%20%20%20%20%20%20%20%20%20%20%20%20%20%20%20%20%20%3C%2Fdiv%3E%0A%20%20%20%20%20%20%20%20%20%20%20%20%20%20%20%20%20%20%20%20%20%20%20%20%20%20%20%20%20%20%20%20%20%20%20%20%20%20%20%20%3Cdiv%20class%3D%22form-group%22%3E%0A%20%20%20%20%20%20%20%20%20%20%20%20%20%20%20%20%20%20%20%20%20%20%20%20%20%20%20%20%20%20%20%20%20%20%20%20%20%20%20%20%20%20%20%20%3Clabel%3ERadio%20Button%20Examples%3C%2Flabel%3E%0A%20%20%20%20%20%20%20%20%20%20%20%20%20%20%20%20%20%20%20%20%20%20%20%20%20%20%20%20%20%20%20%20%20%20%20%20%20%20%20%20%20%20%20%20%3Cdiv%20class%3D%22radio%22%3E%0A%20%20%20%20%20%20%20%20%20%20%20%20%20%20%20%20%20%20%20%20%20%20%20%20%20%20%20%20%20%20%20%20%20%20%20%20%20%20%20%20%20%20%20%20%20%20%20%20%3Clabel%3E%0A%20%20%20%20%20%20%20%20%20%20%20%20%20%20%20%20%20%20%20%20%20%20%20%20%20%20%20%20%20%20%20%20%20%20%20%20%20%20%20%20%20%20%20%20%20%20%20%20%20%20%20%20%3Cinput%20type%3D%22radio%22%20name%3D%22optionsRadios%22%20id%3D%22optionsRadios1%22%20value%3D%22option1%22%20checked%20%2F%3ERadio%20Example%20One%0A%20%20%20%20%20%20%20%20%20%20%20%20%20%20%20%20%20%20%20%20%20%20%20%20%20%20%20%20%20%20%20%20%20%20%20%20%20%20%20%20%20%20%20%20%20%20%20%20%3C%2Flabel%3E%0A%20%20%20%20%20%20%20%20%20%20%20%20%20%20%20%20%20%20%20%20%20%20%20%20%20%20%20%20%20%20%20%20%20%20%20%20%20%20%20%20%20%20%20%20%3C%2Fdiv%3E%0A%20%20%20%20%20%20%20%20%20%20%20%20%20%20%20%20%20%20%20%20%20%20%20%20%20%20%20%20%20%20%20%20%20%20%20%20%20%20%20%20%20%20%20%20%3Cdiv%20class%3D%22radio%22%3E%0A%20%20%20%20%20%20%20%20%20%20%20%20%20%20%20%20%20%20%20%20%20%20%20%20%20%20%20%20%20%20%20%20%20%20%20%20%20%20%20%20%20%20%20%20%20%20%20%20%3Clabel%3E%0A%20%20%20%20%20%20%20%20%20%20%20%20%20%20%20%20%20%20%20%20%20%20%20%20%20%20%20%20%20%20%20%20%20%20%20%20%20%20%20%20%20%20%20%20%20%20%20%20%20%20%20%20%3Cinput%20type%3D%22radio%22%20name%3D%22optionsRadios%22%20id%3D%22optionsRadios2%22%20value%3D%22option2%22%2F%3ERadio%20Example%20Two%0A%20%20%20%20%20%20%20%20%20%20%20%20%20%20%20%20%20%20%20%20%20%20%20%20%20%20%20%20%20%20%20%20%20%20%20%20%20%20%20%20%20%20%20%20%20%20%20%20%3C%2Flabel%3E%0A%20%20%20%20%20%20%20%20%20%20%20%20%20%20%20%20%20%20%20%20%20%20%20%20%20%20%20%20%20%20%20%20%20%20%20%20%20%20%20%20%20%20%20%20%3C%2Fdiv%3E%0A%20%20%20%20%20%20%20%20%20%20%20%20%20%20%20%20%20%20%20%20%20%20%20%20%20%20%20%20%20%20%20%20%20%20%20%20%20%20%20%20%20%20%20%20%3Cdiv%20class%3D%22radio%22%3E%0A%20%20%20%20%20%20%20%20%20%20%20%20%20%20%20%20%20%20%20%20%20%20%20%20%20%20%20%20%20%20%20%20%20%20%20%20%20%20%20%20%20%20%20%20%20%20%20%20%3Clabel%3E%0A%20%20%20%20%20%20%20%20%20%20%20%20%20%20%20%20%20%20%20%20%20%20%20%20%20%20%20%20%20%20%20%20%20%20%20%20%20%20%20%20%20%20%20%20%20%20%20%20%20%20%20%20%3Cinput%20type%3D%22radio%22%20name%3D%22optionsRadios%22%20id%3D%22optionsRadios3%22%20value%3D%22option3%22%2F%3ERadio%20Example%20Three%0A%20%20%20%20%20%20%20%20%20%20%20%20%20%20%20%20%20%20%20%20%20%20%20%20%20%20%20%20%20%20%20%20%20%20%20%20%20%20%20%20%20%20%20%20%20%20%20%20%3C%2Flabel%3E%0A%20%20%20%20%20%20%20%20%20%20%20%20%20%20%20%20%20%20%20%20%20%20%20%20%20%20%20%20%20%20%20%20%20%20%20%20%20%20%20%20%20%20%20%20%3C%2Fdiv%3E%0A%20%20%20%20%20%20%20%20%20%20%20%20%20%20%20%20%20%20%20%20%20%20%20%20%20%20%20%20%20%20%20%20%20%20%20%20%20%20%20%20%3C%2Fdiv%3E%0A%20%20%20%20%20%20%20%20%20%20%20%20%20%20%20%20%20%20%20%20%20%20%20%20%20%20%20%20%20%20%20%20%20%20%20%20%20%20%20%20%0A%20%20%20%20%20%20%20%20%20%20%20%20%20%20%20%20%20%20%20%20%20%20%20%20%20%20%20%20%20%20%20%20%20%20%20%20%20%20%20%20%3Cdiv%20class%3D%22form-group%22%3E%0A%20%20%20%20%20%20%20%20%20%20%20%20%20%20%20%20%20%20%20%20%20%20%20%20%20%20%20%20%20%20%20%20%20%20%20%20%20%20%20%20%20%20%20%20%3Clabel%3ESelect%20Example%3C%2Flabel%3E%0A%20%20%20%20%20%20%20%20%20%20%20%20%20%20%20%20%20%20%20%20%20%20%20%20%20%20%20%20%20%20%20%20%20%20%20%20%20%20%20%20%20%20%20%20%3Cselect%20class%3D%22form-control%22%3E%0A%20%20%20%20%20%20%20%20%20%20%20%20%20%20%20%20%20%20%20%20%20%20%20%20%20%20%20%20%20%20%20%20%20%20%20%20%20%20%20%20%20%20%20%20%20%20%20%20%3Coption%3EOne%20Vale%3C%2Foption%3E%0A%20%20%20%20%20%20%20%20%20%20%20%20%20%20%20%20%20%20%20%20%20%20%20%20%20%20%20%20%20%20%20%20%20%20%20%20%20%20%20%20%20%20%20%20%20%20%20%20%3Coption%3ETwo%20Vale%3C%2Foption%3E%0A%20%20%20%20%20%20%20%20%20%20%20%20%20%20%20%20%20%20%20%20%20%20%20%20%20%20%20%20%20%20%20%20%20%20%20%20%20%20%20%20%20%20%20%20%20%20%20%20%3Coption%3EThree%20Vale%3C%2Foption%3E%0A%20%20%20%20%20%20%20%20%20%20%20%20%20%20%20%20%20%20%20%20%20%20%20%20%20%20%20%20%20%20%20%20%20%20%20%20%20%20%20%20%20%20%20%20%20%20%20%20%3Coption%3EFour%20Vale%3C%2Foption%3E%0A%20%20%20%20%20%20%20%20%20%20%20%20%20%20%20%20%20%20%20%20%20%20%20%20%20%20%20%20%20%20%20%20%20%20%20%20%20%20%20%20%20%20%20%20%3C%2Fselect%3E%0A%20%20%20%20%20%20%20%20%20%20%20%20%20%20%20%20%20%20%20%20%20%20%20%20%20%20%20%20%20%20%20%20%20%20%20%20%20%20%20%20%3C%2Fdiv%3E%0A%20%20%20%20%20%20%20%20%20%20%20%20%20%20%20%20%20%20%20%20%20%20%20%20%20%20%20%20%20%20%20%20%20%20%20%20%20%20%20%20%3Cdiv%20class%3D%22form-group%22%3E%0A%20%20%20%20%20%20%20%20%20%20%20%20%20%20%20%20%20%20%20%20%20%20%20%20%20%20%20%20%20%20%20%20%20%20%20%20%20%20%20%20%20%20%20%20%3Clabel%3EMultiple%20Select%20Example%3C%2Flabel%3E%0A%20%20%20%20%20%20%20%20%20%20%20%20%20%20%20%20%20%20%20%20%20%20%20%20%20%20%20%20%20%20%20%20%20%20%20%20%20%20%20%20%20%20%20%20%3Cselect%20multiple%20class%3D%22form-control%22%3E%0A%20%20%20%20%20%20%20%20%20%20%20%20%20%20%20%20%20%20%20%20%20%20%20%20%20%20%20%20%20%20%20%20%20%20%20%20%20%20%20%20%20%20%20%20%20%20%20%20%3Coption%3EOne%20Vale%3C%2Foption%3E%0A%20%20%20%20%20%20%20%20%20%20%20%20%20%20%20%20%20%20%20%20%20%20%20%20%20%20%20%20%20%20%20%20%20%20%20%20%20%20%20%20%20%20%20%20%20%20%20%20%3Coption%3ETwo%20Vale%3C%2Foption%3E%0A%20%20%20%20%20%20%20%20%20%20%20%20%20%20%20%20%20%20%20%20%20%20%20%20%20%20%20%20%20%20%20%20%20%20%20%20%20%20%20%20%20%20%20%20%20%20%20%20%3Coption%3EThree%20Vale%3C%2Foption%3E%0A%20%20%20%20%20%20%20%20%20%20%20%20%20%20%20%20%20%20%20%20%20%20%20%20%20%20%20%20%20%20%20%20%20%20%20%20%20%20%20%20%20%20%20%20%20%20%20%20%3Coption%3EFour%20Vale%3C%2Foption%3E%0A%20%20%20%20%20%20%20%20%20%20%20%20%20%20%20%20%20%20%20%20%20%20%20%20%20%20%20%20%20%20%20%20%20%20%20%20%20%20%20%20%20%20%20%20%3C%2Fselect%3E%0A%20%20%20%20%20%20%20%20%20%20%20%20%20%20%20%20%20%20%20%20%20%20%20%20%20%20%20%20%20%20%20%20%20%20%20%20%20%20%20%20%3C%2Fdiv%3E%0A%20%20%20%20%20%20%20%20%20%20%20%20%20%20%20%20%20%20%20%20%20%20%20%20%20%20%20%20%20%20%20%20%20%20%20%20%20%20%20%20%3Cbutton%20type%3D%22submit%22%20class%3D%22btn%20btn-default%22%3ESubmit%20Button%3C%2Fbutton%3E%0A%20%20%20%20%20%20%20%20%20%20%20%20%20%20%20%20%20%20%20%20%20%20%20%20%20%20%20%20%20%20%20%20%20%20%20%20%20%20%20%20%3Cbutton%20type%3D%22reset%22%20class%3D%22btn%20btn-primary%22%3EReset%20Button%3C%2Fbutton%3E%0A%0A%20%20%20%20%20%20%20%20%20%20%20%20%20%20%20%20%20%20%20%20%20%20%20%20%20%20%20%20%20%20%20%20%20%20%20%20%3C%2Fform%3E%0A%20%20%20%20%20%20%20%20%20%20%20%20%20%20%20%20%20%20%20%20%20%20%20%20%20%20%20%20%20%20%20%20%20%20%20%20%3Cbr%20%2F%3E%0A%20%20%20%20%20%20%20%20%20%20%20%20%20%20%20%20%20%20%20%20%20%20%20%20%20%20%20%20%20%20%20%20%20%20%20%20%20%20%3Ch3%3EWith%20radio%20%26%20checkboxes%3C%2Fh3%3E%0A%20%20%20%20%20%20%20%20%20%20%20%20%20%20%20%20%20%20%20%20%20%20%20%20%20%20%20%20%20%20%20%20%20%20%20%20%3Cform%3E%0A%0A%20%20%20%20%3Cdiv%20class%3D%22form-group%20input-group%22%3E%0A%20%20%20%20%20%20%3Cspan%20class%3D%22input-group-addon%22%3E%0A%20%20%20%20%20%20%20%20%3Cinput%20type%3D%22checkbox%22%20%2F%3E%0A%20%20%20%20%20%20%3C%2Fspan%3E%0A%20%20%20%20%20%20%3Cinput%20type%3D%22text%22%20class%3D%22form-control%22%20%2F%3E%0A%20%20%20%20%3C%2Fdiv%3E%0A%20%20%20%20%20%20%20%20%20%20%20%20%20%20%20%20%20%20%20%20%20%20%20%20%20%20%20%20%20%20%20%20%20%20%20%20%20%20%20%20%20%3Cdiv%20class%3D%22form-group%20input-group%22%3E%0A%20%20%20%20%20%20%3Cspan%20class%3D%22input-group-addon%22%3E%0A%20%20%20%20%20%20%20%20%3Cinput%20type%3D%22radio%22%20%2F%3E%0A%20%20%20%20%20%20%3C%2Fspan%3E%0A%20%20%20%20%20%20%3Cinput%20type%3D%22text%22%20class%3D%22form-control%22%20%2F%3E%0A%20%20%20%20%3C%2Fdiv%3E%0A%20%20%20%20%20%20%20%20%20%20%20%20%20%20%20%20%20%20%20%20%20%20%20%20%20%20%20%20%20%20%20%20%20%20%20%20%3C%2Fform%3E%0A%0A%20%20%20%20%20%20%20%20%20%20%20%20%20%20%20%20%20%20%20%20%20%20%20%20%20%20%20%20%20%20%20%20%20%0A%20%20%20%20%3C%2Fdiv%3E%0A%20%20%20%20%20%20%20%20%20%20%20%20%20%20%20%20%20%20%20%20%20%20%20%20%20%20%20%20%20%20%20%20%0A%20%20%20%20%20%20%20%20%20%20%20%20%20%20%20%20%20%20%20%20%20%20%20%20%20%20%20%20%20%20%20%20%3Cdiv%20class%3D%22col-md-6%22%3E%0A%20%20%20%20%20%20%20%20%20%20%20%20%20%20%20%20%20%20%20%20%20%20%20%20%20%20%20%20%20%20%20%20%20%20%20%20%3Ch3%3EDisabled%20Form%20State%20Examples%3C%2Fh3%3E%0A%20%20%20%20%20%20%20%20%20%20%20%20%20%20%20%20%20%20%20%20%20%20%20%20%20%20%20%20%20%20%20%20%20%20%20%20%3Cform%20role%3D%22form%22%3E%0A%20%20%20%20%20%20%20%20%20%20%20%20%20%20%20%20%20%20%20%20%20%20%20%20%20%20%20%20%20%20%20%20%20%20%20%20%20%20%20%20%3Cfieldset%20disabled%3D%22disabled%22%3E%0A%20%20%20%20%20%20%20%20%20%20%20%20%20%20%20%20%20%20%20%20%20%20%20%20%20%20%20%20%20%20%20%20%20%20%20%20%20%20%20%20%20%20%20%20%3Cdiv%20class%3D%22form-group%22%3E%0A%20%20%20%20%20%20%20%20%20%20%20%20%20%20%20%20%20%20%20%20%20%20%20%20%20%20%20%20%20%20%20%20%20%20%20%20%20%20%20%20%20%20%20%20%20%20%20%20%3Clabel%20for%3D%22disabledSelect%22%3EDisabled%20input%3C%2Flabel%3E%0A%20%20%20%20%20%20%20%20%20%20%20%20%20%20%20%20%20%20%20%20%20%20%20%20%20%20%20%20%20%20%20%20%20%20%20%20%20%20%20%20%20%20%20%20%20%20%20%20%3Cinput%20class%3D%22form-control%22%20id%3D%22disabledInput%22%20type%3D%22text%22%20placeholder%3D%22Disabled%20input%22%20disabled%20%2F%3E%0A%20%20%20%20%20%20%20%20%20%20%20%20%20%20%20%20%20%20%20%20%20%20%20%20%20%20%20%20%20%20%20%20%20%20%20%20%20%20%20%20%20%20%20%20%3C%2Fdiv%3E%0A%20%20%20%20%20%20%20%20%20%20%20%20%20%20%20%20%20%20%20%20%20%20%20%20%20%20%20%20%20%20%20%20%20%20%20%20%20%20%20%20%20%20%20%20%3Cdiv%20class%3D%22form-group%22%3E%0A%20%20%20%20%20%20%20%20%20%20%20%20%20%20%20%20%20%20%20%20%20%20%20%20%20%20%20%20%20%20%20%20%20%20%20%20%20%20%20%20%20%20%20%20%20%20%20%20%3Clabel%20for%3D%22disabledSelect%22%3EDisabled%20select%20%3C%2Flabel%3E%0A%20%20%20%20%20%20%20%20%20%20%20%20%20%20%20%20%20%20%20%20%20%20%20%20%20%20%20%20%20%20%20%20%20%20%20%20%20%20%20%20%20%20%20%20%20%20%20%20%3Cselect%20id%3D%22disabledSelect%22%20class%3D%22form-control%22%3E%0A%20%20%20%20%20%20%20%20%20%20%20%20%20%20%20%20%20%20%20%20%20%20%20%20%20%20%20%20%20%20%20%20%20%20%20%20%20%20%20%20%20%20%20%20%20%20%20%20%20%20%20%20%3Coption%3EDisabled%20select%3C%2Foption%3E%0A%20%20%20%20%20%20%20%20%20%20%20%20%20%20%20%20%20%20%20%20%20%20%20%20%20%20%20%20%20%20%20%20%20%20%20%20%20%20%20%20%20%20%20%20%20%20%20%20%3C%2Fselect%3E%0A%20%20%20%20%20%20%20%20%20%20%20%20%20%20%20%20%20%20%20%20%20%20%20%20%20%20%20%20%20%20%20%20%20%20%20%20%20%20%20%20%20%20%20%20%3C%2Fdiv%3E%0A%20%20%20%20%20%20%20%20%20%20%20%20%20%20%20%20%20%20%20%20%20%20%20%20%20%20%20%20%20%20%20%20%20%20%20%20%20%20%20%20%20%20%20%20%3Cdiv%20class%3D%22checkbox%22%3E%0A%20%20%20%20%20%20%20%20%20%20%20%20%20%20%20%20%20%20%20%20%20%20%20%20%20%20%20%20%20%20%20%20%20%20%20%20%20%20%20%20%20%20%20%20%20%20%20%20%3Clabel%3E%0A%20%20%20%20%20%20%20%20%20%20%20%20%20%20%20%20%20%20%20%20%20%20%20%20%20%20%20%20%20%20%20%20%20%20%20%20%20%20%20%20%20%20%20%20%20%20%20%20%20%20%20%20%3Cinput%20type%3D%22checkbox%22%20%2F%3EDisabled%20Checkbox%0A%20%20%20%20%20%20%20%20%20%20%20%20%20%20%20%20%20%20%20%20%20%20%20%20%20%20%20%20%20%20%20%20%20%20%20%20%20%20%20%20%20%20%20%20%20%20%20%20%3C%2Flabel%3E%0A%20%20%20%20%20%20%20%20%20%20%20%20%20%20%20%20%20%20%20%20%20%20%20%20%20%20%20%20%20%20%20%20%20%20%20%20%20%20%20%20%20%20%20%20%3C%2Fdiv%3E%0A%20%20%20%20%20%20%20%20%20%20%20%20%20%20%20%20%20%20%20%20%20%20%20%20%20%20%20%20%20%20%20%20%20%20%20%20%20%20%20%20%20%20%20%20%3Cbutton%20type%3D%22submit%22%20class%3D%22btn%20btn-primary%22%3EDisabled%20Button%3C%2Fbutton%3E%0A%20%20%20%20%20%20%20%20%20%20%20%20%20%20%20%20%20%20%20%20%20%20%20%20%20%20%20%20%20%20%20%20%20%20%20%20%20%20%20%20%3C%2Ffieldset%3E%0A%20%20%20%20%20%20%20%20%20%20%20%20%20%20%20%20%20%20%20%20%20%20%20%20%20%20%20%20%20%20%20%20%20%20%20%20%3C%2Fform%3E%0A%20%20%20%20%20%20%20%20%20%20%20%20%20%20%20%20%20%20%20%20%20%20%20%20%20%20%20%20%20%20%20%20%20%20%20%20%3Ch3%3EValidation%20State%20Examples%3C%2Fh3%3E%0A%20%20%20%20%20%20%20%20%20%20%20%20%20%20%20%20%20%20%20%20%20%20%20%20%20%20%20%20%20%20%20%20%20%20%20%20%3Cform%20role%3D%22form%22%3E%0A%20%20%20%20%20%20%20%20%20%20%20%20%20%20%20%20%20%20%20%20%20%20%20%20%20%20%20%20%20%20%20%20%20%20%20%20%20%20%20%20%3Cdiv%20class%3D%22form-group%20has-success%22%3E%0A%20%20%20%20%20%20%20%20%20%20%20%20%20%20%20%20%20%20%20%20%20%20%20%20%20%20%20%20%20%20%20%20%20%20%20%20%20%20%20%20%20%20%20%20%3Clabel%20class%3D%22control-label%22%20for%3D%22inputSuccess%22%3EInput%20with%20success%3C%2Flabel%3E%0A%20%20%20%20%20%20%20%20%20%20%20%20%20%20%20%20%20%20%20%20%20%20%20%20%20%20%20%20%20%20%20%20%20%20%20%20%20%20%20%20%20%20%20%20%3Cinput%20type%3D%22text%22%20class%3D%22form-control%22%20id%3D%22inputSuccess%22%3E%0A%20%20%20%20%20%20%20%20%20%20%20%20%20%20%20%20%20%20%20%20%20%20%20%20%20%20%20%20%20%20%20%20%20%20%20%20%20%20%20%20%3C%2Fdiv%3E%0A%20%20%20%20%20%20%20%20%20%20%20%20%20%20%20%20%20%20%20%20%20%20%20%20%20%20%20%20%20%20%20%20%20%20%20%20%20%20%20%20%3Cdiv%20class%3D%22form-group%20has-warning%22%3E%0A%20%20%20%20%20%20%20%20%20%20%20%20%20%20%20%20%20%20%20%20%20%20%20%20%20%20%20%20%20%20%20%20%20%20%20%20%20%20%20%20%20%20%20%20%3Clabel%20class%3D%22control-label%22%20for%3D%22inputWarning%22%3EInput%20with%20warning%3C%2Flabel%3E%0A%20%20%20%20%20%20%20%20%20%20%20%20%20%20%20%20%20%20%20%20%20%20%20%20%20%20%20%20%20%20%20%20%20%20%20%20%20%20%20%20%20%20%20%20%3Cinput%20type%3D%22text%22%20class%3D%22form-control%22%20id%3D%22inputWarning%22%3E%0A%20%20%20%20%20%20%20%20%20%20%20%20%20%20%20%20%20%20%20%20%20%20%20%20%20%20%20%20%20%20%20%20%20%20%20%20%20%20%20%20%3C%2Fdiv%3E%0A%20%20%20%20%20%20%20%20%20%20%20%20%20%20%20%20%20%20%20%20%20%20%20%20%20%20%20%20%20%20%20%20%20%20%20%20%20%20%20%20%3Cdiv%20class%3D%22form-group%20has-error%22%3E%0A%20%20%20%20%20%20%20%20%20%20%20%20%20%20%20%20%20%20%20%20%20%20%20%20%20%20%20%20%20%20%20%20%20%20%20%20%20%20%20%20%20%20%20%20%3Clabel%20class%3D%22control-label%22%20for%3D%22inputError%22%3EInput%20with%20error%3C%2Flabel%3E%0A%20%20%20%20%20%20%20%20%20%20%20%20%20%20%20%20%20%20%20%20%20%20%20%20%20%20%20%20%20%20%20%20%20%20%20%20%20%20%20%20%20%20%20%20%3Cinput%20type%3D%22text%22%20class%3D%22form-control%22%20id%3D%22inputError%22%3E%0A%20%20%20%20%20%20%20%20%20%20%20%20%20%20%20%20%20%20%20%20%20%20%20%20%20%20%20%20%20%20%20%20%20%20%20%20%20%20%20%20%3C%2Fdiv%3E%0A%20%20%20%20%20%20%20%20%20%20%20%20%20%20%20%20%20%20%20%20%20%20%20%20%20%20%20%20%20%20%20%20%20%20%20%20%3C%2Fform%3E%0A%20%20%20%20%20%20%20%20%20%20%20%20%20%20%20%20%20%20%20%20%20%20%20%20%20%20%20%20%20%20%20%20%20%20%20%20%3Ch3%3EInput%20Group%20Examples%3C%2Fh3%3E%0A%20%20%20%20%20%20%20%20%20%20%20%20%20%20%20%20%20%20%20%20%20%20%20%20%20%20%20%20%20%20%20%20%20%20%20%20%3Cform%20role%3D%22form%22%3E%0A%20%20%20%20%20%20%20%20%20%20%20%20%20%20%20%20%20%20%20%20%20%20%20%20%20%20%20%20%20%20%20%20%20%20%20%20%20%20%20%20%3Cdiv%20class%3D%22form-group%20input-group%22%3E%0A%20%20%20%20%20%20%20%20%20%20%20%20%20%20%20%20%20%20%20%20%20%20%20%20%20%20%20%20%20%20%20%20%20%20%20%20%20%20%20%20%20%20%20%20%3Cspan%20class%3D%22input-group-addon%22%3E%40%3C%2Fspan%3E%0A%20%20%20%20%20%20%20%20%20%20%20%20%20%20%20%20%20%20%20%20%20%20%20%20%20%20%20%20%20%20%20%20%20%20%20%20%20%20%20%20%20%20%20%20%3Cinput%20type%3D%22text%22%20class%3D%22form-control%22%20placeholder%3D%22Username%22%3E%0A%20%20%20%20%20%20%20%20%20%20%20%20%20%20%20%20%20%20%20%20%20%20%20%20%20%20%20%20%20%20%20%20%20%20%20%20%20%20%20%20%3C%2Fdiv%3E%0A%20%20%20%20%20%20%20%20%20%20%20%20%20%20%20%20%20%20%20%20%20%20%20%20%20%20%20%20%20%20%20%20%20%20%20%20%20%20%20%20%3Cdiv%20class%3D%22form-group%20input-group%22%3E%0A%20%20%20%20%20%20%20%20%20%20%20%20%20%20%20%20%20%20%20%20%20%20%20%20%20%20%20%20%20%20%20%20%20%20%20%20%20%20%20%20%20%20%20%20%3Cinput%20type%3D%22text%22%20class%3D%22form-control%22%3E%0A%20%20%20%20%20%20%20%20%20%20%20%20%20%20%20%20%20%20%20%20%20%20%20%20%20%20%20%20%20%20%20%20%20%20%20%20%20%20%20%20%20%20%20%20%3Cspan%20class%3D%22input-group-addon%22%3E.00%3C%2Fspan%3E%0A%20%20%20%20%20%20%20%20%20%20%20%20%20%20%20%20%20%20%20%20%20%20%20%20%20%20%20%20%20%20%20%20%20%20%20%20%20%20%20%20%3C%2Fdiv%3E%0A%20%20%20%20%20%20%20%20%20%20%20%20%20%20%20%20%20%20%20%20%20%20%20%20%20%20%20%20%20%20%20%20%20%20%20%20%20%20%20%20%3Cdiv%20class%3D%22form-group%20input-group%22%3E%0A%20%20%20%20%20%20%20%20%20%20%20%20%20%20%20%20%20%20%20%20%20%20%20%20%20%20%20%20%20%20%20%20%20%20%20%20%20%20%20%20%20%20%20%20%3Cspan%20class%3D%22input-group-addon%22%3E%3Ci%20class%3D%22fa%20fa-eur%22%3E%3C%2Fi%3E%0A%20%20%20%20%20%20%20%20%20%20%20%20%20%20%20%20%20%20%20%20%20%20%20%20%20%20%20%20%20%20%20%20%20%20%20%20%20%20%20%20%20%20%20%20%3C%2Fspan%3E%0A%20%20%20%20%20%20%20%20%20%20%20%20%20%20%20%20%20%20%20%20%20%20%20%20%20%20%20%20%20%20%20%20%20%20%20%20%20%20%20%20%20%20%20%20%3Cinput%20type%3D%22text%22%20class%3D%22form-control%22%20placeholder%3D%22Font%20Awesome%20Icon%22%3E%0A%20%20%20%20%20%20%20%20%20%20%20%20%20%20%20%20%20%20%20%20%20%20%20%20%20%20%20%20%20%20%20%20%20%20%20%20%20%20%20%20%3C%2Fdiv%3E%0A%20%20%20%20%20%20%20%20%20%20%20%20%20%20%20%20%20%20%20%20%20%20%20%20%20%20%20%20%20%20%20%20%20%20%20%20%20%20%20%20%3Cdiv%20class%3D%22form-group%20input-group%22%3E%0A%20%20%20%20%20%20%20%20%20%20%20%20%20%20%20%20%20%20%20%20%20%20%20%20%20%20%20%20%20%20%20%20%20%20%20%20%20%20%20%20%20%20%20%20%3Cspan%20class%3D%22input-group-addon%22%3E%24%3C%2Fspan%3E%0A%20%20%20%20%20%20%20%20%20%20%20%20%20%20%20%20%20%20%20%20%20%20%20%20%20%20%20%20%20%20%20%20%20%20%20%20%20%20%20%20%20%20%20%20%3Cinput%20type%3D%22text%22%20class%3D%22form-control%22%3E%0A%20%20%20%20%20%20%20%20%20%20%20%20%20%20%20%20%20%20%20%20%20%20%20%20%20%20%20%20%20%20%20%20%20%20%20%20%20%20%20%20%20%20%20%20%3Cspan%20class%3D%22input-group-addon%22%3E.00%3C%2Fspan%3E%0A%20%20%20%20%20%20%20%20%20%20%20%20%20%20%20%20%20%20%20%20%20%20%20%20%20%20%20%20%20%20%20%20%20%20%20%20%20%20%20%20%3C%2Fdiv%3E%0A%20%20%20%20%20%20%20%20%20%20%20%20%20%20%20%20%20%20%20%20%20%20%20%20%20%20%20%20%20%20%20%20%20%20%20%20%20%20%20%20%3Cdiv%20class%3D%22form-group%20input-group%22%3E%0A%20%20%20%20%20%20%20%20%20%20%20%20%20%20%20%20%20%20%20%20%20%20%20%20%20%20%20%20%20%20%20%20%20%20%20%20%20%20%20%20%20%20%20%20%3Cinput%20type%3D%22text%22%20class%3D%22form-control%22%3E%0A%20%20%20%20%20%20%20%20%20%20%20%20%20%20%20%20%20%20%20%20%20%20%20%20%20%20%20%20%20%20%20%20%20%20%20%20%20%20%20%20%20%20%20%20%3Cspan%20class%3D%22input-group-btn%22%3E%0A%20%20%20%20%20%20%20%20%20%20%20%20%20%20%20%20%20%20%20%20%20%20%20%20%20%20%20%20%20%20%20%20%20%20%20%20%20%20%20%20%20%20%20%20%20%20%20%20%3Cbutton%20class%3D%22btn%20btn-default%22%20type%3D%22button%22%3E%3Ci%20class%3D%22fa%20fa-search%22%3E%3C%2Fi%3E%0A%20%20%20%20%20%20%20%20%20%20%20%20%20%20%20%20%20%20%20%20%20%20%20%20%20%20%20%20%20%20%20%20%20%20%20%20%20%20%20%20%20%20%20%20%20%20%20%20%3C%2Fbutton%3E%0A%20%20%20%20%20%20%20%20%20%20%20%20%20%20%20%20%20%20%20%20%20%20%20%20%20%20%20%20%20%20%20%20%20%20%20%20%20%20%20%20%20%20%20%20%3C%2Fspan%3E%0A%20%20%20%20%20%20%20%20%20%20%20%20%20%20%20%20%20%20%20%20%20%20%20%20%20%20%20%20%20%20%20%20%20%20%20%20%20%20%20%20%3C%2Fdiv%3E%0A%20%20%20%20%20%20%20%20%20%20%20%20%20%20%20%20%20%20%20%20%20%20%20%20%20%20%20%20%20%20%20%20%20%20%20%20%3C%2Fform%3E%0A%20%20%20%20%20%20%20%20%20%20%20%20%20%20%20%20%20%20%20%20%20%20%20%20%20%20%20%20%20%20%20%20%20%20%20%20%3Ch3%3EDifferent%20Size%20Input%20Groups%3C%2Fh3%3E%0A%20%20%20%20%20%20%20%20%20%20%20%20%20%20%20%20%20%20%20%20%20%20%20%20%20%20%20%20%20%20%20%20%20%20%20%20%20%3Cform%20role%3D%22form%22%3E%0A%20%20%3Cdiv%20class%3D%22%20form-group%20input-group%20input-group-lg%22%3E%0A%20%20%3Cspan%20class%3D%22input-group-addon%22%3E%40%3C%2Fspan%3E%0A%20%20%3Cinput%20type%3D%22text%22%20class%3D%22form-control%22%20placeholder%3D%22Username%22%20%2F%3E%0A%3C%2Fdiv%3E%0A%0A%3Cdiv%20class%3D%22form-group%20input-group%22%3E%0A%20%20%3Cspan%20class%3D%22input-group-addon%22%3E%40%3C%2Fspan%3E%0A%20%20%3Cinput%20type%3D%22text%22%20class%3D%22form-control%22%20placeholder%3D%22Username%22%20%2F%3E%0A%3C%2Fdiv%3E%0A%0A%3Cdiv%20class%3D%22form-group%20input-group%20input-group-sm%22%3E%0A%20%20%3Cspan%20class%3D%22input-group-addon%22%3E%40%3C%2Fspan%3E%0A%20%20%3Cinput%20type%3D%22text%22%20class%3D%22form-control%22%20placeholder%3D%22Username%22%20%2F%3E%0A%3C%2Fdiv%3E%0A%20%20%20%20%20%20%20%20%20%20%20%20%20%20%20%20%20%20%20%20%20%20%20%20%20%20%20%20%20%20%20%20%20%20%20%20%20%20%20%20%20%0A%20%20%20%20%20%20%20%20%20%20%20%20%20%20%20%20%20%20%20%20%20%20%20%20%20%20%20%20%20%20%20%20%20%20%20%20%20%3C%2Fform%3E%0A%20%20%20%20%20%20%20%20%20%20%20%20%20%20%20%20%20%20%20%20%20%20%20%20%20%20%20%20%20%20%20%20%20%20%20%20%3Ch3%3EDifferent%20Size%20Input%20Groups%3C%2Fh3%3E%0A%20%20%20%20%20%20%20%20%20%20%20%20%20%20%20%20%20%20%20%20%20%20%20%20%20%20%20%20%20%20%20%20%20%20%20%20%20%3Cform%20role%3D%22form%22%3E%0A%20%20%20%20%20%20%20%20%20%20%20%20%20%20%20%20%20%20%20%20%20%20%20%20%20%20%20%20%20%20%20%20%20%20%3Cdiv%20class%3D%22input-group%22%3E%0A%20%20%20%20%20%20%3Cspan%20class%3D%22form-group%20input-group-btn%22%3E%0A%20%20%20%20%20%20%20%20%3Cbutton%20class%3D%22btn%20btn-default%22%20type%3D%22button%22%3EGo!%3C%2Fbutton%3E%0A%20%20%20%20%20%20%3C%2Fspan%3E%0A%20%20%20%20%20%20%3Cinput%20type%3D%22text%22%20class%3D%22form-control%22%20%2F%3E%0A%20%20%20%20%3C%2Fdiv%3E%0A%3Cbr%20%2F%3E%0A%20%20%20%20%20%20%20%20%20%20%20%20%20%20%20%20%20%20%20%20%20%20%20%20%20%20%20%20%20%20%20%20%20%20%20%20%20%20%20%20%20%20%20%3Cdiv%20class%3D%22input-group%22%3E%0A%20%20%20%20%20%0A%20%20%20%20%20%20%3Cinput%20type%3D%22text%22%20class%3D%22form-control%22%20%2F%3E%0A%20%20%20%20%20%20%20%20%20%20%20%20%20%20%20%20%20%20%20%20%20%20%20%20%20%20%20%20%20%20%20%20%20%20%20%20%20%20%20%20%20%20%20%20%20%20%20%20%3Cspan%20class%3D%22form-group%20input-group-btn%22%3E%0A%20%20%20%20%20%20%20%20%3Cbutton%20class%3D%22btn%20btn-default%22%20type%3D%22button%22%3EGo!%3C%2Fbutton%3E%0A%20%20%20%20%20%20%3C%2Fspan%3E%0A%20%20%20%20%3C%2Fdiv%3E%0A%20%20%20%20%20%20%20%20%20%20%20%20%20%20%20%20%20%20%20%20%20%20%20%20%20%20%20%20%20%20%20%20%20%20%20%20%20%20%20%20%20%3C%2Fform%3E%0A%20%20%20%20%20%20%20%20%20%20%20%20%20%20%20%20%20%20%20%20%20%20%20%20%20%20%20%20%20%20%20%20%3C%2Fdiv%3E%0A%20%20%20%20%20%20%20%20%20%20%20%20%20%20%20%20%20%20%20%20%20%20%20%20%20%20%20%20%3C%2Fdiv%3E%0A%20%20%20%20%20%20%20%20%20%20%20%20%20%20%20%20%20%20%20%20%20%20%20%20%3C%2Fdiv%3E%0A%20%20%20%20%20%20%20%20%20%20%20%20%20%20%20%20%20%20%20%20%3C%2Fdiv%3E%0A%20%20%20%20%20%20%20%20%20%20%20%20%20%20%20%20%20%20%20%20%20%3C!--%20End%20Form%20Elements%20--%3E%0A%20%20%20%20%20%20%20%20%20%20%20%20%20%20%20%20%3C%2Fdiv%3E%0A%20%20%20%20%20%20%20%20%20%20%20%20%3C%2Fdiv%3E%0A%20%20%20%20%20%20%20%20%20%20%20%20%20%20%20%20%3C!--%20%2F.%20ROW%20%20--%3E%0A%20%20%20%20%20%20%20%20%20%20%20%20%20%20%20%20%3Cdiv%20class%3D%22row%22%3E%0A%20%20%20%20%20%20%20%20%20%20%20%20%20%20%20%20%20%20%20%20%3Cdiv%20class%3D%22col-md-12%22%3E%0A%20%20%20%20%20%20%20%20%20%20%20%20%20%20%20%20%20%20%20%20%20%20%20%20%3Ch3%3EMore%20Customization%3C%2Fh3%3E%0A%20%20%20%20%20%20%20%20%20%20%20%20%20%20%20%20%20%20%20%20%20%20%20%20%20%3Cp%3E%0A%20%20%20%20%20%20%20%20%20%20%20%20%20%20%20%20%20%20%20%20%20%20%20%20For%20more%20customization%20for%20this%20template%20or%20its%20components%20please%20visit%20official%20bootstrap%20website%20i.e%20getbootstrap.com%20or%20%3Ca%20href%3D%22http%3A%2F%2Fgetbootstrap.com%2Fcomponents%2F%22%20target%3D%22_blank%22%3Eclick%20here%3C%2Fa%3E%20.%20We%20hope%20you%20will%20enjoy%20our%20template.%20This%20template%20is%20easy%20to%20use%2C%20light%20weight%20and%20made%20with%20love%20by%20binarycart.com%20%0A%20%20%20%20%20%20%20%20%20%20%20%20%20%20%20%20%20%20%20%20%20%20%20%20%3C%2Fp%3E%0A%20%20%20%20%20%20%20%20%20%20%20%20%20%20%20%20%20%20%20%20%3C%2Fdiv%3E%0A%20%20%20%20%20%20%20%20%20%20%20%20%20%20%20%20%3C%2Fdiv%3E%0A%20%20%20%20%20%20%20%20%20%20%20%20%20%20%20%20%3C!--%20%2F.%20ROW%20%20--%3E%0A%20%20%20%20%3C%2Fdiv%3E%0A',0);
INSERT INTO `page-blocks` VALUES  (47435,46837,'htmltext_write','formatFieldHtmltext','fieldname=testhtmltextwrite&toread=0&towrite=1&value&required=1&readonly=0&system=0&multivalued=0&default=htmltext&label=Htmltext&help=A HTML text field',0),
 (47436,46837,'htmltext_read','formatFieldHtmltext','fieldname=testhtmltextread&toread=1&towrite=0&value&required=1&readonly=0&system=0&multivalued=0&value=htmltext&label=Htmltext&help=A HTML text field',0),
 (50169,0,'footCopy','echoHTML','html=%3Cscript%3E%0A%20%20(function(i%2Cs%2Co%2Cg%2Cr%2Ca%2Cm)%7Bi%5B%27GoogleAnalyticsObject%27%5D%3Dr%3Bi%5Br%5D%3Di%5Br%5D%7C%7Cfunction()%7B%0A%20%20(i%5Br%5D.q%3Di%5Br%5D.q%7C%7C%5B%5D).push(arguments)%7D%2Ci%5Br%5D.l%3D1*new%20Date()%3Ba%3Ds.createElement(o)%2C%0A%20%20m%3Ds.getElementsByTagName(o)%5B0%5D%3Ba.async%3D1%3Ba.src%3Dg%3Bm.parentNode.insertBefore(a%2Cm)%0A%20%20%7D)(window%2Cdocument%2C%27script%27%2C%27%2F%2Fwww.google-analytics.com%2Fanalytics.js%27%2C%27ga%27)%3B%0A%0A%20%20ga(%27create%27%2C%20%27UA-62530992-1%27%2C%20%27auto%27)%3B%0A%20%20ga(%27send%27%2C%20%27pageview%27)%3B%0A%0A%3C%2Fscript%3E',10),
 (51806,1,'header_content','echoHTML','html=%3Cscript%3E%0A%24(function%20()%20%7B%0A%20%20%20%20%22use%20strict%22%3B%0A%09function%20doScroll()%20%7B%0A%20%20%20%20%20%20%20%20var%20yPos%20%3D%20-(%24(window).scrollTop()%20%2F%20%24bgobj.data(%27speed%27))%3B%0A%20%20%20%20%20%20%20%20%2F%2F%20Put%20together%20our%20final%20background%20position%0A%20%20%20%20%20%20%20%20var%20coords%20%3D%20%27100%25%20%27%20%2B%20yPos%20%2B%20%27px%27%3B%0A%20%20%20%20%20%20%20%20%2F%2F%20Move%20the%20background%0A%20%20%20%20%20%20%20%20%24bgobj.css(%7B%20backgroundPosition%3A%20coords%20%7D)%3B%0A%09%7D%0A%20%20%20%20var%20%24bgobj%20%3D%20%24(%22.ha-bg-parallax%22)%3B%20%2F%2F%20assigning%20the%20object%0A%20%20%20%20%24(window).on(%22scroll%22%2C%20doScroll)%3B%0A%09%24(%27div.product-chooser%27).not(%27.disabled%27).find(%27div.product-chooser-item%27).on(%27click%27%2C%20function()%7B%0A%09%09%24(this).parent().parent().find(%27div.product-chooser-item%27).removeClass(%27selected%27)%3B%0A%09%09%24(this).addClass(%27selected%27)%3B%0A%09%09%24(this).find(%27input%5Btype%3D%22radio%22%5D%27).prop(%22checked%22%2C%20true)%3B%09%0A%09%7D)%3B%0A%09doScroll()%3B%0A%7D)%3B%0A%3C%2Fscript%3E%0A%3Cstyle%3E%0A%23header_content%20%7B%0A%09padding%3A%200%3B%0A%09margin-top%3A%20-10px%3B%0A%7D%0A%0A.ha-content%20%7B%0A%20%20padding-top%3A%2030px%3B%0A%20%20padding-bottom%3A%2030px%3B%0A%7D%0A%0A%20.ha-bg-parallax%20%7B%0A%20%20%20%20background%3A%20url(%27etc%2Ftemplates%2Fpharinix%2Fbird-7.jpg%27)%2050%25%20-195px%20no-repeat%20fixed%3B%0A%20%20%20%20-moz-background-size%3A%20cover%3B%0A%20%20%20%20-o-background-size%3A%20cover%3B%0A%20%20%20%20-webkit-background-size%3A%20cover%3B%0A%20%20%20%20background-size%3A%20cover%3B%0A%20%20%20%20height%3A%20300px%3B%0A%20%20%20%20margin%3A%200%20auto%3B%0A%20%20%20%20width%3A%20100%25%3B%0A%20%20%20%20display%3A%20table%3B%0A%20%20%20%20vertical-align%3A%20middle%3B%0A%7D%0A.ha-bg-parallax%20.ha-parallax-body%20%7B%0A%20%20%20%20display%3A%20table-cell%3B%0A%20%20%20%20vertical-align%3A%20middle%3B%0A%7D%0A.ha-bg-parallax%20.ha-content-whitecolor%20%7B%0A%20%20%20%20font-size%3A%2017px%3B%0A%20%20%20%20color%3A%20%23ffffff%3B%0A%20%20%20%20width%3A%2045%25%3B%0A%20%20%20%20margin%3A%20auto%3B%0A%7D%0A.ha-bg-parallax%20.ha-diamond-divider-md%20%7B%0A%20%20%20%20margin%3A%2015px%200px%3B%0A%7D%0A.ha-bg-parallax%20.ha-heading-parallax%20%7B%0A%20%20%20%20font-style%3A%20italic%3B%0A%20%20%20%20font-weight%3A%20bold%3B%0A%20%20%20%20text-transform%3A%20none%3B%0A%20%20%20%20color%3A%20%23ffffff%3B%0A%20%20%20%20padding-bottom%3A%200px%3B%0A%7D%0Adiv.clear%7B%0A%20%20%20%20clear%3A%20both%3B%0A%7D%0Adiv.product-chooser%7B%0A%7D%0A%20%20%20%20div.product-chooser.disabled%20div.product-chooser-item%0A%20%20%20%20%7B%0A%09%09zoom%3A%201%3B%0A%09%09filter%3A%20alpha(opacity%3D60)%3B%0A%09%09opacity%3A%200.6%3B%0A%09%09cursor%3A%20default%3B%0A%09%7D%0A%09div.product-chooser%20div.product-chooser-item%7B%0A%09%09padding%3A%2011px%3B%0A%09%09border-radius%3A%206px%3B%0A%09%09cursor%3A%20pointer%3B%0A%09%09position%3A%20relative%3B%0A%09%09border%3A%201px%20solid%20%23efefef%3B%0A%09%09margin-bottom%3A%2010px%3B%0A%20%20%20%20%20%20%20%20margin-left%3A%2010px%3B%0A%20%20%20%20%20%20%20%20margin-right%3A%2010x%3B%0A%09%7D%0A%09div.product-chooser%20div.product-chooser-item.selected%7B%0A%09%09border%3A%204px%20solid%20%23428bca%3B%0A%09%09background%3A%20%23efefef%3B%0A%09%09padding%3A%208px%3B%0A%09%09filter%3A%20alpha(opacity%3D100)%3B%0A%09%09opacity%3A%201%3B%0A%09%7D%0A%09%09div.product-chooser%20div.product-chooser-item%20img%7B%0A%09%09%09padding%3A%200%3B%0A%09%09%7D%0A%09%09div.product-chooser%20div.product-chooser-item%20span.title%7B%0A%09%09%09display%3A%20block%3B%0A%09%09%09margin%3A%2010px%200%205px%200%3B%0A%09%09%09font-weight%3A%20bold%3B%0A%09%09%09font-size%3A%2012px%3B%0A%09%09%7D%0A%09%09div.product-chooser%20div.product-chooser-item%20span.description%7B%0A%09%09%09font-size%3A%2012px%3B%0A%09%09%7D%0A%09%09div.product-chooser%20div.product-chooser-item%20input%7B%0A%09%09%09position%3A%20absolute%3B%0A%09%09%09left%3A%200%3B%0A%09%09%09top%3A%200%3B%0A%09%09%09visibility%3Ahidden%3B%0A%09%09%7D%0A%3C%2Fstyle%3E%0A%20%3Cdiv%3E%0A%09%3Cdiv%20class%3D%22ha-bg-parallax%20text-center%20block-marginb-none%22%20data-type%3D%22background%22%20data-speed%3D%2220%22%3E%0A%09%3Cdiv%20class%3D%22ha-parallax-body%22%3E%0A%09%3Cdiv%20class%3D%22ha-content%20ha-content-whitecolor%22%3E%0A%20%20%20%20%20%20%20%20%20%20%20%20%20%20%20%20%3Ch1%3EWelcome%20to%20Pharinix!%3C%2Fh1%3E%0A%20%20%3Cp%3EPharinix%20is%20a%20light%20weight%20framework%20with%20many%20interesting%20features.%20Data%20model%20with%20unix%20like%20security%2C%20configurable%20with%20it%20self%2C%20URL%20rewrite%20and%20mapping%2C%20etc...%20it%27s%20the%20perfect%20backend%20to%20your%20application.%3C%2Fp%3E%0A%20%20%3Cp%3EPlease%20help%20me%20adding%20issues%20to%20the%20GitHub%20proyect.%3C%2Fp%3E%0A%20%20%3Cp%3EThanks%20by%20try%20Pharinix%3C%2Fp%3E%0A%20%20%3Cp%3E%3Ca%20class%3D%22btn%20btn-primary%20btn-lg%22%20role%3D%22button%22%20href%3D%22https%3A%2F%2Fgithub.com%2FPSF1%2Fpharinix%22%20target%3D%22_blank%22%3ESee%20more%3C%2Fa%3E%3C%2Fp%3E%0A%20%20%3Cp%3EStart%20playing%20with%20Pharinix%2C%20below%20this%20block%20has%20the%20console%20to%20execute%20commands...%3C%2Fp%3E%0A%20%20%20%20%20%20%20%20%20%20%20%20%3C%2Fdiv%3E%0A%20%20%20%20%20%20%20%20%20%20%20%20%3Cdiv%20class%3D%22ha-parallax-divider-wrapper%22%3E%0A%20%20%20%20%20%20%20%20%20%20%20%20%20%20%20%20%3Cspan%20class%3D%22ha-diamond-divider-md%20img-responsive%22%3E%3C%2Fspan%3E%0A%20%20%20%20%20%20%20%20%20%20%20%20%3C%2Fdiv%3E%0A%3C%2Fdiv%3E',0),
 (107559,3191,'content','rewriteContext','html=1',10),
 (108070,107979,'colRight','nodeList','nodetype=$type&where=group_owner%3D%27$group_owner%27',0),
 (108071,107979,'colRight','echo','nodetype=$type&where=group_owner%3D%27$group_owner%27',10),
 (108072,107979,'colRight','rewriteContext','html=1',20),
 (103111,0,'mainMenu','mnuRenderHead','menu=main',0),
 (74489,1,'colRight','psiBlock','',10);
CREATE TABLE `pages` (
  `id` int(10) unsigned NOT NULL AUTO_INCREMENT,
  `name` varchar(250) NOT NULL,
  `template` varchar(250) NOT NULL,
  `title` varchar(250) NOT NULL,
  `description` longtext NOT NULL,
  `keys` longtext NOT NULL,
  PRIMARY KEY (`id`)
) ENGINE=MyISAM AUTO_INCREMENT=107980 DEFAULT CHARSET=latin1;
INSERT INTO `pages` VALUES  (1,'home','etc/templates/pages/two_row_two_column.xml','Home','',''),
 (4,'help/command','etc/templates/pages/default.xml','Command\'s help','',''),
 (3,'404','etc/templates/pages/default.xml','Page not found','',''),
 (10,'template/editor','etc/templates/pages/default.xml','Template editor','',''),
 (11,'help/icons','etc/templates/pages/default.xml','Icons list','',''),
 (3191,'node_type_mapped','etc/templates/pages/default.xml','$type node type','',''),
 (3469,'node_type_node_mapped','etc/templates/pages/default.xml','Node $id of $type','',''),
 (47385,'help/forms','etc/templates/pages/default.xml','Forms','',''),
 (47384,'help/ui','etc/templates/pages/default.xml','UI Elements','',''),
 (46837,'help/formatters','etc/templates/pages/formatter.xml','Formatters gallery','',''),
 (47383,'tab_panel','etc/templates/pages/default.xml','Tabs ','',''),
 (69246,'help/console','etc/templates/pages/two_column.xml','Console','',''),
 (107979,'node_list_mapped','etc/templates/pages/two_column.xml','$type list','','');
CREATE TABLE `url_rewrite` (
  `id` int(10) unsigned NOT NULL AUTO_INCREMENT,
  `url` longtext,
  `rewriteto` longtext,
  `type` varchar(1) NOT NULL DEFAULT 'r',
  `priority` int(10) unsigned NOT NULL DEFAULT '0',
  PRIMARY KEY (`id`),
  KEY `url` (`url`(250))
) ENGINE=MyISAM AUTO_INCREMENT=52527 DEFAULT CHARSET=latin1;
INSERT INTO `url_rewrite` VALUES  (1,'home','command=pageToHTML&page=home','r',0),
 (3,'help/command','command=pageToHTML&page=help/command','r',0),
 (13,'template/editor','command=pageToHTML&page=template/editor','r',0),
 (14,'help/icons','command=pageToHTML&page=help/icons','r',0),
 (47493,'help/ui_elements','command=pageToHTML&page=help/ui','r',0),
 (47494,'help/forms','command=pageToHTML&page=help/forms','r',0),
 (46945,'help/console','command=pageToHTML&page=help/console','r',0),
 (46944,'help/formatters','command=pageToHTML&page=help/formatters','r',0),
 (52523,'node/$type','command=pageToHTML&page=node_list_mapped','m',0),
 (47492,'help/tabs_panels','command=pageToHTML&page=tab_panel','r',0),
 (51324,'node/$type/$id','command=pageToHTML&page=node_type_node_mapped','m',0),
 (51873,'node/type/$type','command=pageToHTML&page=node_type_mapped','m',10),
 (51326,'node/$type/$id/json','command=getNode&nodetype=$type&node=$id&interface=echoJson','m',0);



/*!40101 SET SQL_MODE=@OLD_SQL_MODE */;
/*!40014 SET FOREIGN_KEY_CHECKS=@OLD_FOREIGN_KEY_CHECKS */;
/*!40014 SET UNIQUE_CHECKS=@OLD_UNIQUE_CHECKS */;
/*!40101 SET CHARACTER_SET_CLIENT=@OLD_CHARACTER_SET_CLIENT */;
/*!40101 SET CHARACTER_SET_RESULTS=@OLD_CHARACTER_SET_RESULTS */;
/*!40101 SET COLLATION_CONNECTION=@OLD_COLLATION_CONNECTION */;
/*!40101 SET CHARACTER_SET_CLIENT=@OLD_CHARACTER_SET_CLIENT */;
